
13. Printing statistics.

=== addr_decode$croc_chip.i_croc_soc.i_croc.i_addr_decode_periphs ===

   Number of wires:                  7
   Number of wire bits:            617
   Number of public wires:           7
   Number of public wire bits:     617
   Number of ports:                  7
   Number of port bits:            617
   Number of memories:               0
   Number of memory bits:            0
   Number of processes:              0
   Number of cells:                  1
     addr_decode_dync$croc_chip.i_croc_soc.i_croc.i_addr_decode_periphs.i_addr_decode_dync      1

=== addr_decode$croc_chip.i_croc_soc.i_croc.i_main_xbar.gen_demux[0].i_addr_decode ===

   Number of wires:                  7
   Number of wire bits:            521
   Number of public wires:           7
   Number of public wire bits:     521
   Number of ports:                  7
   Number of port bits:            521
   Number of memories:               0
   Number of memory bits:            0
   Number of processes:              0
   Number of cells:                  1
     addr_decode_dync$croc_chip.i_croc_soc.i_croc.i_main_xbar.gen_demux[0].i_addr_decode.i_addr_decode_dync      1

=== addr_decode$croc_chip.i_croc_soc.i_croc.i_main_xbar.gen_demux[1].i_addr_decode ===

   Number of wires:                  7
   Number of wire bits:            521
   Number of public wires:           7
   Number of public wire bits:     521
   Number of ports:                  7
   Number of port bits:            521
   Number of memories:               0
   Number of memory bits:            0
   Number of processes:              0
   Number of cells:                  1
     addr_decode_dync$croc_chip.i_croc_soc.i_croc.i_main_xbar.gen_demux[1].i_addr_decode.i_addr_decode_dync      1

=== addr_decode$croc_chip.i_croc_soc.i_croc.i_main_xbar.gen_demux[2].i_addr_decode ===

   Number of wires:                  7
   Number of wire bits:            521
   Number of public wires:           7
   Number of public wire bits:     521
   Number of ports:                  7
   Number of port bits:            521
   Number of memories:               0
   Number of memory bits:            0
   Number of processes:              0
   Number of cells:                  1
     addr_decode_dync$croc_chip.i_croc_soc.i_croc.i_main_xbar.gen_demux[2].i_addr_decode.i_addr_decode_dync      1

=== addr_decode$croc_chip.i_croc_soc.i_croc.i_main_xbar.gen_demux[3].i_addr_decode ===

   Number of wires:                  7
   Number of wire bits:            521
   Number of public wires:           7
   Number of public wire bits:     521
   Number of ports:                  7
   Number of port bits:            521
   Number of memories:               0
   Number of memory bits:            0
   Number of processes:              0
   Number of cells:                  1
     addr_decode_dync$croc_chip.i_croc_soc.i_croc.i_main_xbar.gen_demux[3].i_addr_decode.i_addr_decode_dync      1

=== addr_decode$croc_chip.i_croc_soc.i_croc.i_main_xbar.gen_demux[4].i_addr_decode ===

   Number of wires:                  7
   Number of wire bits:            521
   Number of public wires:           7
   Number of public wire bits:     521
   Number of ports:                  7
   Number of port bits:            521
   Number of memories:               0
   Number of memory bits:            0
   Number of processes:              0
   Number of cells:                  1
     addr_decode_dync$croc_chip.i_croc_soc.i_croc.i_main_xbar.gen_demux[4].i_addr_decode.i_addr_decode_dync      1

=== addr_decode$croc_chip.i_croc_soc.i_croc.i_main_xbar.gen_demux[5].i_addr_decode ===

   Number of wires:                  7
   Number of wire bits:            521
   Number of public wires:           7
   Number of public wire bits:     521
   Number of ports:                  7
   Number of port bits:            521
   Number of memories:               0
   Number of memory bits:            0
   Number of processes:              0
   Number of cells:                  1
     addr_decode_dync$croc_chip.i_croc_soc.i_croc.i_main_xbar.gen_demux[5].i_addr_decode.i_addr_decode_dync      1

=== addr_decode$croc_chip.i_croc_soc.i_user.i_addr_decode_periphs ===

   Number of wires:                  7
   Number of wire bits:            133
   Number of public wires:           7
   Number of public wire bits:     133
   Number of ports:                  7
   Number of port bits:            133
   Number of memories:               0
   Number of memory bits:            0
   Number of processes:              0
   Number of cells:                  1
     addr_decode_dync$croc_chip.i_croc_soc.i_user.i_addr_decode_periphs.i_addr_decode_dync      1

=== addr_decode_dync$croc_chip.i_croc_soc.i_croc.i_addr_decode_periphs.i_addr_decode_dync ===

   Number of wires:                 67
   Number of wire bits:            701
   Number of public wires:           8
   Number of public wire bits:     618
   Number of ports:                  8
   Number of port bits:            618
   Number of memories:               0
   Number of memory bits:            0
   Number of processes:              0
   Number of cells:                 62
     $ge_32                          6
     $logic_and_1                    6
     $logic_not_32                   6
     $logic_or_1                     6
     $lt_32                          6
     $mux_1                         13
     $mux_3                         13
     $not_1                          6

=== addr_decode_dync$croc_chip.i_croc_soc.i_croc.i_main_xbar.gen_demux[0].i_addr_decode.i_addr_decode_dync ===

   Number of wires:                 57
   Number of wire bits:            591
   Number of public wires:           8
   Number of public wire bits:     522
   Number of ports:                  8
   Number of port bits:            522
   Number of memories:               0
   Number of memory bits:            0
   Number of processes:              0
   Number of cells:                 52
     $ge_32                          5
     $logic_and_1                    5
     $logic_not_32                   5
     $logic_or_1                     5
     $lt_32                          5
     $mux_1                         11
     $mux_3                         11
     $not_1                          5

=== addr_decode_dync$croc_chip.i_croc_soc.i_croc.i_main_xbar.gen_demux[1].i_addr_decode.i_addr_decode_dync ===

   Number of wires:                 57
   Number of wire bits:            591
   Number of public wires:           8
   Number of public wire bits:     522
   Number of ports:                  8
   Number of port bits:            522
   Number of memories:               0
   Number of memory bits:            0
   Number of processes:              0
   Number of cells:                 52
     $ge_32                          5
     $logic_and_1                    5
     $logic_not_32                   5
     $logic_or_1                     5
     $lt_32                          5
     $mux_1                         11
     $mux_3                         11
     $not_1                          5

=== addr_decode_dync$croc_chip.i_croc_soc.i_croc.i_main_xbar.gen_demux[2].i_addr_decode.i_addr_decode_dync ===

   Number of wires:                 57
   Number of wire bits:            591
   Number of public wires:           8
   Number of public wire bits:     522
   Number of ports:                  8
   Number of port bits:            522
   Number of memories:               0
   Number of memory bits:            0
   Number of processes:              0
   Number of cells:                 52
     $ge_32                          5
     $logic_and_1                    5
     $logic_not_32                   5
     $logic_or_1                     5
     $lt_32                          5
     $mux_1                         11
     $mux_3                         11
     $not_1                          5

=== addr_decode_dync$croc_chip.i_croc_soc.i_croc.i_main_xbar.gen_demux[3].i_addr_decode.i_addr_decode_dync ===

   Number of wires:                 57
   Number of wire bits:            591
   Number of public wires:           8
   Number of public wire bits:     522
   Number of ports:                  8
   Number of port bits:            522
   Number of memories:               0
   Number of memory bits:            0
   Number of processes:              0
   Number of cells:                 52
     $ge_32                          5
     $logic_and_1                    5
     $logic_not_32                   5
     $logic_or_1                     5
     $lt_32                          5
     $mux_1                         11
     $mux_3                         11
     $not_1                          5

=== addr_decode_dync$croc_chip.i_croc_soc.i_croc.i_main_xbar.gen_demux[4].i_addr_decode.i_addr_decode_dync ===

   Number of wires:                 57
   Number of wire bits:            591
   Number of public wires:           8
   Number of public wire bits:     522
   Number of ports:                  8
   Number of port bits:            522
   Number of memories:               0
   Number of memory bits:            0
   Number of processes:              0
   Number of cells:                 52
     $ge_32                          5
     $logic_and_1                    5
     $logic_not_32                   5
     $logic_or_1                     5
     $lt_32                          5
     $mux_1                         11
     $mux_3                         11
     $not_1                          5

=== addr_decode_dync$croc_chip.i_croc_soc.i_croc.i_main_xbar.gen_demux[5].i_addr_decode.i_addr_decode_dync ===

   Number of wires:                 57
   Number of wire bits:            591
   Number of public wires:           8
   Number of public wire bits:     522
   Number of ports:                  8
   Number of port bits:            522
   Number of memories:               0
   Number of memory bits:            0
   Number of processes:              0
   Number of cells:                 52
     $ge_32                          5
     $logic_and_1                    5
     $logic_not_32                   5
     $logic_or_1                     5
     $lt_32                          5
     $mux_1                         11
     $mux_3                         11
     $not_1                          5

=== addr_decode_dync$croc_chip.i_croc_soc.i_user.i_addr_decode_periphs.i_addr_decode_dync ===

   Number of wires:                 17
   Number of wire bits:            143
   Number of public wires:           8
   Number of public wire bits:     134
   Number of ports:                  8
   Number of port bits:            134
   Number of memories:               0
   Number of memory bits:            0
   Number of processes:              0
   Number of cells:                 12
     $ge_32                          1
     $logic_and_1                    1
     $logic_not_32                   1
     $logic_or_1                     1
     $lt_32                          1
     $mux_1                          6
     $not_1                          1

=== cdc_2phase_clearable$croc_chip.i_croc_soc.i_croc.i_dmi_jtag.i_dmi_cdc.i_cdc_req ===

   Number of wires:                 33
   Number of wire bits:            153
   Number of public wires:          27
   Number of public wire bits:     147
   Number of ports:                 14
   Number of port bits:             94
   Number of memories:               0
   Number of memory bits:            0
   Number of processes:              0
   Number of cells:                 15
     $aldff_1                        4
     $and_1                          4
     $logic_not_1                    4
     cdc_2phase_dst_clearable$croc_chip.i_croc_soc.i_croc.i_dmi_jtag.i_dmi_cdc.i_cdc_req.i_dst      1
     cdc_2phase_src_clearable$croc_chip.i_croc_soc.i_croc.i_dmi_jtag.i_dmi_cdc.i_cdc_req.i_src      1
     cdc_reset_ctrlr$croc_chip.i_croc_soc.i_croc.i_dmi_jtag.i_dmi_cdc.i_cdc_req.i_cdc_reset_ctrlr      1

=== cdc_2phase_clearable$croc_chip.i_croc_soc.i_croc.i_dmi_jtag.i_dmi_cdc.i_cdc_resp ===

   Number of wires:                 33
   Number of wire bits:            132
   Number of public wires:          27
   Number of public wire bits:     126
   Number of ports:                 14
   Number of port bits:             80
   Number of memories:               0
   Number of memory bits:            0
   Number of processes:              0
   Number of cells:                 15
     $aldff_1                        4
     $and_1                          4
     $logic_not_1                    4
     cdc_2phase_dst_clearable$croc_chip.i_croc_soc.i_croc.i_dmi_jtag.i_dmi_cdc.i_cdc_resp.i_dst      1
     cdc_2phase_src_clearable$croc_chip.i_croc_soc.i_croc.i_dmi_jtag.i_dmi_cdc.i_cdc_resp.i_src      1
     cdc_reset_ctrlr$croc_chip.i_croc_soc.i_croc.i_dmi_jtag.i_dmi_cdc.i_cdc_resp.i_cdc_reset_ctrlr      1

=== cdc_2phase_dst_clearable$croc_chip.i_croc_soc.i_croc.i_dmi_jtag.i_dmi_cdc.i_cdc_req.i_dst ===

   Number of wires:                 22
   Number of wire bits:            182
   Number of public wires:          15
   Number of public wire bits:     175
   Number of ports:                  9
   Number of port bits:             89
   Number of memories:               0
   Number of memory bits:            0
   Number of processes:              0
   Number of cells:                 16
     $aldff_1                        2
     $dff_2                          1
     $dff_32                         1
     $dff_7                          1
     $logic_and_1                    2
     $logic_not_1                    1
     $mux_1                          3
     $mux_41                         1
     $ne_1                           2
     $not_1                          1
     sync$croc_chip.i_croc_soc.i_croc.i_dmi_jtag.i_dmi_cdc.i_cdc_req.i_dst.i_sync      1

=== cdc_2phase_dst_clearable$croc_chip.i_croc_soc.i_croc.i_dmi_jtag.i_dmi_cdc.i_cdc_resp.i_dst ===

   Number of wires:                 22
   Number of wire bits:            154
   Number of public wires:          15
   Number of public wire bits:     147
   Number of ports:                  9
   Number of port bits:             75
   Number of memories:               0
   Number of memory bits:            0
   Number of processes:              0
   Number of cells:                 15
     $aldff_1                        2
     $dff_2                          1
     $dff_32                         1
     $logic_and_1                    2
     $logic_not_1                    1
     $mux_1                          3
     $mux_34                         1
     $ne_1                           2
     $not_1                          1
     sync$croc_chip.i_croc_soc.i_croc.i_dmi_jtag.i_dmi_cdc.i_cdc_resp.i_dst.i_sync      1

=== cdc_2phase_src_clearable$croc_chip.i_croc_soc.i_croc.i_dmi_jtag.i_dmi_cdc.i_cdc_req.i_src ===

   Number of wires:                 20
   Number of wire bits:            260
   Number of public wires:          14
   Number of public wire bits:     174
   Number of ports:                  9
   Number of port bits:             89
   Number of memories:               0
   Number of memory bits:            0
   Number of processes:              0
   Number of cells:                 14
     $aldff_1                        1
     $dff_2                          1
     $dff_32                         1
     $dff_7                          1
     $eq_1                           1
     $logic_and_1                    1
     $mux_1                          3
     $mux_41                         3
     $not_1                          1
     sync$croc_chip.i_croc_soc.i_croc.i_dmi_jtag.i_dmi_cdc.i_cdc_req.i_src.i_sync      1

=== cdc_2phase_src_clearable$croc_chip.i_croc_soc.i_croc.i_dmi_jtag.i_dmi_cdc.i_cdc_resp.i_src ===

   Number of wires:                 20
   Number of wire bits:            218
   Number of public wires:          14
   Number of public wire bits:     146
   Number of ports:                  9
   Number of port bits:             75
   Number of memories:               0
   Number of memory bits:            0
   Number of processes:              0
   Number of cells:                 13
     $aldff_1                        1
     $dff_2                          1
     $dff_32                         1
     $eq_1                           1
     $logic_and_1                    1
     $mux_1                          3
     $mux_34                         3
     $not_1                          1
     sync$croc_chip.i_croc_soc.i_croc.i_dmi_jtag.i_dmi_cdc.i_cdc_resp.i_src.i_sync      1

=== cdc_4phase_dst$croc_chip.i_croc_soc.i_croc.i_dmi_jtag.i_dmi_cdc.i_cdc_req.i_cdc_reset_ctrlr.i_cdc_reset_ctrlr_half_a.i_state_transition_cdc_dst ===

   Number of wires:                 44
   Number of wire bits:             57
   Number of public wires:          15
   Number of public wire bits:      19
   Number of ports:                  8
   Number of port bits:             10
   Number of memories:               0
   Number of memory bits:            0
   Number of processes:              0
   Number of cells:                 35
     $aldff_1                        1
     $aldff_2                        1
     $eq_2                           9
     $logic_not_2                    5
     $mux_1                          6
     $mux_2                          9
     $pmux_1                         2
     $pmux_2                         1
     sync$croc_chip.i_croc_soc.i_croc.i_dmi_jtag.i_dmi_cdc.i_cdc_req.i_cdc_reset_ctrlr.i_cdc_reset_ctrlr_half_a.i_state_transition_cdc_dst.i_sync      1

=== cdc_4phase_dst$croc_chip.i_croc_soc.i_croc.i_dmi_jtag.i_dmi_cdc.i_cdc_req.i_cdc_reset_ctrlr.i_cdc_reset_ctrlr_half_b.i_state_transition_cdc_dst ===

   Number of wires:                 44
   Number of wire bits:             57
   Number of public wires:          15
   Number of public wire bits:      19
   Number of ports:                  8
   Number of port bits:             10
   Number of memories:               0
   Number of memory bits:            0
   Number of processes:              0
   Number of cells:                 35
     $aldff_1                        1
     $aldff_2                        1
     $eq_2                           9
     $logic_not_2                    5
     $mux_1                          6
     $mux_2                          9
     $pmux_1                         2
     $pmux_2                         1
     sync$croc_chip.i_croc_soc.i_croc.i_dmi_jtag.i_dmi_cdc.i_cdc_req.i_cdc_reset_ctrlr.i_cdc_reset_ctrlr_half_b.i_state_transition_cdc_dst.i_sync      1

=== cdc_4phase_dst$croc_chip.i_croc_soc.i_croc.i_dmi_jtag.i_dmi_cdc.i_cdc_resp.i_cdc_reset_ctrlr.i_cdc_reset_ctrlr_half_a.i_state_transition_cdc_dst ===

   Number of wires:                 44
   Number of wire bits:             57
   Number of public wires:          15
   Number of public wire bits:      19
   Number of ports:                  8
   Number of port bits:             10
   Number of memories:               0
   Number of memory bits:            0
   Number of processes:              0
   Number of cells:                 35
     $aldff_1                        1
     $aldff_2                        1
     $eq_2                           9
     $logic_not_2                    5
     $mux_1                          6
     $mux_2                          9
     $pmux_1                         2
     $pmux_2                         1
     sync$croc_chip.i_croc_soc.i_croc.i_dmi_jtag.i_dmi_cdc.i_cdc_resp.i_cdc_reset_ctrlr.i_cdc_reset_ctrlr_half_a.i_state_transition_cdc_dst.i_sync      1

=== cdc_4phase_dst$croc_chip.i_croc_soc.i_croc.i_dmi_jtag.i_dmi_cdc.i_cdc_resp.i_cdc_reset_ctrlr.i_cdc_reset_ctrlr_half_b.i_state_transition_cdc_dst ===

   Number of wires:                 44
   Number of wire bits:             57
   Number of public wires:          15
   Number of public wire bits:      19
   Number of ports:                  8
   Number of port bits:             10
   Number of memories:               0
   Number of memory bits:            0
   Number of processes:              0
   Number of cells:                 35
     $aldff_1                        1
     $aldff_2                        1
     $eq_2                           9
     $logic_not_2                    5
     $mux_1                          6
     $mux_2                          9
     $pmux_1                         2
     $pmux_2                         1
     sync$croc_chip.i_croc_soc.i_croc.i_dmi_jtag.i_dmi_cdc.i_cdc_resp.i_cdc_reset_ctrlr.i_cdc_reset_ctrlr_half_b.i_state_transition_cdc_dst.i_sync      1

=== cdc_4phase_src$croc_chip.i_croc_soc.i_croc.i_dmi_jtag.i_dmi_cdc.i_cdc_req.i_cdc_reset_ctrlr.i_cdc_reset_ctrlr_half_a.i_state_transition_cdc_src ===

   Number of wires:                 49
   Number of wire bits:             63
   Number of public wires:          15
   Number of public wire bits:      21
   Number of ports:                  8
   Number of port bits:             10
   Number of memories:               0
   Number of memory bits:            0
   Number of processes:              0
   Number of cells:                 42
     $aldff_1                        1
     $aldff_2                        2
     $eq_2                           9
     $logic_not_2                    8
     $mux_1                          9
     $mux_2                          9
     $pmux_1                         2
     $pmux_2                         1
     sync$croc_chip.i_croc_soc.i_croc.i_dmi_jtag.i_dmi_cdc.i_cdc_req.i_cdc_reset_ctrlr.i_cdc_reset_ctrlr_half_a.i_state_transition_cdc_src.i_sync      1

=== cdc_4phase_src$croc_chip.i_croc_soc.i_croc.i_dmi_jtag.i_dmi_cdc.i_cdc_req.i_cdc_reset_ctrlr.i_cdc_reset_ctrlr_half_b.i_state_transition_cdc_src ===

   Number of wires:                 49
   Number of wire bits:             63
   Number of public wires:          15
   Number of public wire bits:      21
   Number of ports:                  8
   Number of port bits:             10
   Number of memories:               0
   Number of memory bits:            0
   Number of processes:              0
   Number of cells:                 42
     $aldff_1                        1
     $aldff_2                        2
     $eq_2                           9
     $logic_not_2                    8
     $mux_1                          9
     $mux_2                          9
     $pmux_1                         2
     $pmux_2                         1
     sync$croc_chip.i_croc_soc.i_croc.i_dmi_jtag.i_dmi_cdc.i_cdc_req.i_cdc_reset_ctrlr.i_cdc_reset_ctrlr_half_b.i_state_transition_cdc_src.i_sync      1

=== cdc_4phase_src$croc_chip.i_croc_soc.i_croc.i_dmi_jtag.i_dmi_cdc.i_cdc_resp.i_cdc_reset_ctrlr.i_cdc_reset_ctrlr_half_a.i_state_transition_cdc_src ===

   Number of wires:                 49
   Number of wire bits:             63
   Number of public wires:          15
   Number of public wire bits:      21
   Number of ports:                  8
   Number of port bits:             10
   Number of memories:               0
   Number of memory bits:            0
   Number of processes:              0
   Number of cells:                 42
     $aldff_1                        1
     $aldff_2                        2
     $eq_2                           9
     $logic_not_2                    8
     $mux_1                          9
     $mux_2                          9
     $pmux_1                         2
     $pmux_2                         1
     sync$croc_chip.i_croc_soc.i_croc.i_dmi_jtag.i_dmi_cdc.i_cdc_resp.i_cdc_reset_ctrlr.i_cdc_reset_ctrlr_half_a.i_state_transition_cdc_src.i_sync      1

=== cdc_4phase_src$croc_chip.i_croc_soc.i_croc.i_dmi_jtag.i_dmi_cdc.i_cdc_resp.i_cdc_reset_ctrlr.i_cdc_reset_ctrlr_half_b.i_state_transition_cdc_src ===

   Number of wires:                 49
   Number of wire bits:             63
   Number of public wires:          15
   Number of public wire bits:      21
   Number of ports:                  8
   Number of port bits:             10
   Number of memories:               0
   Number of memory bits:            0
   Number of processes:              0
   Number of cells:                 42
     $aldff_1                        1
     $aldff_2                        2
     $eq_2                           9
     $logic_not_2                    8
     $mux_1                          9
     $mux_2                          9
     $pmux_1                         2
     $pmux_2                         1
     sync$croc_chip.i_croc_soc.i_croc.i_dmi_jtag.i_dmi_cdc.i_cdc_resp.i_cdc_reset_ctrlr.i_cdc_reset_ctrlr_half_b.i_state_transition_cdc_src.i_sync      1

=== cdc_reset_ctrlr$croc_chip.i_croc_soc.i_croc.i_dmi_jtag.i_dmi_cdc.i_cdc_req.i_cdc_reset_ctrlr ===

   Number of wires:                 20
   Number of wire bits:             22
   Number of public wires:          20
   Number of public wire bits:      22
   Number of ports:                 14
   Number of port bits:             14
   Number of memories:               0
   Number of memory bits:            0
   Number of processes:              0
   Number of cells:                  2
     cdc_reset_ctrlr_half$croc_chip.i_croc_soc.i_croc.i_dmi_jtag.i_dmi_cdc.i_cdc_req.i_cdc_reset_ctrlr.i_cdc_reset_ctrlr_half_a      1
     cdc_reset_ctrlr_half$croc_chip.i_croc_soc.i_croc.i_dmi_jtag.i_dmi_cdc.i_cdc_req.i_cdc_reset_ctrlr.i_cdc_reset_ctrlr_half_b      1

=== cdc_reset_ctrlr$croc_chip.i_croc_soc.i_croc.i_dmi_jtag.i_dmi_cdc.i_cdc_resp.i_cdc_reset_ctrlr ===

   Number of wires:                 20
   Number of wire bits:             22
   Number of public wires:          20
   Number of public wire bits:      22
   Number of ports:                 14
   Number of port bits:             14
   Number of memories:               0
   Number of memory bits:            0
   Number of processes:              0
   Number of cells:                  2
     cdc_reset_ctrlr_half$croc_chip.i_croc_soc.i_croc.i_dmi_jtag.i_dmi_cdc.i_cdc_resp.i_cdc_reset_ctrlr.i_cdc_reset_ctrlr_half_a      1
     cdc_reset_ctrlr_half$croc_chip.i_croc_soc.i_croc.i_dmi_jtag.i_dmi_cdc.i_cdc_resp.i_cdc_reset_ctrlr.i_cdc_reset_ctrlr_half_b      1

=== cdc_reset_ctrlr_half$croc_chip.i_croc_soc.i_croc.i_dmi_jtag.i_dmi_cdc.i_cdc_req.i_cdc_reset_ctrlr.i_cdc_reset_ctrlr_half_a ===

   Number of wires:                139
   Number of wire bits:            247
   Number of public wires:          26
   Number of public wire bits:      37
   Number of ports:                 13
   Number of port bits:             15
   Number of memories:               0
   Number of memory bits:            0
   Number of processes:              0
   Number of cells:                127
     $aldff_2                        1
     $aldff_4                        1
     $eq_2                          15
     $eq_4                          44
     $logic_and_1                    3
     $logic_not_2                    5
     $logic_not_4                    2
     $logic_or_1                     2
     $mux_1                          9
     $mux_2                          1
     $mux_4                         32
     $pmux_1                         8
     $pmux_2                         1
     $pmux_4                         1
     cdc_4phase_dst$croc_chip.i_croc_soc.i_croc.i_dmi_jtag.i_dmi_cdc.i_cdc_req.i_cdc_reset_ctrlr.i_cdc_reset_ctrlr_half_a.i_state_transition_cdc_dst      1
     cdc_4phase_src$croc_chip.i_croc_soc.i_croc.i_dmi_jtag.i_dmi_cdc.i_cdc_req.i_cdc_reset_ctrlr.i_cdc_reset_ctrlr_half_a.i_state_transition_cdc_src      1

=== cdc_reset_ctrlr_half$croc_chip.i_croc_soc.i_croc.i_dmi_jtag.i_dmi_cdc.i_cdc_req.i_cdc_reset_ctrlr.i_cdc_reset_ctrlr_half_b ===

   Number of wires:                139
   Number of wire bits:            247
   Number of public wires:          26
   Number of public wire bits:      37
   Number of ports:                 13
   Number of port bits:             15
   Number of memories:               0
   Number of memory bits:            0
   Number of processes:              0
   Number of cells:                127
     $aldff_2                        1
     $aldff_4                        1
     $eq_2                          15
     $eq_4                          44
     $logic_and_1                    3
     $logic_not_2                    5
     $logic_not_4                    2
     $logic_or_1                     2
     $mux_1                          9
     $mux_2                          1
     $mux_4                         32
     $pmux_1                         8
     $pmux_2                         1
     $pmux_4                         1
     cdc_4phase_dst$croc_chip.i_croc_soc.i_croc.i_dmi_jtag.i_dmi_cdc.i_cdc_req.i_cdc_reset_ctrlr.i_cdc_reset_ctrlr_half_b.i_state_transition_cdc_dst      1
     cdc_4phase_src$croc_chip.i_croc_soc.i_croc.i_dmi_jtag.i_dmi_cdc.i_cdc_req.i_cdc_reset_ctrlr.i_cdc_reset_ctrlr_half_b.i_state_transition_cdc_src      1

=== cdc_reset_ctrlr_half$croc_chip.i_croc_soc.i_croc.i_dmi_jtag.i_dmi_cdc.i_cdc_resp.i_cdc_reset_ctrlr.i_cdc_reset_ctrlr_half_a ===

   Number of wires:                139
   Number of wire bits:            247
   Number of public wires:          26
   Number of public wire bits:      37
   Number of ports:                 13
   Number of port bits:             15
   Number of memories:               0
   Number of memory bits:            0
   Number of processes:              0
   Number of cells:                127
     $aldff_2                        1
     $aldff_4                        1
     $eq_2                          15
     $eq_4                          44
     $logic_and_1                    3
     $logic_not_2                    5
     $logic_not_4                    2
     $logic_or_1                     2
     $mux_1                          9
     $mux_2                          1
     $mux_4                         32
     $pmux_1                         8
     $pmux_2                         1
     $pmux_4                         1
     cdc_4phase_dst$croc_chip.i_croc_soc.i_croc.i_dmi_jtag.i_dmi_cdc.i_cdc_resp.i_cdc_reset_ctrlr.i_cdc_reset_ctrlr_half_a.i_state_transition_cdc_dst      1
     cdc_4phase_src$croc_chip.i_croc_soc.i_croc.i_dmi_jtag.i_dmi_cdc.i_cdc_resp.i_cdc_reset_ctrlr.i_cdc_reset_ctrlr_half_a.i_state_transition_cdc_src      1

=== cdc_reset_ctrlr_half$croc_chip.i_croc_soc.i_croc.i_dmi_jtag.i_dmi_cdc.i_cdc_resp.i_cdc_reset_ctrlr.i_cdc_reset_ctrlr_half_b ===

   Number of wires:                139
   Number of wire bits:            247
   Number of public wires:          26
   Number of public wire bits:      37
   Number of ports:                 13
   Number of port bits:             15
   Number of memories:               0
   Number of memory bits:            0
   Number of processes:              0
   Number of cells:                127
     $aldff_2                        1
     $aldff_4                        1
     $eq_2                          15
     $eq_4                          44
     $logic_and_1                    3
     $logic_not_2                    5
     $logic_not_4                    2
     $logic_or_1                     2
     $mux_1                          9
     $mux_2                          1
     $mux_4                         32
     $pmux_1                         8
     $pmux_2                         1
     $pmux_4                         1
     cdc_4phase_dst$croc_chip.i_croc_soc.i_croc.i_dmi_jtag.i_dmi_cdc.i_cdc_resp.i_cdc_reset_ctrlr.i_cdc_reset_ctrlr_half_b.i_state_transition_cdc_dst      1
     cdc_4phase_src$croc_chip.i_croc_soc.i_croc.i_dmi_jtag.i_dmi_cdc.i_cdc_resp.i_cdc_reset_ctrlr.i_cdc_reset_ctrlr_half_b.i_state_transition_cdc_src      1

=== core_wrap$croc_chip.i_croc_soc.i_croc.i_core_wrap ===

   Number of wires:                 26
   Number of wire bits:            261
   Number of public wires:          26
   Number of public wire bits:     261
   Number of ports:                 25
   Number of port bits:            229
   Number of memories:               0
   Number of memory bits:            0
   Number of processes:              0
   Number of cells:                  1
     cve2_core$croc_chip.i_croc_soc.i_croc.i_core_wrap.i_ibex      1

=== counter$croc_chip.i_croc_soc.i_croc.i_uart.i_uart_baudgen.i_baudrate_counter ===

   Number of wires:                  9
   Number of wire bits:             15
   Number of public wires:           9
   Number of public wire bits:      15
   Number of ports:                  9
   Number of port bits:             15
   Number of memories:               0
   Number of memory bits:            0
   Number of processes:              0
   Number of cells:                  1
     delta_counter$croc_chip.i_croc_soc.i_croc.i_uart.i_uart_baudgen.i_baudrate_counter.i_counter      1

=== counter$croc_chip.i_croc_soc.i_croc.i_uart.i_uart_baudgen.i_oversample_counter ===

   Number of wires:                  9
   Number of wire bits:             39
   Number of public wires:           9
   Number of public wire bits:      39
   Number of ports:                  9
   Number of port bits:             39
   Number of memories:               0
   Number of memory bits:            0
   Number of processes:              0
   Number of cells:                  1
     delta_counter$croc_chip.i_croc_soc.i_croc.i_uart.i_uart_baudgen.i_oversample_counter.i_counter      1

=== counter$croc_chip.i_croc_soc.i_croc.i_uart.i_uart_rx.i_counter ===

   Number of wires:                  9
   Number of wire bits:             17
   Number of public wires:           9
   Number of public wire bits:      17
   Number of ports:                  9
   Number of port bits:             17
   Number of memories:               0
   Number of memory bits:            0
   Number of processes:              0
   Number of cells:                  1
     delta_counter$croc_chip.i_croc_soc.i_croc.i_uart.i_uart_rx.i_counter.i_counter      1

=== croc_chip ===

   Number of wires:                 68
   Number of wire bits:            161
   Number of public wires:          68
   Number of public wire bits:     161
   Number of ports:                 48
   Number of port bits:             48
   Number of memories:               0
   Number of memory bits:            0
   Number of processes:              0
   Number of cells:                 65
     croc_soc$croc_chip.i_croc_soc      1
     sg13g2_IOPadIOVdd               4
     sg13g2_IOPadIOVss               4
     sg13g2_IOPadIn                 10
     sg13g2_IOPadInOut30mA          32
     sg13g2_IOPadOut16mA             6
     sg13g2_IOPadVdd                 4
     sg13g2_IOPadVss                 4

=== croc_domain$croc_chip.i_croc_soc.i_croc ===

   Number of wires:                103
   Number of wire bits:           4365
   Number of public wires:         101
   Number of public wire bits:    4363
   Number of ports:                 26
   Number of port bits:            373
   Number of memories:               0
   Number of memory bits:            0
   Number of processes:              0
   Number of cells:                 22
     $not_1                          2
     $or_1                           1
     addr_decode$croc_chip.i_croc_soc.i_croc.i_addr_decode_periphs      1
     core_wrap$croc_chip.i_croc_soc.i_croc.i_core_wrap      1
     dm_obi_top$croc_chip.i_croc_soc.i_croc.i_dm_top      1
     dma$croc_chip.i_croc_soc.i_croc.i_dma      1
     dmi_jtag$croc_chip.i_croc_soc.i_croc.i_dmi_jtag      1
     gpio$croc_chip.i_croc_soc.i_croc.i_gpio      1
     obi_demux$croc_chip.i_croc_soc.i_croc.i_obi_demux      1
     obi_err_sbr$croc_chip.i_croc_soc.i_croc.i_periph_err      1
     obi_err_sbr$croc_chip.i_croc_soc.i_croc.i_xbar_err      1
     obi_sram_shim$croc_chip.i_croc_soc.i_croc.gen_sram_bank[0].i_sram_shim      1
     obi_sram_shim$croc_chip.i_croc_soc.i_croc.gen_sram_bank[1].i_sram_shim      1
     obi_uart$croc_chip.i_croc_soc.i_croc.i_uart      1
     obi_xbar$croc_chip.i_croc_soc.i_croc.i_main_xbar      1
     periph_to_reg$croc_chip.i_croc_soc.i_croc.i_soc_ctrl_translate      1
     soc_ctrl_reg_top$croc_chip.i_croc_soc.i_croc.i_soc_ctrl      1
     spi$croc_chip.i_croc_soc.i_croc.i_spi      1
     tc_sram_impl$croc_chip.i_croc_soc.i_croc.gen_sram_bank[0].i_sram      1
     tc_sram_impl$croc_chip.i_croc_soc.i_croc.gen_sram_bank[1].i_sram      1
     timer_unit$croc_chip.i_croc_soc.i_croc.i_timer      1

=== croc_soc$croc_chip.i_croc_soc ===

   Number of wires:                 28
   Number of wire bits:            375
   Number of public wires:          28
   Number of public wire bits:     375
   Number of ports:                 20
   Number of port bits:            113
   Number of memories:               0
   Number of memory bits:            0
   Number of processes:              0
   Number of cells:                  4
     croc_domain$croc_chip.i_croc_soc.i_croc      1
     rstgen$croc_chip.i_croc_soc.i_rstgen      1
     sync$croc_chip.i_croc_soc.i_ext_intr_sync      1
     user_domain$croc_chip.i_croc_soc.i_user      1

=== cve2_alu$croc_chip.i_croc_soc.i_croc.i_core_wrap.i_ibex.ex_block_i.alu_i ===

   Number of wires:                100
   Number of wire bits:           1581
   Number of public wires:          71
   Number of public wire bits:    1477
   Number of ports:                 15
   Number of port bits:            369
   Number of memories:               0
   Number of memory bits:            0
   Number of processes:              0
   Number of cells:                 95
     $add_34                         1
     $and_1                          1
     $and_32                         1
     $eq_7                          58
     $logic_not_32                   1
     $logic_not_7                    1
     $mux_1                          4
     $mux_32                         2
     $mux_5                          1
     $not_1                          3
     $not_33                         1
     $or_1                           2
     $or_32                          1
     $pmux_1                         1
     $pmux_32                        2
     $pmux_33                        2
     $reduce_or_13                   1
     $reduce_or_4                    1
     $reduce_or_5                    3
     $reduce_or_6                    2
     $reduce_or_8                    1
     $sshr_33                        1
     $sub_32                         1
     $xor_1                          2
     $xor_32                         1

=== cve2_compressed_decoder$croc_chip.i_croc_soc.i_croc.i_core_wrap.i_ibex.if_stage_i.compressed_decoder_i ===

   Number of wires:                178
   Number of wire bits:           1247
   Number of public wires:           8
   Number of public wire bits:      70
   Number of ports:                  7
   Number of port bits:             69
   Number of memories:               0
   Number of memory bits:            0
   Number of processes:              0
   Number of cells:                188
     $eq_2                          32
     $eq_3                          47
     $eq_5                           1
     $logic_not_2                    8
     $logic_not_3                    8
     $logic_not_5                    3
     $logic_not_6                    1
     $logic_not_8                    1
     $mux_1                         37
     $mux_32                        27
     $ne_2                           1
     $not_1                          1
     $pmux_1                         5
     $pmux_32                        6
     $reduce_bool_5                  2
     $reduce_or_2                    5
     $reduce_or_4                    2
     $reduce_or_5                    1

=== cve2_controller$croc_chip.i_croc_soc.i_croc.i_core_wrap.i_ibex.id_stage_i.controller_i ===

   Number of wires:                588
   Number of wire bits:           1404
   Number of public wires:         102
   Number of public wire bits:     280
   Number of ports:                 56
   Number of port bits:            225
   Number of memories:               0
   Number of memory bits:            0
   Number of processes:              0
   Number of cells:                547
     $add_32                         1
     $aldff_1                        8
     $aldff_4                        1
     $and_1                         20
     $eq_2                           2
     $eq_4                         144
     $logic_and_1                    7
     $logic_not_1                    6
     $logic_not_2                    1
     $logic_not_4                    3
     $logic_or_1                     9
     $mux_1                        181
     $mux_2                          3
     $mux_3                         15
     $mux_32                         7
     $mux_4                         60
     $mux_7                         29
     $ne_2                           1
     $ne_4                           2
     $not_1                         10
     $or_1                          18
     $pmux_1                        11
     $pmux_2                         1
     $pmux_3                         2
     $pmux_32                        1
     $pmux_4                         1
     $pmux_7                         2
     $reduce_bool_16                 1

=== cve2_core$croc_chip.i_croc_soc.i_croc.i_core_wrap.i_ibex ===

   Number of wires:                156
   Number of wire bits:           1803
   Number of public wires:         154
   Number of public wire bits:    1801
   Number of ports:                 30
   Number of port bits:            392
   Number of memories:               0
   Number of memory bits:            0
   Number of processes:              0
   Number of cells:                 13
     $and_1                          1
     $mux_12                         1
     $not_1                          1
     $or_1                           3
     cve2_cs_registers$croc_chip.i_croc_soc.i_croc.i_core_wrap.i_ibex.cs_registers_i      1
     cve2_ex_block$croc_chip.i_croc_soc.i_croc.i_core_wrap.i_ibex.ex_block_i      1
     cve2_id_stage$croc_chip.i_croc_soc.i_croc.i_core_wrap.i_ibex.id_stage_i      1
     cve2_if_stage$croc_chip.i_croc_soc.i_croc.i_core_wrap.i_ibex.if_stage_i      1
     cve2_load_store_unit$croc_chip.i_croc_soc.i_croc.i_core_wrap.i_ibex.load_store_unit_i      1
     cve2_register_file_ff$croc_chip.i_croc_soc.i_croc.i_core_wrap.i_ibex.register_file_i      1
     cve2_wb$croc_chip.i_croc_soc.i_croc.i_core_wrap.i_ibex.wb_i      1

=== cve2_counter$croc_chip.i_croc_soc.i_croc.i_core_wrap.i_ibex.cs_registers_i.mcycle_counter_i ===

   Number of wires:                 16
   Number of wire bits:            614
   Number of public wires:          14
   Number of public wire bits:     486
   Number of ports:                  8
   Number of port bits:            165
   Number of memories:               0
   Number of memory bits:            0
   Number of processes:              0
   Number of cells:                  7
     $add_64                         1
     $aldff_64                       1
     $mux_64                         4
     $or_1                           1

=== cve2_counter$croc_chip.i_croc_soc.i_croc.i_core_wrap.i_ibex.cs_registers_i.minstret_counter_i ===

   Number of wires:                 16
   Number of wire bits:            614
   Number of public wires:          14
   Number of public wire bits:     486
   Number of ports:                  8
   Number of port bits:            165
   Number of memories:               0
   Number of memory bits:            0
   Number of processes:              0
   Number of cells:                  7
     $add_64                         1
     $aldff_64                       1
     $mux_64                         4
     $or_1                           1

=== cve2_cs_registers$croc_chip.i_croc_soc.i_croc.i_core_wrap.i_ibex.cs_registers_i ===

   Number of wires:                452
   Number of wire bits:           7472
   Number of public wires:         141
   Number of public wire bits:    5482
   Number of ports:                 56
   Number of port bits:            581
   Number of memories:               0
   Number of memory bits:            0
   Number of processes:              0
   Number of cells:                611
     $aldff_2                        1
     $aldff_3                        1
     $and_1                         13
     $and_19                         1
     $and_32                         1
     $bmux_32_5                      1
     $bmux_64_5                      2
     $demux_1_5                      2
     $eq_12                        357
     $eq_2                           7
     $eq_32                          1
     $ge_6                           5
     $gt_2                           1
     $logic_and_1                    5
     $logic_not_2                    1
     $lt_32                          1
     $lt_7                           2
     $mux_1                         82
     $mux_2                         10
     $mux_3                          6
     $mux_32                        30
     $mux_4                          5
     $mux_6                          3
     $mux_64                         4
     $mux_7                          7
     $ne_2                           3
     $not_1                          9
     $not_32                         1
     $not_6                          3
     $or_1                           2
     $or_32                          1
     $pmux_1                         4
     $pmux_2                         1
     $pmux_32                        3
     $pmux_4                         1
     $pmux_7                         1
     $reduce_bool_2                  2
     $reduce_bool_20                 1
     $reduce_bool_3                  1
     $reduce_or_19                   1
     $reduce_or_2                    1
     $reduce_or_29                   2
     $reduce_or_31                   6
     cve2_counter$croc_chip.i_croc_soc.i_croc.i_core_wrap.i_ibex.cs_registers_i.mcycle_counter_i      1
     cve2_counter$croc_chip.i_croc_soc.i_croc.i_core_wrap.i_ibex.cs_registers_i.minstret_counter_i      1
     cve2_csr$croc_chip.i_croc_soc.i_croc.i_core_wrap.i_ibex.cs_registers_i.gen_trigger_regs.g_dbg_tmatch_reg[0].u_tmatch_control_csr      1
     cve2_csr$croc_chip.i_croc_soc.i_croc.i_core_wrap.i_ibex.cs_registers_i.gen_trigger_regs.g_dbg_tmatch_reg[0].u_tmatch_value_csr      1
     cve2_csr$croc_chip.i_croc_soc.i_croc.i_core_wrap.i_ibex.cs_registers_i.gen_trigger_regs.u_tselect_csr      1
     cve2_csr$croc_chip.i_croc_soc.i_croc.i_core_wrap.i_ibex.cs_registers_i.u_dcsr_csr      1
     cve2_csr$croc_chip.i_croc_soc.i_croc.i_core_wrap.i_ibex.cs_registers_i.u_depc_csr      1
     cve2_csr$croc_chip.i_croc_soc.i_croc.i_core_wrap.i_ibex.cs_registers_i.u_dscratch0_csr      1
     cve2_csr$croc_chip.i_croc_soc.i_croc.i_core_wrap.i_ibex.cs_registers_i.u_dscratch1_csr      1
     cve2_csr$croc_chip.i_croc_soc.i_croc.i_core_wrap.i_ibex.cs_registers_i.u_mcause_csr      1
     cve2_csr$croc_chip.i_croc_soc.i_croc.i_core_wrap.i_ibex.cs_registers_i.u_mepc_csr      1
     cve2_csr$croc_chip.i_croc_soc.i_croc.i_core_wrap.i_ibex.cs_registers_i.u_mie_csr      1
     cve2_csr$croc_chip.i_croc_soc.i_croc.i_core_wrap.i_ibex.cs_registers_i.u_mscratch_csr      1
     cve2_csr$croc_chip.i_croc_soc.i_croc.i_core_wrap.i_ibex.cs_registers_i.u_mstack_cause_csr      1
     cve2_csr$croc_chip.i_croc_soc.i_croc.i_core_wrap.i_ibex.cs_registers_i.u_mstack_csr      1
     cve2_csr$croc_chip.i_croc_soc.i_croc.i_core_wrap.i_ibex.cs_registers_i.u_mstack_epc_csr      1
     cve2_csr$croc_chip.i_croc_soc.i_croc.i_core_wrap.i_ibex.cs_registers_i.u_mstatus_csr      1
     cve2_csr$croc_chip.i_croc_soc.i_croc.i_core_wrap.i_ibex.cs_registers_i.u_mtval_csr      1
     cve2_csr$croc_chip.i_croc_soc.i_croc.i_core_wrap.i_ibex.cs_registers_i.u_mtvec_csr      1

=== cve2_csr$croc_chip.i_croc_soc.i_croc.i_core_wrap.i_ibex.cs_registers_i.gen_trigger_regs.g_dbg_tmatch_reg[0].u_tmatch_control_csr ===

   Number of wires:                  8
   Number of wire bits:              8
   Number of public wires:           7
   Number of public wire bits:       7
   Number of ports:                  6
   Number of port bits:              6
   Number of memories:               0
   Number of memory bits:            0
   Number of processes:              0
   Number of cells:                  2
     $aldff_1                        1
     $mux_1                          1

=== cve2_csr$croc_chip.i_croc_soc.i_croc.i_core_wrap.i_ibex.cs_registers_i.gen_trigger_regs.g_dbg_tmatch_reg[0].u_tmatch_value_csr ===

   Number of wires:                  8
   Number of wire bits:            132
   Number of public wires:           7
   Number of public wire bits:     100
   Number of ports:                  6
   Number of port bits:             68
   Number of memories:               0
   Number of memory bits:            0
   Number of processes:              0
   Number of cells:                  2
     $aldff_32                       1
     $mux_32                         1

=== cve2_csr$croc_chip.i_croc_soc.i_croc.i_core_wrap.i_ibex.cs_registers_i.gen_trigger_regs.u_tselect_csr ===

   Number of wires:                  8
   Number of wire bits:              8
   Number of public wires:           7
   Number of public wire bits:       7
   Number of ports:                  6
   Number of port bits:              6
   Number of memories:               0
   Number of memory bits:            0
   Number of processes:              0
   Number of cells:                  2
     $aldff_1                        1
     $mux_1                          1

=== cve2_csr$croc_chip.i_croc_soc.i_croc.i_core_wrap.i_ibex.cs_registers_i.u_dcsr_csr ===

   Number of wires:                  8
   Number of wire bits:            132
   Number of public wires:           7
   Number of public wire bits:     100
   Number of ports:                  6
   Number of port bits:             68
   Number of memories:               0
   Number of memory bits:            0
   Number of processes:              0
   Number of cells:                  2
     $aldff_32                       1
     $mux_32                         1

=== cve2_csr$croc_chip.i_croc_soc.i_croc.i_core_wrap.i_ibex.cs_registers_i.u_depc_csr ===

   Number of wires:                  8
   Number of wire bits:            132
   Number of public wires:           7
   Number of public wire bits:     100
   Number of ports:                  6
   Number of port bits:             68
   Number of memories:               0
   Number of memory bits:            0
   Number of processes:              0
   Number of cells:                  2
     $aldff_32                       1
     $mux_32                         1

=== cve2_csr$croc_chip.i_croc_soc.i_croc.i_core_wrap.i_ibex.cs_registers_i.u_dscratch0_csr ===

   Number of wires:                  8
   Number of wire bits:            132
   Number of public wires:           7
   Number of public wire bits:     100
   Number of ports:                  6
   Number of port bits:             68
   Number of memories:               0
   Number of memory bits:            0
   Number of processes:              0
   Number of cells:                  2
     $aldff_32                       1
     $mux_32                         1

=== cve2_csr$croc_chip.i_croc_soc.i_croc.i_core_wrap.i_ibex.cs_registers_i.u_dscratch1_csr ===

   Number of wires:                  8
   Number of wire bits:            132
   Number of public wires:           7
   Number of public wire bits:     100
   Number of ports:                  6
   Number of port bits:             68
   Number of memories:               0
   Number of memory bits:            0
   Number of processes:              0
   Number of cells:                  2
     $aldff_32                       1
     $mux_32                         1

=== cve2_csr$croc_chip.i_croc_soc.i_croc.i_core_wrap.i_ibex.cs_registers_i.u_mcause_csr ===

   Number of wires:                  8
   Number of wire bits:             32
   Number of public wires:           7
   Number of public wire bits:      25
   Number of ports:                  6
   Number of port bits:             18
   Number of memories:               0
   Number of memory bits:            0
   Number of processes:              0
   Number of cells:                  2
     $aldff_7                        1
     $mux_7                          1

=== cve2_csr$croc_chip.i_croc_soc.i_croc.i_core_wrap.i_ibex.cs_registers_i.u_mepc_csr ===

   Number of wires:                  8
   Number of wire bits:            132
   Number of public wires:           7
   Number of public wire bits:     100
   Number of ports:                  6
   Number of port bits:             68
   Number of memories:               0
   Number of memory bits:            0
   Number of processes:              0
   Number of cells:                  2
     $aldff_32                       1
     $mux_32                         1

=== cve2_csr$croc_chip.i_croc_soc.i_croc.i_core_wrap.i_ibex.cs_registers_i.u_mie_csr ===

   Number of wires:                  8
   Number of wire bits:             80
   Number of public wires:           7
   Number of public wire bits:      61
   Number of ports:                  6
   Number of port bits:             42
   Number of memories:               0
   Number of memory bits:            0
   Number of processes:              0
   Number of cells:                  2
     $aldff_19                       1
     $mux_19                         1

=== cve2_csr$croc_chip.i_croc_soc.i_croc.i_core_wrap.i_ibex.cs_registers_i.u_mscratch_csr ===

   Number of wires:                  8
   Number of wire bits:            132
   Number of public wires:           7
   Number of public wire bits:     100
   Number of ports:                  6
   Number of port bits:             68
   Number of memories:               0
   Number of memory bits:            0
   Number of processes:              0
   Number of cells:                  2
     $aldff_32                       1
     $mux_32                         1

=== cve2_csr$croc_chip.i_croc_soc.i_croc.i_core_wrap.i_ibex.cs_registers_i.u_mstack_cause_csr ===

   Number of wires:                  8
   Number of wire bits:             32
   Number of public wires:           7
   Number of public wire bits:      25
   Number of ports:                  6
   Number of port bits:             18
   Number of memories:               0
   Number of memory bits:            0
   Number of processes:              0
   Number of cells:                  2
     $aldff_7                        1
     $mux_7                          1

=== cve2_csr$croc_chip.i_croc_soc.i_croc.i_core_wrap.i_ibex.cs_registers_i.u_mstack_csr ===

   Number of wires:                  8
   Number of wire bits:             16
   Number of public wires:           7
   Number of public wire bits:      13
   Number of ports:                  6
   Number of port bits:             10
   Number of memories:               0
   Number of memory bits:            0
   Number of processes:              0
   Number of cells:                  2
     $aldff_3                        1
     $mux_3                          1

=== cve2_csr$croc_chip.i_croc_soc.i_croc.i_core_wrap.i_ibex.cs_registers_i.u_mstack_epc_csr ===

   Number of wires:                  8
   Number of wire bits:            132
   Number of public wires:           7
   Number of public wire bits:     100
   Number of ports:                  6
   Number of port bits:             68
   Number of memories:               0
   Number of memory bits:            0
   Number of processes:              0
   Number of cells:                  2
     $aldff_32                       1
     $mux_32                         1

=== cve2_csr$croc_chip.i_croc_soc.i_croc.i_core_wrap.i_ibex.cs_registers_i.u_mstatus_csr ===

   Number of wires:                  8
   Number of wire bits:             28
   Number of public wires:           7
   Number of public wire bits:      22
   Number of ports:                  6
   Number of port bits:             16
   Number of memories:               0
   Number of memory bits:            0
   Number of processes:              0
   Number of cells:                  2
     $aldff_6                        1
     $mux_6                          1

=== cve2_csr$croc_chip.i_croc_soc.i_croc.i_core_wrap.i_ibex.cs_registers_i.u_mtval_csr ===

   Number of wires:                  8
   Number of wire bits:            132
   Number of public wires:           7
   Number of public wire bits:     100
   Number of ports:                  6
   Number of port bits:             68
   Number of memories:               0
   Number of memory bits:            0
   Number of processes:              0
   Number of cells:                  2
     $aldff_32                       1
     $mux_32                         1

=== cve2_csr$croc_chip.i_croc_soc.i_croc.i_core_wrap.i_ibex.cs_registers_i.u_mtvec_csr ===

   Number of wires:                  8
   Number of wire bits:            132
   Number of public wires:           7
   Number of public wire bits:     100
   Number of ports:                  6
   Number of port bits:             68
   Number of memories:               0
   Number of memory bits:            0
   Number of processes:              0
   Number of cells:                  2
     $aldff_32                       1
     $mux_32                         1

=== cve2_decoder$croc_chip.i_croc_soc.i_croc.i_core_wrap.i_ibex.id_stage_i.decoder_i ===

   Number of wires:                596
   Number of wire bits:           1198
   Number of public wires:          63
   Number of public wire bits:     436
   Number of ports:                 46
   Number of port bits:            319
   Number of memories:               1
   Number of memory bits:           32
   Number of processes:              0
   Number of cells:                585
     $eq_10                         36
     $eq_12                          8
     $eq_2                          15
     $eq_3                          46
     $eq_5                          14
     $eq_7                         180
     $logic_and_1                    1
     $logic_not_10                   2
     $logic_not_12                   2
     $logic_not_2                    7
     $logic_not_3                    9
     $logic_not_5                    4
     $logic_or_1                     2
     $meminit                        1
     $memrd_v2                       1
     $mux_1                        157
     $mux_2                         29
     $mux_3                         11
     $mux_7                         22
     $not_1                          1
     $pmux_1                        16
     $pmux_2                         8
     $pmux_3                         1
     $pmux_7                         5
     $reduce_bool_3                  1
     $reduce_bool_5                  2
     $reduce_or_10                   1
     $reduce_or_2                    1
     $reduce_or_6                    2

=== cve2_ex_block$croc_chip.i_croc_soc.i_croc.i_core_wrap.i_ibex.ex_block_i ===

   Number of wires:                 35
   Number of wire bits:            681
   Number of public wires:          34
   Number of public wire bits:     680
   Number of ports:                 22
   Number of port bits:            382
   Number of memories:               0
   Number of memory bits:            0
   Number of processes:              0
   Number of cells:                  3
     $not_1                          1
     $reduce_or_2                    1
     cve2_alu$croc_chip.i_croc_soc.i_croc.i_core_wrap.i_ibex.ex_block_i.alu_i      1

=== cve2_fetch_fifo$croc_chip.i_croc_soc.i_croc.i_core_wrap.i_ibex.if_stage_i.prefetch_buffer_i.fifo_i ===

   Number of wires:                 89
   Number of wire bits:            695
   Number of public wires:          40
   Number of public wire bits:     523
   Number of ports:                 14
   Number of port bits:            139
   Number of memories:               0
   Number of memory bits:            0
   Number of processes:              0
   Number of cells:                 94
     $add_31                         1
     $aldff_1                        3
     $aldff_3                        1
     $aldff_31                       1
     $aldff_32                       3
     $and_1                         27
     $mux_1                         18
     $mux_31                         2
     $mux_32                         8
     $ne_2                           2
     $not_1                         17
     $or_1                          11

=== cve2_id_stage$croc_chip.i_croc_soc.i_croc.i_core_wrap.i_ibex.id_stage_i ===

   Number of wires:                333
   Number of wire bits:           1551
   Number of public wires:         168
   Number of public wire bits:    1289
   Number of ports:                 93
   Number of port bits:            760
   Number of memories:               0
   Number of memory bits:            0
   Number of processes:              0
   Number of cells:                211
     $aldff_1                        3
     $aldff_34                       2
     $and_1                         32
     $eq_12                          7
     $eq_2                           5
     $eq_3                           5
     $eq_7                           1
     $logic_and_1                    2
     $logic_not_2                    1
     $logic_not_3                    1
     $logic_or_1                     7
     $mux_1                         89
     $mux_2                          1
     $mux_3                          1
     $mux_32                         3
     $mux_34                         2
     $not_1                         27
     $or_1                           9
     $pmux_1                         7
     $pmux_32                        3
     $reduce_bool_2                  1
     cve2_controller$croc_chip.i_croc_soc.i_croc.i_core_wrap.i_ibex.id_stage_i.controller_i      1
     cve2_decoder$croc_chip.i_croc_soc.i_croc.i_core_wrap.i_ibex.id_stage_i.decoder_i      1

=== cve2_if_stage$croc_chip.i_croc_soc.i_croc.i_core_wrap.i_ibex.if_stage_i ===

   Number of wires:                 94
   Number of wire bits:            744
   Number of public wires:          62
   Number of public wire bits:     604
   Number of ports:                 35
   Number of port bits:            400
   Number of memories:               0
   Number of memory bits:            0
   Number of processes:              0
   Number of cells:                 52
     $aldff_1                        6
     $aldff_16                       1
     $aldff_32                       3
     $and_1                         11
     $eq_2                           3
     $eq_3                           4
     $logic_not_2                    1
     $logic_not_3                    1
     $mux_1                          4
     $mux_16                         1
     $mux_32                         3
     $not_1                          6
     $or_1                           4
     $pmux_32                        2
     cve2_compressed_decoder$croc_chip.i_croc_soc.i_croc.i_core_wrap.i_ibex.if_stage_i.compressed_decoder_i      1
     cve2_prefetch_buffer$croc_chip.i_croc_soc.i_croc.i_core_wrap.i_ibex.if_stage_i.prefetch_buffer_i      1

=== cve2_load_store_unit$croc_chip.i_croc_soc.i_croc.i_core_wrap.i_ibex.load_store_unit_i ===

   Number of wires:                324
   Number of wire bits:           1495
   Number of public wires:          57
   Number of public wire bits:     590
   Number of ports:                 28
   Number of port bits:            249
   Number of memories:               0
   Number of memory bits:            0
   Number of processes:              0
   Number of cells:                305
     $aldff_1                        5
     $aldff_2                        2
     $aldff_24                       1
     $aldff_3                        1
     $aldff_32                       1
     $and_1                          9
     $eq_2                          42
     $eq_3                          46
     $logic_and_1                    2
     $logic_not_2                   16
     $logic_not_3                   24
     $logic_or_1                     4
     $mux_1                         62
     $mux_2                          2
     $mux_24                         1
     $mux_3                         19
     $mux_32                        18
     $mux_4                         11
     $not_1                         10
     $or_1                           5
     $pmux_1                         8
     $pmux_3                         1
     $pmux_32                        5
     $pmux_4                         5
     $reduce_bool_2                  1
     $reduce_bool_3                  1
     $reduce_or_2                    3

=== cve2_prefetch_buffer$croc_chip.i_croc_soc.i_croc.i_core_wrap.i_ibex.if_stage_i.prefetch_buffer_i ===

   Number of wires:                 77
   Number of wire bits:            582
   Number of public wires:          45
   Number of public wire bits:     425
   Number of ports:                 18
   Number of port bits:            173
   Number of memories:               0
   Number of memory bits:            0
   Number of processes:              0
   Number of cells:                 56
     $add_32                         1
     $aldff_1                        2
     $aldff_2                        2
     $aldff_32                       2
     $and_1                         19
     $logic_not_1                    1
     $mux_2                          2
     $mux_32                         5
     $not_1                          7
     $or_1                          11
     $or_2                           1
     $reduce_and_2                   1
     $reduce_or_2                    1
     cve2_fetch_fifo$croc_chip.i_croc_soc.i_croc.i_core_wrap.i_ibex.if_stage_i.prefetch_buffer_i.fifo_i      1

=== cve2_register_file_ff$croc_chip.i_croc_soc.i_croc.i_core_wrap.i_ibex.register_file_i ===

   Number of wires:                 80
   Number of wire bits:           3252
   Number of public wires:          14
   Number of public wire bits:    2163
   Number of ports:                 10
   Number of port bits:            115
   Number of memories:               0
   Number of memory bits:            0
   Number of processes:              0
   Number of cells:                130
     $aldff_32                      31
     $bmux_32_5                      2
     $eq_5                          31
     $lt_7                           2
     $mux_1                         31
     $mux_32                        33

=== cve2_wb$croc_chip.i_croc_soc.i_croc.i_core_wrap.i_ibex.wb_i ===

   Number of wires:                 24
   Number of wire bits:            251
   Number of public wires:          19
   Number of public wire bits:     184
   Number of ports:                 17
   Number of port bits:            118
   Number of memories:               0
   Number of memory bits:            0
   Number of processes:              0
   Number of cells:                  9
     $and_1                          4
     $and_32                         2
     $not_1                          1
     $or_32                          1
     $reduce_or_2                    1

=== debug_rom$croc_chip.i_croc_soc.i_croc.i_dm_top.i_dm_top.i_dm_mem.gen_rom_snd_scratch.i_debug_rom ===

   Number of wires:                 12
   Number of wire bits:           1551
   Number of public wires:           8
   Number of public wire bits:    1421
   Number of ports:                  5
   Number of port bits:            131
   Number of memories:               0
   Number of memory bits:            0
   Number of processes:              0
   Number of cells:                  7
     $aldff_5                        1
     $bmux_64_5                      1
     $lt_5                           1
     $lt_7                           1
     $mux_5                          1
     $mux_64                         2

=== delta_counter$croc_chip.i_croc_soc.i_croc.i_main_xbar.gen_demux[0].i_demux.i_counter ===

   Number of wires:                 23
   Number of wire bits:             36
   Number of public wires:          12
   Number of public wire bits:      14
   Number of ports:                 10
   Number of port bits:             10
   Number of memories:               0
   Number of memory bits:            0
   Number of processes:              0
   Number of cells:                 13
     $add_2                          1
     $aldff_2                        1
     $mux_2                         10
     $sub_2                          1

=== delta_counter$croc_chip.i_croc_soc.i_croc.i_main_xbar.gen_demux[1].i_demux.i_counter ===

   Number of wires:                 23
   Number of wire bits:             36
   Number of public wires:          12
   Number of public wire bits:      14
   Number of ports:                 10
   Number of port bits:             10
   Number of memories:               0
   Number of memory bits:            0
   Number of processes:              0
   Number of cells:                 13
     $add_2                          1
     $aldff_2                        1
     $mux_2                         10
     $sub_2                          1

=== delta_counter$croc_chip.i_croc_soc.i_croc.i_main_xbar.gen_demux[2].i_demux.i_counter ===

   Number of wires:                 23
   Number of wire bits:             36
   Number of public wires:          12
   Number of public wire bits:      14
   Number of ports:                 10
   Number of port bits:             10
   Number of memories:               0
   Number of memory bits:            0
   Number of processes:              0
   Number of cells:                 13
     $add_2                          1
     $aldff_2                        1
     $mux_2                         10
     $sub_2                          1

=== delta_counter$croc_chip.i_croc_soc.i_croc.i_main_xbar.gen_demux[3].i_demux.i_counter ===

   Number of wires:                 23
   Number of wire bits:             36
   Number of public wires:          12
   Number of public wire bits:      14
   Number of ports:                 10
   Number of port bits:             10
   Number of memories:               0
   Number of memory bits:            0
   Number of processes:              0
   Number of cells:                 13
     $add_2                          1
     $aldff_2                        1
     $mux_2                         10
     $sub_2                          1

=== delta_counter$croc_chip.i_croc_soc.i_croc.i_main_xbar.gen_demux[4].i_demux.i_counter ===

   Number of wires:                 23
   Number of wire bits:             36
   Number of public wires:          12
   Number of public wire bits:      14
   Number of ports:                 10
   Number of port bits:             10
   Number of memories:               0
   Number of memory bits:            0
   Number of processes:              0
   Number of cells:                 13
     $add_2                          1
     $aldff_2                        1
     $mux_2                         10
     $sub_2                          1

=== delta_counter$croc_chip.i_croc_soc.i_croc.i_main_xbar.gen_demux[5].i_demux.i_counter ===

   Number of wires:                 23
   Number of wire bits:             36
   Number of public wires:          12
   Number of public wire bits:      14
   Number of ports:                 10
   Number of port bits:             10
   Number of memories:               0
   Number of memory bits:            0
   Number of processes:              0
   Number of cells:                 13
     $add_2                          1
     $aldff_2                        1
     $mux_2                         10
     $sub_2                          1

=== delta_counter$croc_chip.i_croc_soc.i_croc.i_obi_demux.i_counter ===

   Number of wires:                 23
   Number of wire bits:             36
   Number of public wires:          12
   Number of public wire bits:      14
   Number of ports:                 10
   Number of port bits:             10
   Number of memories:               0
   Number of memory bits:            0
   Number of processes:              0
   Number of cells:                 13
     $add_2                          1
     $aldff_2                        1
     $mux_2                         10
     $sub_2                          1

=== delta_counter$croc_chip.i_croc_soc.i_croc.i_uart.i_uart_baudgen.i_baudrate_counter.i_counter ===

   Number of wires:                 23
   Number of wire bits:             84
   Number of public wires:          12
   Number of public wire bits:      29
   Number of ports:                 10
   Number of port bits:             19
   Number of memories:               0
   Number of memory bits:            0
   Number of processes:              0
   Number of cells:                 13
     $add_5                          1
     $aldff_5                        1
     $mux_5                         10
     $sub_5                          1

=== delta_counter$croc_chip.i_croc_soc.i_croc.i_uart.i_uart_baudgen.i_oversample_counter.i_counter ===

   Number of wires:                 23
   Number of wire bits:            276
   Number of public wires:          12
   Number of public wire bits:      89
   Number of ports:                 10
   Number of port bits:             55
   Number of memories:               0
   Number of memory bits:            0
   Number of processes:              0
   Number of cells:                 13
     $add_17                         1
     $aldff_17                       1
     $mux_17                        10
     $sub_17                         1

=== delta_counter$croc_chip.i_croc_soc.i_croc.i_uart.i_uart_rx.i_counter.i_counter ===

   Number of wires:                 23
   Number of wire bits:            100
   Number of public wires:          12
   Number of public wire bits:      34
   Number of ports:                 10
   Number of port bits:             22
   Number of memories:               0
   Number of memory bits:            0
   Number of processes:              0
   Number of cells:                 13
     $add_6                          1
     $aldff_6                        1
     $mux_6                         10
     $sub_6                          1

=== delta_counter$croc_chip.i_croc_soc.i_user.i_obi_demux.i_counter ===

   Number of wires:                 23
   Number of wire bits:             36
   Number of public wires:          12
   Number of public wire bits:      14
   Number of ports:                 10
   Number of port bits:             10
   Number of memories:               0
   Number of memory bits:            0
   Number of processes:              0
   Number of cells:                 13
     $add_2                          1
     $aldff_2                        1
     $mux_2                         10
     $sub_2                          1

=== dm_csrs$croc_chip.i_croc_soc.i_croc.i_dm_top.i_dm_top.i_dm_csrs ===

   Number of wires:                522
   Number of wire bits:           7953
   Number of public wires:          99
   Number of public wire bits:    2477
   Number of ports:                 46
   Number of port bits:            742
   Number of memories:               0
   Number of memory bits:            0
   Number of processes:              0
   Number of cells:                509
     $aldff_1                       22
     $aldff_10                       2
     $aldff_12                       1
     $aldff_16                       1
     $aldff_2                        1
     $aldff_24                       1
     $aldff_3                        4
     $aldff_32                      10
     $aldff_4                        1
     $aldff_6                        1
     $aldff_64                       2
     $aldff_7                        1
     $aldff_8                        1
     $and_1                          9
     $and_2                          1
     $and_3                          1
     $bmux_1_1                      14
     $bmux_1_4                       2
     $bmux_1_5                       2
     $bmux_32_1                      2
     $bmux_32_3                      1
     $bwmux                          2
     $demux_1_1                      1
     $demux_32_1                     1
     $demux_32_3                     1
     $eq_2                           2
     $eq_8                          24
     $ge_2                           4
     $ge_4                           1
     $ge_8                           4
     $gt_32                          2
     $le_1                           1
     $le_8                           4
     $logic_and_1                   15
     $logic_not_1                    1
     $logic_not_3                   10
     $logic_or_1                     6
     $lt_10                          1
     $lt_11                          1
     $lt_15                          1
     $lt_16                          1
     $lt_2                           2
     $lt_3                          18
     $lt_5                           3
     $lt_6                           3
     $lt_7                           2
     $mux_1                         90
     $mux_2                         53
     $mux_22                         5
     $mux_256                        7
     $mux_3                         59
     $mux_32                        58
     $mux_34                         1
     $mux_64                        15
     $mux_9                          5
     $not_1                         11
     $not_2                          1
     $not_3                          1
     $pmux_1                         4
     $pmux_2                         2
     $pmux_3                         2
     $pmux_32                        1
     $reduce_or_3                    1
     $sub_8                          1
     fifo_v3$croc_chip.i_croc_soc.i_croc.i_dm_top.i_dm_top.i_dm_csrs.i_fifo      1

=== dm_mem$croc_chip.i_croc_soc.i_croc.i_dm_top.i_dm_top.i_dm_mem ===

   Number of wires:                504
   Number of wire bits:          10372
   Number of public wires:          58
   Number of public wire bits:    1764
   Number of ports:                 25
   Number of port bits:            554
   Number of memories:               0
   Number of memory bits:            0
   Number of processes:              0
   Number of cells:                476
     $add_9                          1
     $aldff_1                        4
     $aldff_2                        1
     $aldff_64                       1
     $and_2                          2
     $and_64                         1
     $bmux_1_1                       8
     $bmux_32_1                      2
     $bmux_64_2                      1
     $bmux_64_3                      1
     $demux_1_1                      5
     $demux_8_3                      1
     $eq_12                          5
     $eq_2                          11
     $eq_32                          1
     $eq_5                           2
     $ge_12                          6
     $ge_13                          1
     $ge_2                           5
     $ge_32                          1
     $le_12                          5
     $logic_and_1                   28
     $logic_not_1                    8
     $logic_not_12                   1
     $logic_not_2                   10
     $logic_not_32                   1
     $logic_not_8                   28
     $logic_or_1                     1
     $lt_13                          1
     $lt_3                          14
     $lt_32                          2
     $lt_4                           1
     $lt_5                           1
     $mux_1                         60
     $mux_128                       22
     $mux_2                         31
     $mux_3                          8
     $mux_32                        54
     $mux_64                        31
     $mux_8                         81
     $mux_96                        11
     $not_2                          2
     $or_2                           2
     $pmux_1                         1
     $pmux_2                         2
     $pmux_64                        1
     $reduce_bool_2                  2
     $sub_12                         1
     $sub_32                         2
     $sub_9                          3
     debug_rom$croc_chip.i_croc_soc.i_croc.i_dm_top.i_dm_top.i_dm_mem.gen_rom_snd_scratch.i_debug_rom      1

=== dm_obi_top$croc_chip.i_croc_soc.i_croc.i_dm_top ===

   Number of wires:                 39
   Number of wire bits:            347
   Number of public wires:          37
   Number of public wire bits:     342
   Number of ports:                 35
   Number of port bits:            337
   Number of memories:               0
   Number of memory bits:            0
   Number of processes:              0
   Number of cells:                  5
     $aldff_1                        1
     $aldff_4                        1
     $mux_1                          1
     $mux_4                          1
     dm_top$croc_chip.i_croc_soc.i_croc.i_dm_top.i_dm_top      1

=== dm_sba$croc_chip.i_croc_soc.i_croc.i_dm_top.i_dm_top.i_dm_sba ===

   Number of wires:                171
   Number of wire bits:            755
   Number of public wires:          41
   Number of public wire bits:     370
   Number of ports:                 28
   Number of port bits:            252
   Number of memories:               0
   Number of memory bits:            0
   Number of processes:              0
   Number of cells:                146
     $add_32                         1
     $aldff_3                        1
     $and_2                          1
     $and_32                         1
     $and_4                          1
     $demux_1_2                      1
     $eq_3                          38
     $ge_3                           1
     $gt_32                          1
     $logic_and_1                    5
     $logic_not_3                    5
     $lt_4                           1
     $mul_32                         2
     $mux_1                         28
     $mux_3                         36
     $mux_32                         1
     $mux_4                          2
     $neg_33                         2
     $not_32                         1
     $pmux_1                         3
     $pmux_3                         2
     $pmux_4                         2
     $reduce_bool_3                  3
     $reduce_or_32                   1
     $shift_33                       1
     $shiftx_33                      1
     $shl_32                         3
     $shr_32                         1

=== dm_top$croc_chip.i_croc_soc.i_croc.i_dm_top.i_dm_top ===

   Number of wires:                 64
   Number of wire bits:            952
   Number of public wires:          64
   Number of public wire bits:     952
   Number of ports:                 33
   Number of port bits:            360
   Number of memories:               0
   Number of memory bits:            0
   Number of processes:              0
   Number of cells:                  3
     dm_csrs$croc_chip.i_croc_soc.i_croc.i_dm_top.i_dm_top.i_dm_csrs      1
     dm_mem$croc_chip.i_croc_soc.i_croc.i_dm_top.i_dm_top.i_dm_mem      1
     dm_sba$croc_chip.i_croc_soc.i_croc.i_dm_top.i_dm_top.i_dm_sba      1

=== dma$croc_chip.i_croc_soc.i_croc.i_dma ===

   Number of wires:                789
   Number of wire bits:           7436
   Number of public wires:          92
   Number of public wire bits:    1242
   Number of ports:                  9
   Number of port bits:            336
   Number of memories:               0
   Number of memory bits:            0
   Number of processes:              0
   Number of cells:                770
     $add_32                        11
     $aldff_1                       14
     $aldff_11                       3
     $aldff_2                        1
     $aldff_3                        1
     $aldff_32                       9
     $aldff_4                        2
     $aldff_8                        4
     $and_8                          1
     $eq_11                          2
     $eq_2                          59
     $eq_3                          68
     $eq_8                          31
     $logic_and_1                    3
     $logic_not_1                    2
     $logic_not_2                    7
     $logic_not_3                   12
     $logic_not_8                    5
     $mod_32                         2
     $mul_32                         1
     $mux_1                        198
     $mux_11                        24
     $mux_2                         21
     $mux_3                         53
     $mux_32                       144
     $mux_4                         23
     $mux_8                         44
     $ne_8                           1
     $pmux_1                         6
     $pmux_11                        2
     $pmux_2                         1
     $pmux_3                         1
     $pmux_32                        6
     $pmux_4                         1
     $reduce_bool_2                  1
     $reduce_bool_8                  1
     $shl_32                         2
     $shr_32                         1
     dma_fifo_buffer$croc_chip.i_croc_soc.i_croc.i_dma.i_dma_fifo_buffer      1
     dma_interrupt_handler$croc_chip.i_croc_soc.i_croc.i_dma.i_dma_interupt_handler      1

=== dma_fifo_buffer$croc_chip.i_croc_soc.i_croc.i_dma.i_dma_fifo_buffer ===

   Number of wires:                 36
   Number of wire bits:            317
   Number of public wires:          16
   Number of public wire bits:      80
   Number of ports:                 10
   Number of port bits:             72
   Number of memories:               1
   Number of memory bits:           64
   Number of processes:              0
   Number of cells:                 32
     $add_32                         3
     $aldff_1                        2
     $aldff_2                        1
     $eq_2                           5
     $logic_and_1                    5
     $logic_not_1                    5
     $logic_not_2                    1
     $memrd_v2                       1
     $memwr_v2                       1
     $mod_32                         2
     $mux_1                          3
     $mux_32                         1
     $pmux_2                         1
     $sub_32                         1

=== dma_interrupt_handler$croc_chip.i_croc_soc.i_croc.i_dma.i_dma_interupt_handler ===

   Number of wires:                  9
   Number of wire bits:              9
   Number of public wires:           7
   Number of public wire bits:       7
   Number of ports:                  5
   Number of port bits:              5
   Number of memories:               0
   Number of memory bits:            0
   Number of processes:              0
   Number of cells:                  4
     $aldff_1                        1
     $mux_1                          3

=== dmi_cdc$croc_chip.i_croc_soc.i_croc.i_dmi_jtag.i_dmi_cdc ===

   Number of wires:                 24
   Number of wire bits:            170
   Number of public wires:          22
   Number of public wire bits:     168
   Number of ports:                 18
   Number of port bits:            164
   Number of memories:               0
   Number of memory bits:            0
   Number of processes:              0
   Number of cells:                  7
     $aldff_1                        2
     $logic_and_1                    1
     $logic_not_1                    1
     $not_1                          1
     cdc_2phase_clearable$croc_chip.i_croc_soc.i_croc.i_dmi_jtag.i_dmi_cdc.i_cdc_req      1
     cdc_2phase_clearable$croc_chip.i_croc_soc.i_croc.i_dmi_jtag.i_dmi_cdc.i_cdc_resp      1

=== dmi_jtag$croc_chip.i_croc_soc.i_croc.i_dmi_jtag ===

   Number of wires:                230
   Number of wire bits:           2019
   Number of public wires:          46
   Number of public wire bits:     454
   Number of ports:                 16
   Number of port bits:             89
   Number of memories:               0
   Number of memory bits:            0
   Number of processes:              0
   Number of cells:                209
     $aldff_1                        3
     $aldff_14                       1
     $aldff_2                        2
     $aldff_3                        2
     $aldff_32                       1
     $aldff_4                        1
     $aldff_41                       1
     $aldff_6                        1
     $aldff_7                        1
     $eq_2                           9
     $eq_3                          32
     $logic_and_1                   11
     $logic_not_1                    1
     $logic_not_2                    5
     $logic_not_3                    9
     $logic_or_1                     2
     $mux_1                         37
     $mux_2                          8
     $mux_3                         28
     $mux_32                        17
     $mux_41                        20
     $mux_7                          6
     $pmux_1                         3
     $pmux_3                         2
     $pmux_32                        2
     $reduce_bool_2                  1
     $reduce_bool_3                  1
     dmi_cdc$croc_chip.i_croc_soc.i_croc.i_dmi_jtag.i_dmi_cdc      1
     dmi_jtag_tap$croc_chip.i_croc_soc.i_croc.i_dmi_jtag.i_dmi_jtag_tap      1

=== dmi_jtag_tap$croc_chip.i_croc_soc.i_croc.i_dmi_jtag.i_dmi_jtag_tap ===

   Number of wires:                105
   Number of wire bits:            435
   Number of public wires:          39
   Number of public wire bits:     123
   Number of ports:                 17
   Number of port bits:             17
   Number of memories:               0
   Number of memory bits:            0
   Number of processes:              0
   Number of cells:                 92
     $aldff_1                        3
     $aldff_32                       1
     $aldff_4                        1
     $aldff_5                        2
     $eq_4                          21
     $eq_5                           9
     $logic_not_4                    2
     $mux_1                         19
     $mux_32                         7
     $mux_4                         16
     $mux_5                          5
     $or_1                           1
     $pmux_1                         2
     $pmux_4                         1
     tc_clk_inverter$croc_chip.i_croc_soc.i_croc.i_dmi_jtag.i_dmi_jtag_tap.i_tck_inv      1
     tc_clk_mux2$croc_chip.i_croc_soc.i_croc.i_dmi_jtag.i_dmi_jtag_tap.i_dft_tck_mux      1

=== fifo_v3$croc_chip.i_croc_soc.i_croc.i_dm_top.i_dm_top.i_dm_csrs.i_fifo ===

   Number of wires:                 48
   Number of wire bits:            644
   Number of public wires:          19
   Number of public wire bits:     221
   Number of ports:                 11
   Number of port bits:             77
   Number of memories:               0
   Number of memory bits:            0
   Number of processes:              0
   Number of cells:                 41
     $add_32                         3
     $aldff_1                        2
     $aldff_2                        1
     $aldff_34                       2
     $bmux_34_1                      1
     $bwmux                          1
     $demux_34_1                     1
     $eq_2                           1
     $ge_2                           1
     $logic_and_1                    6
     $logic_not_2                    1
     $lt_3                           2
     $mux_1                          6
     $mux_2                          4
     $mux_34                         2
     $mux_68                         2
     $not_1                          4
     $sub_32                         1

=== fifo_v3$croc_chip.i_croc_soc.i_croc.i_main_xbar.gen_mux[0].i_mux.gen_no_id_assign.i_fifo ===

   Number of wires:                 48
   Number of wire bits:            210
   Number of public wires:          19
   Number of public wire bits:      35
   Number of ports:                 11
   Number of port bits:             15
   Number of memories:               0
   Number of memory bits:            0
   Number of processes:              0
   Number of cells:                 41
     $add_32                         3
     $aldff_1                        2
     $aldff_2                        1
     $aldff_3                        2
     $bmux_3_1                       1
     $bwmux                          1
     $demux_3_1                      1
     $eq_2                           1
     $ge_2                           1
     $logic_and_1                    6
     $logic_not_2                    1
     $lt_3                           2
     $mux_1                          6
     $mux_2                          4
     $mux_3                          2
     $mux_6                          2
     $not_1                          4
     $sub_32                         1

=== fifo_v3$croc_chip.i_croc_soc.i_croc.i_main_xbar.gen_mux[1].i_mux.gen_no_id_assign.i_fifo ===

   Number of wires:                 48
   Number of wire bits:            210
   Number of public wires:          19
   Number of public wire bits:      35
   Number of ports:                 11
   Number of port bits:             15
   Number of memories:               0
   Number of memory bits:            0
   Number of processes:              0
   Number of cells:                 41
     $add_32                         3
     $aldff_1                        2
     $aldff_2                        1
     $aldff_3                        2
     $bmux_3_1                       1
     $bwmux                          1
     $demux_3_1                      1
     $eq_2                           1
     $ge_2                           1
     $logic_and_1                    6
     $logic_not_2                    1
     $lt_3                           2
     $mux_1                          6
     $mux_2                          4
     $mux_3                          2
     $mux_6                          2
     $not_1                          4
     $sub_32                         1

=== fifo_v3$croc_chip.i_croc_soc.i_croc.i_main_xbar.gen_mux[2].i_mux.gen_no_id_assign.i_fifo ===

   Number of wires:                 48
   Number of wire bits:            210
   Number of public wires:          19
   Number of public wire bits:      35
   Number of ports:                 11
   Number of port bits:             15
   Number of memories:               0
   Number of memory bits:            0
   Number of processes:              0
   Number of cells:                 41
     $add_32                         3
     $aldff_1                        2
     $aldff_2                        1
     $aldff_3                        2
     $bmux_3_1                       1
     $bwmux                          1
     $demux_3_1                      1
     $eq_2                           1
     $ge_2                           1
     $logic_and_1                    6
     $logic_not_2                    1
     $lt_3                           2
     $mux_1                          6
     $mux_2                          4
     $mux_3                          2
     $mux_6                          2
     $not_1                          4
     $sub_32                         1

=== fifo_v3$croc_chip.i_croc_soc.i_croc.i_main_xbar.gen_mux[3].i_mux.gen_no_id_assign.i_fifo ===

   Number of wires:                 48
   Number of wire bits:            210
   Number of public wires:          19
   Number of public wire bits:      35
   Number of ports:                 11
   Number of port bits:             15
   Number of memories:               0
   Number of memory bits:            0
   Number of processes:              0
   Number of cells:                 41
     $add_32                         3
     $aldff_1                        2
     $aldff_2                        1
     $aldff_3                        2
     $bmux_3_1                       1
     $bwmux                          1
     $demux_3_1                      1
     $eq_2                           1
     $ge_2                           1
     $logic_and_1                    6
     $logic_not_2                    1
     $lt_3                           2
     $mux_1                          6
     $mux_2                          4
     $mux_3                          2
     $mux_6                          2
     $not_1                          4
     $sub_32                         1

=== fifo_v3$croc_chip.i_croc_soc.i_croc.i_main_xbar.gen_mux[4].i_mux.gen_no_id_assign.i_fifo ===

   Number of wires:                 48
   Number of wire bits:            210
   Number of public wires:          19
   Number of public wire bits:      35
   Number of ports:                 11
   Number of port bits:             15
   Number of memories:               0
   Number of memory bits:            0
   Number of processes:              0
   Number of cells:                 41
     $add_32                         3
     $aldff_1                        2
     $aldff_2                        1
     $aldff_3                        2
     $bmux_3_1                       1
     $bwmux                          1
     $demux_3_1                      1
     $eq_2                           1
     $ge_2                           1
     $logic_and_1                    6
     $logic_not_2                    1
     $lt_3                           2
     $mux_1                          6
     $mux_2                          4
     $mux_3                          2
     $mux_6                          2
     $not_1                          4
     $sub_32                         1

=== fifo_v3$croc_chip.i_croc_soc.i_croc.i_main_xbar.gen_mux[5].i_mux.gen_no_id_assign.i_fifo ===

   Number of wires:                 48
   Number of wire bits:            210
   Number of public wires:          19
   Number of public wire bits:      35
   Number of ports:                 11
   Number of port bits:             15
   Number of memories:               0
   Number of memory bits:            0
   Number of processes:              0
   Number of cells:                 41
     $add_32                         3
     $aldff_1                        2
     $aldff_2                        1
     $aldff_3                        2
     $bmux_3_1                       1
     $bwmux                          1
     $demux_3_1                      1
     $eq_2                           1
     $ge_2                           1
     $logic_and_1                    6
     $logic_not_2                    1
     $lt_3                           2
     $mux_1                          6
     $mux_2                          4
     $mux_3                          2
     $mux_6                          2
     $not_1                          4
     $sub_32                         1

=== fifo_v3$croc_chip.i_croc_soc.i_croc.i_periph_err.i_id_fifo ===

   Number of wires:                 48
   Number of wire bits:            198
   Number of public wires:          19
   Number of public wire bits:      33
   Number of ports:                 11
   Number of port bits:             17
   Number of memories:               0
   Number of memory bits:            0
   Number of processes:              0
   Number of cells:                 40
     $add_32                         3
     $aldff_1                        2
     $aldff_2                        1
     $aldff_4                        1
     $bwmux                          1
     $eq_2                           1
     $ge_2                           1
     $logic_and_1                    6
     $logic_not_2                    1
     $lt_2                           2
     $mux_1                          8
     $mux_2                          4
     $mux_4                          4
     $not_1                          4
     $sub_32                         1

=== fifo_v3$croc_chip.i_croc_soc.i_croc.i_uart.i_uart_rx.i_fifo_v3 ===

   Number of wires:                 48
   Number of wire bits:           1134
   Number of public wires:          19
   Number of public wire bits:     412
   Number of ports:                 11
   Number of port bits:             34
   Number of memories:               0
   Number of memory bits:            0
   Number of processes:              0
   Number of cells:                 55
     $add_32                         3
     $aldff_11                      16
     $aldff_4                        2
     $aldff_5                        1
     $bmux_11_4                      1
     $bwmux                          1
     $demux_11_4                     1
     $eq_5                           1
     $ge_5                           1
     $logic_and_1                    6
     $logic_not_5                    1
     $lt_6                           2
     $mux_11                         2
     $mux_176                        2
     $mux_4                          6
     $mux_5                          4
     $not_1                          4
     $sub_32                         1

=== fifo_v3$croc_chip.i_croc_soc.i_croc.i_uart.i_uart_tx.i_fifo_v3 ===

   Number of wires:                 48
   Number of wire bits:            882
   Number of public wires:          19
   Number of public wire bits:     310
   Number of ports:                 11
   Number of port bits:             28
   Number of memories:               0
   Number of memory bits:            0
   Number of processes:              0
   Number of cells:                 55
     $add_32                         3
     $aldff_4                        2
     $aldff_5                        1
     $aldff_8                       16
     $bmux_8_4                       1
     $bwmux                          1
     $demux_8_4                      1
     $eq_5                           1
     $ge_5                           1
     $logic_and_1                    6
     $logic_not_5                    1
     $lt_6                           2
     $mux_128                        2
     $mux_4                          6
     $mux_5                          4
     $mux_8                          2
     $not_1                          4
     $sub_32                         1

=== fifo_v3$croc_chip.i_croc_soc.i_croc.i_xbar_err.i_id_fifo ===

   Number of wires:                 48
   Number of wire bits:            198
   Number of public wires:          19
   Number of public wire bits:      33
   Number of ports:                 11
   Number of port bits:             17
   Number of memories:               0
   Number of memory bits:            0
   Number of processes:              0
   Number of cells:                 40
     $add_32                         3
     $aldff_1                        2
     $aldff_2                        1
     $aldff_4                        1
     $bwmux                          1
     $eq_2                           1
     $ge_2                           1
     $logic_and_1                    6
     $logic_not_2                    1
     $lt_2                           2
     $mux_1                          8
     $mux_2                          4
     $mux_4                          4
     $not_1                          4
     $sub_32                         1

=== fifo_v3$croc_chip.i_croc_soc.i_user.i_user_err.i_id_fifo ===

   Number of wires:                 48
   Number of wire bits:            198
   Number of public wires:          19
   Number of public wire bits:      33
   Number of ports:                 11
   Number of port bits:             17
   Number of memories:               0
   Number of memory bits:            0
   Number of processes:              0
   Number of cells:                 40
     $add_32                         3
     $aldff_1                        2
     $aldff_2                        1
     $aldff_4                        1
     $bwmux                          1
     $eq_2                           1
     $ge_2                           1
     $logic_and_1                    6
     $logic_not_2                    1
     $lt_2                           2
     $mux_1                          8
     $mux_2                          4
     $mux_4                          4
     $not_1                          4
     $sub_32                         1

=== gpio$croc_chip.i_croc_soc.i_croc.i_gpio ===

   Number of wires:                429
   Number of wire bits:           1141
   Number of public wires:         207
   Number of public wire bits:     919
   Number of ports:                  9
   Number of port bits:            246
   Number of memories:               0
   Number of memory bits:            0
   Number of processes:              0
   Number of cells:                576
     $aldff_1                       32
     $and_1                        288
     $mux_1                         32
     $mux_2                         32
     $not_1                        128
     $or_1                          31
     gpio_reg_top$croc_chip.i_croc_soc.i_croc.i_gpio.i_reg_file      1
     sync$croc_chip.i_croc_soc.i_croc.i_gpio.gen_gpios[0].i_sync      1
     sync$croc_chip.i_croc_soc.i_croc.i_gpio.gen_gpios[10].i_sync      1
     sync$croc_chip.i_croc_soc.i_croc.i_gpio.gen_gpios[11].i_sync      1
     sync$croc_chip.i_croc_soc.i_croc.i_gpio.gen_gpios[12].i_sync      1
     sync$croc_chip.i_croc_soc.i_croc.i_gpio.gen_gpios[13].i_sync      1
     sync$croc_chip.i_croc_soc.i_croc.i_gpio.gen_gpios[14].i_sync      1
     sync$croc_chip.i_croc_soc.i_croc.i_gpio.gen_gpios[15].i_sync      1
     sync$croc_chip.i_croc_soc.i_croc.i_gpio.gen_gpios[16].i_sync      1
     sync$croc_chip.i_croc_soc.i_croc.i_gpio.gen_gpios[17].i_sync      1
     sync$croc_chip.i_croc_soc.i_croc.i_gpio.gen_gpios[18].i_sync      1
     sync$croc_chip.i_croc_soc.i_croc.i_gpio.gen_gpios[19].i_sync      1
     sync$croc_chip.i_croc_soc.i_croc.i_gpio.gen_gpios[1].i_sync      1
     sync$croc_chip.i_croc_soc.i_croc.i_gpio.gen_gpios[20].i_sync      1
     sync$croc_chip.i_croc_soc.i_croc.i_gpio.gen_gpios[21].i_sync      1
     sync$croc_chip.i_croc_soc.i_croc.i_gpio.gen_gpios[22].i_sync      1
     sync$croc_chip.i_croc_soc.i_croc.i_gpio.gen_gpios[23].i_sync      1
     sync$croc_chip.i_croc_soc.i_croc.i_gpio.gen_gpios[24].i_sync      1
     sync$croc_chip.i_croc_soc.i_croc.i_gpio.gen_gpios[25].i_sync      1
     sync$croc_chip.i_croc_soc.i_croc.i_gpio.gen_gpios[26].i_sync      1
     sync$croc_chip.i_croc_soc.i_croc.i_gpio.gen_gpios[27].i_sync      1
     sync$croc_chip.i_croc_soc.i_croc.i_gpio.gen_gpios[28].i_sync      1
     sync$croc_chip.i_croc_soc.i_croc.i_gpio.gen_gpios[29].i_sync      1
     sync$croc_chip.i_croc_soc.i_croc.i_gpio.gen_gpios[2].i_sync      1
     sync$croc_chip.i_croc_soc.i_croc.i_gpio.gen_gpios[30].i_sync      1
     sync$croc_chip.i_croc_soc.i_croc.i_gpio.gen_gpios[31].i_sync      1
     sync$croc_chip.i_croc_soc.i_croc.i_gpio.gen_gpios[3].i_sync      1
     sync$croc_chip.i_croc_soc.i_croc.i_gpio.gen_gpios[4].i_sync      1
     sync$croc_chip.i_croc_soc.i_croc.i_gpio.gen_gpios[5].i_sync      1
     sync$croc_chip.i_croc_soc.i_croc.i_gpio.gen_gpios[6].i_sync      1
     sync$croc_chip.i_croc_soc.i_croc.i_gpio.gen_gpios[7].i_sync      1
     sync$croc_chip.i_croc_soc.i_croc.i_gpio.gen_gpios[8].i_sync      1
     sync$croc_chip.i_croc_soc.i_croc.i_gpio.gen_gpios[9].i_sync      1

=== gpio_reg_top$croc_chip.i_croc_soc.i_croc.i_gpio.i_reg_file ===

   Number of wires:                102
   Number of wire bits:           2697
   Number of public wires:          30
   Number of public wire bits:    1478
   Number of ports:                  6
   Number of port bits:            501
   Number of memories:               0
   Number of memory bits:            0
   Number of processes:              0
   Number of cells:                192
     $aldff_1                        5
     $aldff_12                       1
     $aldff_32                       7
     $and_1                         34
     $and_32                        11
     $eq_12                         25
     $logic_not_12                   4
     $mux_1                         69
     $mux_32                        21
     $mux_64                         1
     $not_1                          1
     $not_32                         5
     $or_32                          5
     $pmux_1                         2
     $pmux_32                        1

=== lzc$croc_chip.i_croc_soc.i_croc.i_main_xbar.gen_mux[0].i_mux.i_rr_arb.gen_arbiter.gen_int_rr.gen_fair_arb.i_lzc_lower ===

   Number of wires:                  7
   Number of wire bits:             66
   Number of public wires:           7
   Number of public wire bits:      66
   Number of ports:                  3
   Number of port bits:             10
   Number of memories:               0
   Number of memory bits:            0
   Number of processes:              0
   Number of cells:                 12
     $mux_3                          6
     $not_1                          1
     $or_1                           5

=== lzc$croc_chip.i_croc_soc.i_croc.i_main_xbar.gen_mux[0].i_mux.i_rr_arb.gen_arbiter.gen_int_rr.gen_fair_arb.i_lzc_upper ===

   Number of wires:                  7
   Number of wire bits:             66
   Number of public wires:           7
   Number of public wire bits:      66
   Number of ports:                  3
   Number of port bits:             10
   Number of memories:               0
   Number of memory bits:            0
   Number of processes:              0
   Number of cells:                 12
     $mux_3                          6
     $not_1                          1
     $or_1                           5

=== lzc$croc_chip.i_croc_soc.i_croc.i_main_xbar.gen_mux[1].i_mux.i_rr_arb.gen_arbiter.gen_int_rr.gen_fair_arb.i_lzc_lower ===

   Number of wires:                  7
   Number of wire bits:             66
   Number of public wires:           7
   Number of public wire bits:      66
   Number of ports:                  3
   Number of port bits:             10
   Number of memories:               0
   Number of memory bits:            0
   Number of processes:              0
   Number of cells:                 12
     $mux_3                          6
     $not_1                          1
     $or_1                           5

=== lzc$croc_chip.i_croc_soc.i_croc.i_main_xbar.gen_mux[1].i_mux.i_rr_arb.gen_arbiter.gen_int_rr.gen_fair_arb.i_lzc_upper ===

   Number of wires:                  7
   Number of wire bits:             66
   Number of public wires:           7
   Number of public wire bits:      66
   Number of ports:                  3
   Number of port bits:             10
   Number of memories:               0
   Number of memory bits:            0
   Number of processes:              0
   Number of cells:                 12
     $mux_3                          6
     $not_1                          1
     $or_1                           5

=== lzc$croc_chip.i_croc_soc.i_croc.i_main_xbar.gen_mux[2].i_mux.i_rr_arb.gen_arbiter.gen_int_rr.gen_fair_arb.i_lzc_lower ===

   Number of wires:                  7
   Number of wire bits:             66
   Number of public wires:           7
   Number of public wire bits:      66
   Number of ports:                  3
   Number of port bits:             10
   Number of memories:               0
   Number of memory bits:            0
   Number of processes:              0
   Number of cells:                 12
     $mux_3                          6
     $not_1                          1
     $or_1                           5

=== lzc$croc_chip.i_croc_soc.i_croc.i_main_xbar.gen_mux[2].i_mux.i_rr_arb.gen_arbiter.gen_int_rr.gen_fair_arb.i_lzc_upper ===

   Number of wires:                  7
   Number of wire bits:             66
   Number of public wires:           7
   Number of public wire bits:      66
   Number of ports:                  3
   Number of port bits:             10
   Number of memories:               0
   Number of memory bits:            0
   Number of processes:              0
   Number of cells:                 12
     $mux_3                          6
     $not_1                          1
     $or_1                           5

=== lzc$croc_chip.i_croc_soc.i_croc.i_main_xbar.gen_mux[3].i_mux.i_rr_arb.gen_arbiter.gen_int_rr.gen_fair_arb.i_lzc_lower ===

   Number of wires:                  7
   Number of wire bits:             66
   Number of public wires:           7
   Number of public wire bits:      66
   Number of ports:                  3
   Number of port bits:             10
   Number of memories:               0
   Number of memory bits:            0
   Number of processes:              0
   Number of cells:                 12
     $mux_3                          6
     $not_1                          1
     $or_1                           5

=== lzc$croc_chip.i_croc_soc.i_croc.i_main_xbar.gen_mux[3].i_mux.i_rr_arb.gen_arbiter.gen_int_rr.gen_fair_arb.i_lzc_upper ===

   Number of wires:                  7
   Number of wire bits:             66
   Number of public wires:           7
   Number of public wire bits:      66
   Number of ports:                  3
   Number of port bits:             10
   Number of memories:               0
   Number of memory bits:            0
   Number of processes:              0
   Number of cells:                 12
     $mux_3                          6
     $not_1                          1
     $or_1                           5

=== lzc$croc_chip.i_croc_soc.i_croc.i_main_xbar.gen_mux[4].i_mux.i_rr_arb.gen_arbiter.gen_int_rr.gen_fair_arb.i_lzc_lower ===

   Number of wires:                  7
   Number of wire bits:             66
   Number of public wires:           7
   Number of public wire bits:      66
   Number of ports:                  3
   Number of port bits:             10
   Number of memories:               0
   Number of memory bits:            0
   Number of processes:              0
   Number of cells:                 12
     $mux_3                          6
     $not_1                          1
     $or_1                           5

=== lzc$croc_chip.i_croc_soc.i_croc.i_main_xbar.gen_mux[4].i_mux.i_rr_arb.gen_arbiter.gen_int_rr.gen_fair_arb.i_lzc_upper ===

   Number of wires:                  7
   Number of wire bits:             66
   Number of public wires:           7
   Number of public wire bits:      66
   Number of ports:                  3
   Number of port bits:             10
   Number of memories:               0
   Number of memory bits:            0
   Number of processes:              0
   Number of cells:                 12
     $mux_3                          6
     $not_1                          1
     $or_1                           5

=== lzc$croc_chip.i_croc_soc.i_croc.i_main_xbar.gen_mux[5].i_mux.i_rr_arb.gen_arbiter.gen_int_rr.gen_fair_arb.i_lzc_lower ===

   Number of wires:                  7
   Number of wire bits:             66
   Number of public wires:           7
   Number of public wire bits:      66
   Number of ports:                  3
   Number of port bits:             10
   Number of memories:               0
   Number of memory bits:            0
   Number of processes:              0
   Number of cells:                 12
     $mux_3                          6
     $not_1                          1
     $or_1                           5

=== lzc$croc_chip.i_croc_soc.i_croc.i_main_xbar.gen_mux[5].i_mux.i_rr_arb.gen_arbiter.gen_int_rr.gen_fair_arb.i_lzc_upper ===

   Number of wires:                  7
   Number of wire bits:             66
   Number of public wires:           7
   Number of public wire bits:      66
   Number of ports:                  3
   Number of port bits:             10
   Number of memories:               0
   Number of memory bits:            0
   Number of processes:              0
   Number of cells:                 12
     $mux_3                          6
     $not_1                          1
     $or_1                           5

=== obi_demux$croc_chip.i_croc_soc.i_croc.i_main_xbar.gen_demux[0].i_demux ===

   Number of wires:                 56
   Number of wire bits:           4339
   Number of public wires:          15
   Number of public wire bits:     780
   Number of ports:                  7
   Number of port bits:            768
   Number of memories:               0
   Number of memory bits:            0
   Number of processes:              0
   Number of cells:                 47
     $aldff_3                        1
     $and_432                        1
     $bmux_37_3                      5
     $bmux_72_3                      1
     $bwmux                          1
     $demux_72_3                     2
     $eq_3                           1
     $ge_4                           2
     $logic_and_1                    4
     $logic_or_1                     2
     $lt_5                           8
     $mux_1                          4
     $mux_3                          1
     $mux_37                         5
     $mux_432                        3
     $mux_72                         3
     $not_1                          1
     $xor_1                          1
     delta_counter$croc_chip.i_croc_soc.i_croc.i_main_xbar.gen_demux[0].i_demux.i_counter      1

=== obi_demux$croc_chip.i_croc_soc.i_croc.i_main_xbar.gen_demux[1].i_demux ===

   Number of wires:                 56
   Number of wire bits:           4339
   Number of public wires:          15
   Number of public wire bits:     780
   Number of ports:                  7
   Number of port bits:            768
   Number of memories:               0
   Number of memory bits:            0
   Number of processes:              0
   Number of cells:                 47
     $aldff_3                        1
     $and_432                        1
     $bmux_37_3                      5
     $bmux_72_3                      1
     $bwmux                          1
     $demux_72_3                     2
     $eq_3                           1
     $ge_4                           2
     $logic_and_1                    4
     $logic_or_1                     2
     $lt_5                           8
     $mux_1                          4
     $mux_3                          1
     $mux_37                         5
     $mux_432                        3
     $mux_72                         3
     $not_1                          1
     $xor_1                          1
     delta_counter$croc_chip.i_croc_soc.i_croc.i_main_xbar.gen_demux[1].i_demux.i_counter      1

=== obi_demux$croc_chip.i_croc_soc.i_croc.i_main_xbar.gen_demux[2].i_demux ===

   Number of wires:                 56
   Number of wire bits:           4339
   Number of public wires:          15
   Number of public wire bits:     780
   Number of ports:                  7
   Number of port bits:            768
   Number of memories:               0
   Number of memory bits:            0
   Number of processes:              0
   Number of cells:                 47
     $aldff_3                        1
     $and_432                        1
     $bmux_37_3                      5
     $bmux_72_3                      1
     $bwmux                          1
     $demux_72_3                     2
     $eq_3                           1
     $ge_4                           2
     $logic_and_1                    4
     $logic_or_1                     2
     $lt_5                           8
     $mux_1                          4
     $mux_3                          1
     $mux_37                         5
     $mux_432                        3
     $mux_72                         3
     $not_1                          1
     $xor_1                          1
     delta_counter$croc_chip.i_croc_soc.i_croc.i_main_xbar.gen_demux[2].i_demux.i_counter      1

=== obi_demux$croc_chip.i_croc_soc.i_croc.i_main_xbar.gen_demux[3].i_demux ===

   Number of wires:                 56
   Number of wire bits:           4339
   Number of public wires:          15
   Number of public wire bits:     780
   Number of ports:                  7
   Number of port bits:            768
   Number of memories:               0
   Number of memory bits:            0
   Number of processes:              0
   Number of cells:                 47
     $aldff_3                        1
     $and_432                        1
     $bmux_37_3                      5
     $bmux_72_3                      1
     $bwmux                          1
     $demux_72_3                     2
     $eq_3                           1
     $ge_4                           2
     $logic_and_1                    4
     $logic_or_1                     2
     $lt_5                           8
     $mux_1                          4
     $mux_3                          1
     $mux_37                         5
     $mux_432                        3
     $mux_72                         3
     $not_1                          1
     $xor_1                          1
     delta_counter$croc_chip.i_croc_soc.i_croc.i_main_xbar.gen_demux[3].i_demux.i_counter      1

=== obi_demux$croc_chip.i_croc_soc.i_croc.i_main_xbar.gen_demux[4].i_demux ===

   Number of wires:                 56
   Number of wire bits:           4339
   Number of public wires:          15
   Number of public wire bits:     780
   Number of ports:                  7
   Number of port bits:            768
   Number of memories:               0
   Number of memory bits:            0
   Number of processes:              0
   Number of cells:                 47
     $aldff_3                        1
     $and_432                        1
     $bmux_37_3                      5
     $bmux_72_3                      1
     $bwmux                          1
     $demux_72_3                     2
     $eq_3                           1
     $ge_4                           2
     $logic_and_1                    4
     $logic_or_1                     2
     $lt_5                           8
     $mux_1                          4
     $mux_3                          1
     $mux_37                         5
     $mux_432                        3
     $mux_72                         3
     $not_1                          1
     $xor_1                          1
     delta_counter$croc_chip.i_croc_soc.i_croc.i_main_xbar.gen_demux[4].i_demux.i_counter      1

=== obi_demux$croc_chip.i_croc_soc.i_croc.i_main_xbar.gen_demux[5].i_demux ===

   Number of wires:                 56
   Number of wire bits:           4339
   Number of public wires:          15
   Number of public wire bits:     780
   Number of ports:                  7
   Number of port bits:            768
   Number of memories:               0
   Number of memory bits:            0
   Number of processes:              0
   Number of cells:                 47
     $aldff_3                        1
     $and_432                        1
     $bmux_37_3                      5
     $bmux_72_3                      1
     $bwmux                          1
     $demux_72_3                     2
     $eq_3                           1
     $ge_4                           2
     $logic_and_1                    4
     $logic_or_1                     2
     $lt_5                           8
     $mux_1                          4
     $mux_3                          1
     $mux_37                         5
     $mux_432                        3
     $mux_72                         3
     $not_1                          1
     $xor_1                          1
     delta_counter$croc_chip.i_croc_soc.i_croc.i_main_xbar.gen_demux[5].i_demux.i_counter      1

=== obi_demux$croc_chip.i_croc_soc.i_croc.i_obi_demux ===

   Number of wires:                 56
   Number of wire bits:           4958
   Number of public wires:          15
   Number of public wire bits:     937
   Number of ports:                  7
   Number of port bits:            925
   Number of memories:               0
   Number of memory bits:            0
   Number of processes:              0
   Number of cells:                 47
     $aldff_3                        1
     $and_525                        1
     $bmux_40_3                      5
     $bmux_75_3                      1
     $bwmux                          1
     $demux_75_3                     2
     $eq_3                           1
     $ge_4                           2
     $logic_and_1                    4
     $logic_or_1                     2
     $lt_5                           8
     $mux_1                          4
     $mux_3                          1
     $mux_40                         5
     $mux_525                        3
     $mux_75                         3
     $not_1                          1
     $xor_1                          1
     delta_counter$croc_chip.i_croc_soc.i_croc.i_obi_demux.i_counter      1

=== obi_demux$croc_chip.i_croc_soc.i_user.i_obi_demux ===

   Number of wires:                 56
   Number of wire bits:           1977
   Number of public wires:          15
   Number of public wire bits:     356
   Number of ports:                  7
   Number of port bits:            348
   Number of memories:               0
   Number of memory bits:            0
   Number of processes:              0
   Number of cells:                 47
     $aldff_1                        1
     $and_150                        1
     $bmux_40_1                      5
     $bmux_75_1                      1
     $bwmux                          1
     $demux_75_1                     2
     $eq_1                           1
     $ge_2                           2
     $logic_and_1                    4
     $logic_or_1                     2
     $lt_3                           8
     $mux_1                          5
     $mux_150                        3
     $mux_40                         5
     $mux_75                         3
     $not_1                          1
     $xor_1                          1
     delta_counter$croc_chip.i_croc_soc.i_user.i_obi_demux.i_counter      1

=== obi_err_sbr$croc_chip.i_croc_soc.i_croc.i_periph_err ===

   Number of wires:                 10
   Number of wire bits:            126
   Number of public wires:           9
   Number of public wire bits:     125
   Number of ports:                  5
   Number of port bits:            118
   Number of memories:               0
   Number of memory bits:            0
   Number of processes:              0
   Number of cells:                  4
     $logic_and_1                    1
     $not_1                          2
     fifo_v3$croc_chip.i_croc_soc.i_croc.i_periph_err.i_id_fifo      1

=== obi_err_sbr$croc_chip.i_croc_soc.i_croc.i_xbar_err ===

   Number of wires:                 10
   Number of wire bits:            126
   Number of public wires:           9
   Number of public wire bits:     125
   Number of ports:                  5
   Number of port bits:            118
   Number of memories:               0
   Number of memory bits:            0
   Number of processes:              0
   Number of cells:                  4
     $logic_and_1                    1
     $not_1                          2
     fifo_v3$croc_chip.i_croc_soc.i_croc.i_xbar_err.i_id_fifo      1

=== obi_err_sbr$croc_chip.i_croc_soc.i_user.i_user_err ===

   Number of wires:                 10
   Number of wire bits:            126
   Number of public wires:           9
   Number of public wire bits:     125
   Number of ports:                  5
   Number of port bits:            118
   Number of memories:               0
   Number of memory bits:            0
   Number of processes:              0
   Number of cells:                  4
     $logic_and_1                    1
     $not_1                          2
     fifo_v3$croc_chip.i_croc_soc.i_user.i_user_err.i_id_fifo      1

=== obi_mux$croc_chip.i_croc_soc.i_croc.i_main_xbar.gen_mux[0].i_mux ===

   Number of wires:                 50
   Number of wire bits:           3424
   Number of public wires:          18
   Number of public wire bits:    1506
   Number of ports:                  7
   Number of port bits:            772
   Number of memories:               0
   Number of memory bits:            0
   Number of processes:              0
   Number of cells:                 37
     $and_210                        1
     $and_6                          1
     $bwmux                          3
     $demux_1_3                      1
     $demux_35_3                     4
     $ge_4                           5
     $logic_and_1                    8
     $lt_5                           5
     $mux_1                          1
     $mux_35                         4
     $not_1                          2
     fifo_v3$croc_chip.i_croc_soc.i_croc.i_main_xbar.gen_mux[0].i_mux.gen_no_id_assign.i_fifo      1
     rr_arb_tree$croc_chip.i_croc_soc.i_croc.i_main_xbar.gen_mux[0].i_mux.i_rr_arb      1

=== obi_mux$croc_chip.i_croc_soc.i_croc.i_main_xbar.gen_mux[1].i_mux ===

   Number of wires:                 50
   Number of wire bits:           3424
   Number of public wires:          18
   Number of public wire bits:    1506
   Number of ports:                  7
   Number of port bits:            772
   Number of memories:               0
   Number of memory bits:            0
   Number of processes:              0
   Number of cells:                 37
     $and_210                        1
     $and_6                          1
     $bwmux                          3
     $demux_1_3                      1
     $demux_35_3                     4
     $ge_4                           5
     $logic_and_1                    8
     $lt_5                           5
     $mux_1                          1
     $mux_35                         4
     $not_1                          2
     fifo_v3$croc_chip.i_croc_soc.i_croc.i_main_xbar.gen_mux[1].i_mux.gen_no_id_assign.i_fifo      1
     rr_arb_tree$croc_chip.i_croc_soc.i_croc.i_main_xbar.gen_mux[1].i_mux.i_rr_arb      1

=== obi_mux$croc_chip.i_croc_soc.i_croc.i_main_xbar.gen_mux[2].i_mux ===

   Number of wires:                 50
   Number of wire bits:           3424
   Number of public wires:          18
   Number of public wire bits:    1506
   Number of ports:                  7
   Number of port bits:            772
   Number of memories:               0
   Number of memory bits:            0
   Number of processes:              0
   Number of cells:                 37
     $and_210                        1
     $and_6                          1
     $bwmux                          3
     $demux_1_3                      1
     $demux_35_3                     4
     $ge_4                           5
     $logic_and_1                    8
     $lt_5                           5
     $mux_1                          1
     $mux_35                         4
     $not_1                          2
     fifo_v3$croc_chip.i_croc_soc.i_croc.i_main_xbar.gen_mux[2].i_mux.gen_no_id_assign.i_fifo      1
     rr_arb_tree$croc_chip.i_croc_soc.i_croc.i_main_xbar.gen_mux[2].i_mux.i_rr_arb      1

=== obi_mux$croc_chip.i_croc_soc.i_croc.i_main_xbar.gen_mux[3].i_mux ===

   Number of wires:                 50
   Number of wire bits:           3424
   Number of public wires:          18
   Number of public wire bits:    1506
   Number of ports:                  7
   Number of port bits:            772
   Number of memories:               0
   Number of memory bits:            0
   Number of processes:              0
   Number of cells:                 37
     $and_210                        1
     $and_6                          1
     $bwmux                          3
     $demux_1_3                      1
     $demux_35_3                     4
     $ge_4                           5
     $logic_and_1                    8
     $lt_5                           5
     $mux_1                          1
     $mux_35                         4
     $not_1                          2
     fifo_v3$croc_chip.i_croc_soc.i_croc.i_main_xbar.gen_mux[3].i_mux.gen_no_id_assign.i_fifo      1
     rr_arb_tree$croc_chip.i_croc_soc.i_croc.i_main_xbar.gen_mux[3].i_mux.i_rr_arb      1

=== obi_mux$croc_chip.i_croc_soc.i_croc.i_main_xbar.gen_mux[4].i_mux ===

   Number of wires:                 50
   Number of wire bits:           3424
   Number of public wires:          18
   Number of public wire bits:    1506
   Number of ports:                  7
   Number of port bits:            772
   Number of memories:               0
   Number of memory bits:            0
   Number of processes:              0
   Number of cells:                 37
     $and_210                        1
     $and_6                          1
     $bwmux                          3
     $demux_1_3                      1
     $demux_35_3                     4
     $ge_4                           5
     $logic_and_1                    8
     $lt_5                           5
     $mux_1                          1
     $mux_35                         4
     $not_1                          2
     fifo_v3$croc_chip.i_croc_soc.i_croc.i_main_xbar.gen_mux[4].i_mux.gen_no_id_assign.i_fifo      1
     rr_arb_tree$croc_chip.i_croc_soc.i_croc.i_main_xbar.gen_mux[4].i_mux.i_rr_arb      1

=== obi_mux$croc_chip.i_croc_soc.i_croc.i_main_xbar.gen_mux[5].i_mux ===

   Number of wires:                 50
   Number of wire bits:           3424
   Number of public wires:          18
   Number of public wire bits:    1506
   Number of ports:                  7
   Number of port bits:            772
   Number of memories:               0
   Number of memory bits:            0
   Number of processes:              0
   Number of cells:                 37
     $and_210                        1
     $and_6                          1
     $bwmux                          3
     $demux_1_3                      1
     $demux_35_3                     4
     $ge_4                           5
     $logic_and_1                    8
     $lt_5                           5
     $mux_1                          1
     $mux_35                         4
     $not_1                          2
     fifo_v3$croc_chip.i_croc_soc.i_croc.i_main_xbar.gen_mux[5].i_mux.gen_no_id_assign.i_fifo      1
     rr_arb_tree$croc_chip.i_croc_soc.i_croc.i_main_xbar.gen_mux[5].i_mux.i_rr_arb      1

=== obi_sram_shim$croc_chip.i_croc_soc.i_croc.gen_sram_bank[0].i_sram_shim ===

   Number of wires:                 15
   Number of wire bits:            230
   Number of public wires:          15
   Number of public wire bits:     230
   Number of ports:                 11
   Number of port bits:            220
   Number of memories:               0
   Number of memory bits:            0
   Number of processes:              0
   Number of cells:                  3
     $aldff_1                        1
     $aldff_4                        1
     $and_1                          1

=== obi_sram_shim$croc_chip.i_croc_soc.i_croc.gen_sram_bank[1].i_sram_shim ===

   Number of wires:                 15
   Number of wire bits:            230
   Number of public wires:          15
   Number of public wire bits:     230
   Number of ports:                 11
   Number of port bits:            220
   Number of memories:               0
   Number of memory bits:            0
   Number of processes:              0
   Number of cells:                  3
     $aldff_1                        1
     $aldff_4                        1
     $and_1                          1

=== obi_uart$croc_chip.i_croc_soc.i_croc.i_uart ===

   Number of wires:                 25
   Number of wire bits:            251
   Number of public wires:          25
   Number of public wire bits:     251
   Number of ports:                 16
   Number of port bits:            129
   Number of memories:               0
   Number of memory bits:            0
   Number of processes:              0
   Number of cells:                  8
     $mux_1                          2
     obi_uart_baudgen$croc_chip.i_croc_soc.i_croc.i_uart.i_uart_baudgen      1
     obi_uart_interrupts$croc_chip.i_croc_soc.i_croc.i_uart.i_uart_interrupts      1
     obi_uart_modem$croc_chip.i_croc_soc.i_croc.i_uart.i_uart_modem      1
     obi_uart_register$croc_chip.i_croc_soc.i_croc.i_uart.i_uart_register      1
     obi_uart_rx$croc_chip.i_croc_soc.i_croc.i_uart.i_uart_rx      1
     obi_uart_tx$croc_chip.i_croc_soc.i_croc.i_uart.i_uart_tx      1

=== obi_uart_baudgen$croc_chip.i_croc_soc.i_croc.i_uart.i_uart_baudgen ===

   Number of wires:                 21
   Number of wire bits:            123
   Number of public wires:          17
   Number of public wire bits:     119
   Number of ports:                  6
   Number of port bits:             75
   Number of memories:               0
   Number of memory bits:            0
   Number of processes:              0
   Number of cells:                 15
     $aldff_1                        1
     $and_1                          3
     $eq_16                          1
     $logic_not_16                   2
     $logic_not_3                    1
     $not_1                          2
     $or_1                           2
     $sub_16                         1
     counter$croc_chip.i_croc_soc.i_croc.i_uart.i_uart_baudgen.i_baudrate_counter      1
     counter$croc_chip.i_croc_soc.i_croc.i_uart.i_uart_baudgen.i_oversample_counter      1

=== obi_uart_interrupts$croc_chip.i_croc_soc.i_croc.i_uart.i_uart_interrupts ===

   Number of wires:                 40
   Number of wire bits:            194
   Number of public wires:          11
   Number of public wire bits:     139
   Number of ports:                  9
   Number of port bits:            129
   Number of memories:               0
   Number of memory bits:            0
   Number of processes:              0
   Number of cells:                 41
     $aldff_1                        5
     $and_1                          7
     $mux_1                          6
     $mux_2                          1
     $mux_3                         14
     $not_1                          1
     $or_1                           6
     $reduce_or_5                    1

=== obi_uart_modem$croc_chip.i_croc_soc.i_croc.i_uart.i_uart_modem ===

   Number of wires:                 33
   Number of wire bits:            109
   Number of public wires:          24
   Number of public wire bits:     100
   Number of ports:                 12
   Number of port bits:             88
   Number of memories:               0
   Number of memory bits:            0
   Number of processes:              0
   Number of cells:                 33
     $aldff_1                        4
     $and_1                          1
     $mux_1                          8
     $not_1                         13
     $xor_1                          3
     sync$croc_chip.i_croc_soc.i_croc.i_uart.i_uart_modem.i_sync_cd      1
     sync$croc_chip.i_croc_soc.i_croc.i_uart.i_uart_modem.i_sync_cts      1
     sync$croc_chip.i_croc_soc.i_croc.i_uart.i_uart_modem.i_sync_dsr      1
     sync$croc_chip.i_croc_soc.i_croc.i_uart.i_uart_modem.i_sync_ri      1

=== obi_uart_register$croc_chip.i_croc_soc.i_croc.i_uart.i_uart_register ===

   Number of wires:                155
   Number of wire bits:           1091
   Number of public wires:          25
   Number of public wire bits:     550
   Number of ports:                  6
   Number of port bits:            232
   Number of memories:               0
   Number of memory bits:            0
   Number of processes:              0
   Number of cells:                209
     $aldff_1                       49
     $aldff_2                        2
     $aldff_3                        1
     $aldff_8                        4
     $and_1                          3
     $eq_3                          31
     $logic_not_3                   10
     $mux_1                         42
     $mux_16                         5
     $mux_2                          1
     $mux_24                         2
     $mux_3                          3
     $mux_40                         1
     $mux_8                         44
     $not_1                          1
     $or_1                           4
     $pmux_1                         4
     $pmux_8                         2

=== obi_uart_rx$croc_chip.i_croc_soc.i_croc.i_uart.i_uart_rx ===

   Number of wires:                376
   Number of wire bits:           1062
   Number of public wires:          56
   Number of public wire bits:     228
   Number of ports:                  9
   Number of port bits:            100
   Number of memories:               0
   Number of memory bits:            0
   Number of processes:              0
   Number of cells:                374
     $add_32                         3
     $add_6                          4
     $aldff_1                        6
     $aldff_2                        1
     $aldff_3                        2
     $aldff_4                        1
     $aldff_6                        1
     $aldff_8                        1
     $and_1                          9
     $bwmux                          1
     $demux_1_3                      1
     $eq_1                           1
     $eq_2                          11
     $eq_3                          24
     $eq_5                           4
     $eq_6                           1
     $ge_4                           1
     $le_3                           1
     $le_4                           1
     $logic_and_1                    2
     $logic_not_2                    3
     $logic_not_3                   10
     $logic_not_4                    1
     $logic_not_8                    1
     $logic_or_1                     1
     $lt_5                           2
     $mux_1                        142
     $mux_11                         6
     $mux_2                          8
     $mux_3                         33
     $mux_4                         20
     $mux_5                          8
     $mux_6                         16
     $mux_8                         14
     $ne_1                           1
     $not_1                         12
     $or_1                          10
     $pmux_1                         1
     $pmux_3                         2
     $pmux_4                         1
     $reduce_bool_4                  1
     $reduce_xor_8                   1
     $sub_32                         1
     counter$croc_chip.i_croc_soc.i_croc.i_uart.i_uart_rx.i_counter      1
     fifo_v3$croc_chip.i_croc_soc.i_croc.i_uart.i_uart_rx.i_fifo_v3      1
     sync$croc_chip.i_croc_soc.i_croc.i_uart.i_uart_rx.i_sync      1

=== obi_uart_tx$croc_chip.i_croc_soc.i_croc.i_uart.i_uart_tx ===

   Number of wires:                216
   Number of wire bits:            577
   Number of public wires:          29
   Number of public wire bits:     151
   Number of ports:                  7
   Number of port bits:             81
   Number of memories:               0
   Number of memory bits:            0
   Number of processes:              0
   Number of cells:                209
     $add_32                         1
     $aldff_1                        2
     $aldff_3                        2
     $aldff_8                        1
     $and_1                          5
     $and_8                          2
     $bmux_1_3                       1
     $eq_2                           6
     $eq_3                          21
     $le_3                           1
     $le_32                          7
     $logic_not_2                    2
     $logic_not_3                   17
     $lt_5                           1
     $mux_1                         53
     $mux_2                         17
     $mux_3                         36
     $mux_4                          4
     $mux_5                          3
     $mux_6                          3
     $mux_7                          1
     $mux_8                         12
     $not_1                          4
     $pmux_1                         2
     $pmux_3                         2
     $reduce_xor_8                   2
     fifo_v3$croc_chip.i_croc_soc.i_croc.i_uart.i_uart_tx.i_fifo_v3      1

=== obi_xbar$croc_chip.i_croc_soc.i_croc.i_main_xbar ===

   Number of wires:                 15
   Number of wire bits:           9717
   Number of public wires:          15
   Number of public wire bits:    9717
   Number of ports:                 10
   Number of port bits:           1851
   Number of memories:               0
   Number of memory bits:            0
   Number of processes:              0
   Number of cells:                 18
     addr_decode$croc_chip.i_croc_soc.i_croc.i_main_xbar.gen_demux[0].i_addr_decode      1
     addr_decode$croc_chip.i_croc_soc.i_croc.i_main_xbar.gen_demux[1].i_addr_decode      1
     addr_decode$croc_chip.i_croc_soc.i_croc.i_main_xbar.gen_demux[2].i_addr_decode      1
     addr_decode$croc_chip.i_croc_soc.i_croc.i_main_xbar.gen_demux[3].i_addr_decode      1
     addr_decode$croc_chip.i_croc_soc.i_croc.i_main_xbar.gen_demux[4].i_addr_decode      1
     addr_decode$croc_chip.i_croc_soc.i_croc.i_main_xbar.gen_demux[5].i_addr_decode      1
     obi_demux$croc_chip.i_croc_soc.i_croc.i_main_xbar.gen_demux[0].i_demux      1
     obi_demux$croc_chip.i_croc_soc.i_croc.i_main_xbar.gen_demux[1].i_demux      1
     obi_demux$croc_chip.i_croc_soc.i_croc.i_main_xbar.gen_demux[2].i_demux      1
     obi_demux$croc_chip.i_croc_soc.i_croc.i_main_xbar.gen_demux[3].i_demux      1
     obi_demux$croc_chip.i_croc_soc.i_croc.i_main_xbar.gen_demux[4].i_demux      1
     obi_demux$croc_chip.i_croc_soc.i_croc.i_main_xbar.gen_demux[5].i_demux      1
     obi_mux$croc_chip.i_croc_soc.i_croc.i_main_xbar.gen_mux[0].i_mux      1
     obi_mux$croc_chip.i_croc_soc.i_croc.i_main_xbar.gen_mux[1].i_mux      1
     obi_mux$croc_chip.i_croc_soc.i_croc.i_main_xbar.gen_mux[2].i_mux      1
     obi_mux$croc_chip.i_croc_soc.i_croc.i_main_xbar.gen_mux[3].i_mux      1
     obi_mux$croc_chip.i_croc_soc.i_croc.i_main_xbar.gen_mux[4].i_mux      1
     obi_mux$croc_chip.i_croc_soc.i_croc.i_main_xbar.gen_mux[5].i_mux      1

=== periph_to_reg$croc_chip.i_croc_soc.i_croc.i_soc_ctrl_translate ===

   Number of wires:                 23
   Number of wire bits:            295
   Number of public wires:          23
   Number of public wire bits:     295
   Number of ports:                 15
   Number of port bits:            219
   Number of memories:               0
   Number of memory bits:            0
   Number of processes:              0
   Number of cells:                  6
     $aldff_1                        2
     $aldff_32                       1
     $aldff_4                        1
     $and_1                          1
     $not_1                          1

=== prim_subreg$croc_chip.i_croc_soc.i_croc.i_soc_ctrl.u_bootaddr ===

   Number of wires:                 12
   Number of wire bits:            198
   Number of public wires:          11
   Number of public wire bits:     166
   Number of ports:                  9
   Number of port bits:            133
   Number of memories:               0
   Number of memory bits:            0
   Number of processes:              0
   Number of cells:                  4
     $aldff_1                        1
     $aldff_32                       1
     $mux_32                         1
     prim_subreg_arb$croc_chip.i_croc_soc.i_croc.i_soc_ctrl.u_bootaddr.wr_en_data_arb      1

=== prim_subreg$croc_chip.i_croc_soc.i_croc.i_soc_ctrl.u_bootmode ===

   Number of wires:                 12
   Number of wire bits:             12
   Number of public wires:          11
   Number of public wire bits:      11
   Number of ports:                  9
   Number of port bits:              9
   Number of memories:               0
   Number of memory bits:            0
   Number of processes:              0
   Number of cells:                  4
     $aldff_1                        2
     $mux_1                          1
     prim_subreg_arb$croc_chip.i_croc_soc.i_croc.i_soc_ctrl.u_bootmode.wr_en_data_arb      1

=== prim_subreg$croc_chip.i_croc_soc.i_croc.i_soc_ctrl.u_corestatus ===

   Number of wires:                 12
   Number of wire bits:            198
   Number of public wires:          11
   Number of public wire bits:     166
   Number of ports:                  9
   Number of port bits:            133
   Number of memories:               0
   Number of memory bits:            0
   Number of processes:              0
   Number of cells:                  4
     $aldff_1                        1
     $aldff_32                       1
     $mux_32                         1
     prim_subreg_arb$croc_chip.i_croc_soc.i_croc.i_soc_ctrl.u_corestatus.wr_en_data_arb      1

=== prim_subreg$croc_chip.i_croc_soc.i_croc.i_soc_ctrl.u_fetchen ===

   Number of wires:                 12
   Number of wire bits:             12
   Number of public wires:          11
   Number of public wire bits:      11
   Number of ports:                  9
   Number of port bits:              9
   Number of memories:               0
   Number of memory bits:            0
   Number of processes:              0
   Number of cells:                  4
     $aldff_1                        2
     $mux_1                          1
     prim_subreg_arb$croc_chip.i_croc_soc.i_croc.i_soc_ctrl.u_fetchen.wr_en_data_arb      1

=== prim_subreg$croc_chip.i_croc_soc.i_croc.i_soc_ctrl.u_sram_dly ===

   Number of wires:                 12
   Number of wire bits:             12
   Number of public wires:          11
   Number of public wire bits:      11
   Number of ports:                  9
   Number of port bits:              9
   Number of memories:               0
   Number of memory bits:            0
   Number of processes:              0
   Number of cells:                  4
     $aldff_1                        2
     $mux_1                          1
     prim_subreg_arb$croc_chip.i_croc_soc.i_croc.i_soc_ctrl.u_sram_dly.wr_en_data_arb      1

=== prim_subreg_arb$croc_chip.i_croc_soc.i_croc.i_soc_ctrl.u_bootaddr.wr_en_data_arb ===

   Number of wires:                  8
   Number of wire bits:            163
   Number of public wires:           8
   Number of public wire bits:     163
   Number of ports:                  7
   Number of port bits:            131
   Number of memories:               0
   Number of memory bits:            0
   Number of processes:              0
   Number of cells:                  2
     $mux_32                         1
     $or_1                           1

=== prim_subreg_arb$croc_chip.i_croc_soc.i_croc.i_soc_ctrl.u_bootmode.wr_en_data_arb ===

   Number of wires:                  8
   Number of wire bits:              8
   Number of public wires:           8
   Number of public wire bits:       8
   Number of ports:                  7
   Number of port bits:              7
   Number of memories:               0
   Number of memory bits:            0
   Number of processes:              0
   Number of cells:                  2
     $mux_1                          1
     $or_1                           1

=== prim_subreg_arb$croc_chip.i_croc_soc.i_croc.i_soc_ctrl.u_corestatus.wr_en_data_arb ===

   Number of wires:                  8
   Number of wire bits:            163
   Number of public wires:           8
   Number of public wire bits:     163
   Number of ports:                  7
   Number of port bits:            131
   Number of memories:               0
   Number of memory bits:            0
   Number of processes:              0
   Number of cells:                  2
     $mux_32                         1
     $or_1                           1

=== prim_subreg_arb$croc_chip.i_croc_soc.i_croc.i_soc_ctrl.u_fetchen.wr_en_data_arb ===

   Number of wires:                  8
   Number of wire bits:              8
   Number of public wires:           8
   Number of public wire bits:       8
   Number of ports:                  7
   Number of port bits:              7
   Number of memories:               0
   Number of memory bits:            0
   Number of processes:              0
   Number of cells:                  2
     $mux_1                          1
     $or_1                           1

=== prim_subreg_arb$croc_chip.i_croc_soc.i_croc.i_soc_ctrl.u_sram_dly.wr_en_data_arb ===

   Number of wires:                  8
   Number of wire bits:              8
   Number of public wires:           8
   Number of public wire bits:       8
   Number of ports:                  7
   Number of port bits:              7
   Number of memories:               0
   Number of memory bits:            0
   Number of processes:              0
   Number of cells:                  2
     $mux_1                          1
     $or_1                           1

=== rr_arb_tree$croc_chip.i_croc_soc.i_croc.i_main_xbar.gen_mux[0].i_mux.i_rr_arb ===

   Number of wires:                 62
   Number of wire bits:           1136
   Number of public wires:          32
   Number of public wire bits:    1099
   Number of ports:                 11
   Number of port bits:            520
   Number of memories:               0
   Number of memory bits:            0
   Number of processes:              0
   Number of cells:                 79
     $aldff_1                        1
     $aldff_3                        1
     $aldff_6                        1
     $and_1                         17
     $gt_32                          5
     $le_32                          5
     $logic_and_1                    1
     $mux_1                         11
     $mux_3                          6
     $mux_6                          2
     $mux_71                         6
     $not_1                         11
     $or_1                          10
     lzc$croc_chip.i_croc_soc.i_croc.i_main_xbar.gen_mux[0].i_mux.i_rr_arb.gen_arbiter.gen_int_rr.gen_fair_arb.i_lzc_lower      1
     lzc$croc_chip.i_croc_soc.i_croc.i_main_xbar.gen_mux[0].i_mux.i_rr_arb.gen_arbiter.gen_int_rr.gen_fair_arb.i_lzc_upper      1

=== rr_arb_tree$croc_chip.i_croc_soc.i_croc.i_main_xbar.gen_mux[1].i_mux.i_rr_arb ===

   Number of wires:                 62
   Number of wire bits:           1136
   Number of public wires:          32
   Number of public wire bits:    1099
   Number of ports:                 11
   Number of port bits:            520
   Number of memories:               0
   Number of memory bits:            0
   Number of processes:              0
   Number of cells:                 79
     $aldff_1                        1
     $aldff_3                        1
     $aldff_6                        1
     $and_1                         17
     $gt_32                          5
     $le_32                          5
     $logic_and_1                    1
     $mux_1                         11
     $mux_3                          6
     $mux_6                          2
     $mux_71                         6
     $not_1                         11
     $or_1                          10
     lzc$croc_chip.i_croc_soc.i_croc.i_main_xbar.gen_mux[1].i_mux.i_rr_arb.gen_arbiter.gen_int_rr.gen_fair_arb.i_lzc_lower      1
     lzc$croc_chip.i_croc_soc.i_croc.i_main_xbar.gen_mux[1].i_mux.i_rr_arb.gen_arbiter.gen_int_rr.gen_fair_arb.i_lzc_upper      1

=== rr_arb_tree$croc_chip.i_croc_soc.i_croc.i_main_xbar.gen_mux[2].i_mux.i_rr_arb ===

   Number of wires:                 62
   Number of wire bits:           1136
   Number of public wires:          32
   Number of public wire bits:    1099
   Number of ports:                 11
   Number of port bits:            520
   Number of memories:               0
   Number of memory bits:            0
   Number of processes:              0
   Number of cells:                 79
     $aldff_1                        1
     $aldff_3                        1
     $aldff_6                        1
     $and_1                         17
     $gt_32                          5
     $le_32                          5
     $logic_and_1                    1
     $mux_1                         11
     $mux_3                          6
     $mux_6                          2
     $mux_71                         6
     $not_1                         11
     $or_1                          10
     lzc$croc_chip.i_croc_soc.i_croc.i_main_xbar.gen_mux[2].i_mux.i_rr_arb.gen_arbiter.gen_int_rr.gen_fair_arb.i_lzc_lower      1
     lzc$croc_chip.i_croc_soc.i_croc.i_main_xbar.gen_mux[2].i_mux.i_rr_arb.gen_arbiter.gen_int_rr.gen_fair_arb.i_lzc_upper      1

=== rr_arb_tree$croc_chip.i_croc_soc.i_croc.i_main_xbar.gen_mux[3].i_mux.i_rr_arb ===

   Number of wires:                 62
   Number of wire bits:           1136
   Number of public wires:          32
   Number of public wire bits:    1099
   Number of ports:                 11
   Number of port bits:            520
   Number of memories:               0
   Number of memory bits:            0
   Number of processes:              0
   Number of cells:                 79
     $aldff_1                        1
     $aldff_3                        1
     $aldff_6                        1
     $and_1                         17
     $gt_32                          5
     $le_32                          5
     $logic_and_1                    1
     $mux_1                         11
     $mux_3                          6
     $mux_6                          2
     $mux_71                         6
     $not_1                         11
     $or_1                          10
     lzc$croc_chip.i_croc_soc.i_croc.i_main_xbar.gen_mux[3].i_mux.i_rr_arb.gen_arbiter.gen_int_rr.gen_fair_arb.i_lzc_lower      1
     lzc$croc_chip.i_croc_soc.i_croc.i_main_xbar.gen_mux[3].i_mux.i_rr_arb.gen_arbiter.gen_int_rr.gen_fair_arb.i_lzc_upper      1

=== rr_arb_tree$croc_chip.i_croc_soc.i_croc.i_main_xbar.gen_mux[4].i_mux.i_rr_arb ===

   Number of wires:                 62
   Number of wire bits:           1136
   Number of public wires:          32
   Number of public wire bits:    1099
   Number of ports:                 11
   Number of port bits:            520
   Number of memories:               0
   Number of memory bits:            0
   Number of processes:              0
   Number of cells:                 79
     $aldff_1                        1
     $aldff_3                        1
     $aldff_6                        1
     $and_1                         17
     $gt_32                          5
     $le_32                          5
     $logic_and_1                    1
     $mux_1                         11
     $mux_3                          6
     $mux_6                          2
     $mux_71                         6
     $not_1                         11
     $or_1                          10
     lzc$croc_chip.i_croc_soc.i_croc.i_main_xbar.gen_mux[4].i_mux.i_rr_arb.gen_arbiter.gen_int_rr.gen_fair_arb.i_lzc_lower      1
     lzc$croc_chip.i_croc_soc.i_croc.i_main_xbar.gen_mux[4].i_mux.i_rr_arb.gen_arbiter.gen_int_rr.gen_fair_arb.i_lzc_upper      1

=== rr_arb_tree$croc_chip.i_croc_soc.i_croc.i_main_xbar.gen_mux[5].i_mux.i_rr_arb ===

   Number of wires:                 62
   Number of wire bits:           1136
   Number of public wires:          32
   Number of public wire bits:    1099
   Number of ports:                 11
   Number of port bits:            520
   Number of memories:               0
   Number of memory bits:            0
   Number of processes:              0
   Number of cells:                 79
     $aldff_1                        1
     $aldff_3                        1
     $aldff_6                        1
     $and_1                         17
     $gt_32                          5
     $le_32                          5
     $logic_and_1                    1
     $mux_1                         11
     $mux_3                          6
     $mux_6                          2
     $mux_71                         6
     $not_1                         11
     $or_1                          10
     lzc$croc_chip.i_croc_soc.i_croc.i_main_xbar.gen_mux[5].i_mux.i_rr_arb.gen_arbiter.gen_int_rr.gen_fair_arb.i_lzc_lower      1
     lzc$croc_chip.i_croc_soc.i_croc.i_main_xbar.gen_mux[5].i_mux.i_rr_arb.gen_arbiter.gen_int_rr.gen_fair_arb.i_lzc_upper      1

=== rstgen$croc_chip.i_croc_soc.i_rstgen ===

   Number of wires:                  5
   Number of wire bits:              5
   Number of public wires:           5
   Number of public wire bits:       5
   Number of ports:                  5
   Number of port bits:              5
   Number of memories:               0
   Number of memory bits:            0
   Number of processes:              0
   Number of cells:                  1
     rstgen_bypass$croc_chip.i_croc_soc.i_rstgen.i_rstgen_bypass      1

=== rstgen_bypass$croc_chip.i_croc_soc.i_rstgen.i_rstgen_bypass ===

   Number of wires:                  8
   Number of wire bits:             11
   Number of public wires:           8
   Number of public wire bits:      11
   Number of ports:                  6
   Number of port bits:              6
   Number of memories:               0
   Number of memory bits:            0
   Number of processes:              0
   Number of cells:                  4
     $aldff_4                        1
     tc_clk_mux2$croc_chip.i_croc_soc.i_rstgen.i_rstgen_bypass.i_tc_clk_mux2_init_no      1
     tc_clk_mux2$croc_chip.i_croc_soc.i_rstgen.i_rstgen_bypass.i_tc_clk_mux2_rst_n      1
     tc_clk_mux2$croc_chip.i_croc_soc.i_rstgen.i_rstgen_bypass.i_tc_clk_mux2_rst_no      1

=== soc_ctrl_reg_top$croc_chip.i_croc_soc.i_croc.i_soc_ctrl ===

   Number of wires:                 66
   Number of wire bits:            582
   Number of public wires:          35
   Number of public wire bits:     536
   Number of ports:                  7
   Number of port bits:            178
   Number of memories:               0
   Number of memory bits:            0
   Number of processes:              0
   Number of cells:                 53
     $and_1                         19
     $eq_5                           4
     $logic_not_1                    6
     $logic_not_5                    1
     $logic_or_1                     1
     $mux_1                          1
     $not_1                          1
     $not_4                          5
     $or_1                           5
     $pmux_1                         1
     $pmux_31                        1
     $reduce_or_4                    2
     $reduce_or_5                    1
     prim_subreg$croc_chip.i_croc_soc.i_croc.i_soc_ctrl.u_bootaddr      1
     prim_subreg$croc_chip.i_croc_soc.i_croc.i_soc_ctrl.u_bootmode      1
     prim_subreg$croc_chip.i_croc_soc.i_croc.i_soc_ctrl.u_corestatus      1
     prim_subreg$croc_chip.i_croc_soc.i_croc.i_soc_ctrl.u_fetchen      1
     prim_subreg$croc_chip.i_croc_soc.i_croc.i_soc_ctrl.u_sram_dly      1

=== spi$croc_chip.i_croc_soc.i_croc.i_spi ===

   Number of wires:                140
   Number of wire bits:            831
   Number of public wires:          44
   Number of public wire bits:     351
   Number of ports:                  8
   Number of port bits:            121
   Number of memories:               0
   Number of memory bits:            0
   Number of processes:              0
   Number of cells:                126
     $add_32                         7
     $aldff_1                        2
     $aldff_3                        1
     $aldff_4                        1
     $aldff_5                        1
     $aldff_8                        6
     $eq_1                           1
     $eq_3                          34
     $eq_32                          2
     $eq_4                           1
     $eq_8                           1
     $ge_8                           1
     $logic_and_1                    4
     $logic_not_1                    1
     $logic_not_3                    5
     $logic_or_1                     2
     $mux_1                          7
     $mux_3                          6
     $mux_4                          5
     $mux_5                          1
     $mux_8                         22
     $ne_3                           1
     $not_1                          1
     $pmux_1                         1
     $pmux_3                         1
     $pmux_4                         1
     $pmux_8                         4
     $reduce_bool_3                  2
     $xor_1                          1
     spi_fifo_buffer$croc_chip.i_croc_soc.i_croc.i_spi.i_spi_rx_fifo      1
     spi_fifo_buffer$croc_chip.i_croc_soc.i_croc.i_spi.i_spi_tx_fifo      1
     spi_reg_top$croc_chip.i_croc_soc.i_croc.i_spi.i_reg_file      1

=== spi_fifo_buffer$croc_chip.i_croc_soc.i_croc.i_spi.i_spi_rx_fifo ===

   Number of wires:                 36
   Number of wire bits:            263
   Number of public wires:          16
   Number of public wire bits:      50
   Number of ports:                 10
   Number of port bits:             24
   Number of memories:               1
   Number of memory bits:          128
   Number of processes:              0
   Number of cells:                 32
     $add_32                         3
     $aldff_4                        2
     $aldff_5                        1
     $eq_2                           2
     $eq_5                           3
     $logic_and_1                    5
     $logic_not_1                    5
     $logic_not_5                    1
     $memrd_v2                       1
     $memwr_v2                       1
     $mod_32                         2
     $mux_1                          1
     $mux_4                          2
     $mux_8                          1
     $pmux_5                         1
     $sub_32                         1

=== spi_fifo_buffer$croc_chip.i_croc_soc.i_croc.i_spi.i_spi_tx_fifo ===

   Number of wires:                 36
   Number of wire bits:            263
   Number of public wires:          16
   Number of public wire bits:      50
   Number of ports:                 10
   Number of port bits:             24
   Number of memories:               1
   Number of memory bits:          128
   Number of processes:              0
   Number of cells:                 32
     $add_32                         3
     $aldff_4                        2
     $aldff_5                        1
     $eq_2                           2
     $eq_5                           3
     $logic_and_1                    5
     $logic_not_1                    5
     $logic_not_5                    1
     $memrd_v2                       1
     $memwr_v2                       1
     $mod_32                         2
     $mux_1                          1
     $mux_4                          2
     $mux_8                          1
     $pmux_5                         1
     $sub_32                         1

=== spi_reg_top$croc_chip.i_croc_soc.i_croc.i_spi.i_reg_file ===

   Number of wires:                126
   Number of wire bits:           1708
   Number of public wires:          36
   Number of public wire bits:     590
   Number of ports:                  8
   Number of port bits:            199
   Number of memories:               0
   Number of memory bits:            0
   Number of processes:              0
   Number of cells:                122
     $aldff_1                        9
     $aldff_12                       1
     $aldff_8                       10
     $and_1                          4
     $and_32                        14
     $eq_10                          2
     $eq_12                         30
     $logic_and_1                    4
     $logic_not_1                    1
     $logic_not_12                   4
     $mux_1                          4
     $mux_32                         2
     $mux_40                         1
     $mux_8                         16
     $not_1                          3
     $not_32                         7
     $or_32                          7
     $pmux_1                         2
     $pmux_32                        1

=== sync$croc_chip.i_croc_soc.i_croc.i_dmi_jtag.i_dmi_cdc.i_cdc_req.i_cdc_reset_ctrlr.i_cdc_reset_ctrlr_half_a.i_state_transition_cdc_dst.i_sync ===

   Number of wires:                  5
   Number of wire bits:              6
   Number of public wires:           5
   Number of public wire bits:       6
   Number of ports:                  4
   Number of port bits:              4
   Number of memories:               0
   Number of memory bits:            0
   Number of processes:              0
   Number of cells:                  1
     $aldff_2                        1

=== sync$croc_chip.i_croc_soc.i_croc.i_dmi_jtag.i_dmi_cdc.i_cdc_req.i_cdc_reset_ctrlr.i_cdc_reset_ctrlr_half_a.i_state_transition_cdc_src.i_sync ===

   Number of wires:                  5
   Number of wire bits:              6
   Number of public wires:           5
   Number of public wire bits:       6
   Number of ports:                  4
   Number of port bits:              4
   Number of memories:               0
   Number of memory bits:            0
   Number of processes:              0
   Number of cells:                  1
     $aldff_2                        1

=== sync$croc_chip.i_croc_soc.i_croc.i_dmi_jtag.i_dmi_cdc.i_cdc_req.i_cdc_reset_ctrlr.i_cdc_reset_ctrlr_half_b.i_state_transition_cdc_dst.i_sync ===

   Number of wires:                  5
   Number of wire bits:              6
   Number of public wires:           5
   Number of public wire bits:       6
   Number of ports:                  4
   Number of port bits:              4
   Number of memories:               0
   Number of memory bits:            0
   Number of processes:              0
   Number of cells:                  1
     $aldff_2                        1

=== sync$croc_chip.i_croc_soc.i_croc.i_dmi_jtag.i_dmi_cdc.i_cdc_req.i_cdc_reset_ctrlr.i_cdc_reset_ctrlr_half_b.i_state_transition_cdc_src.i_sync ===

   Number of wires:                  5
   Number of wire bits:              6
   Number of public wires:           5
   Number of public wire bits:       6
   Number of ports:                  4
   Number of port bits:              4
   Number of memories:               0
   Number of memory bits:            0
   Number of processes:              0
   Number of cells:                  1
     $aldff_2                        1

=== sync$croc_chip.i_croc_soc.i_croc.i_dmi_jtag.i_dmi_cdc.i_cdc_req.i_dst.i_sync ===

   Number of wires:                  5
   Number of wire bits:              7
   Number of public wires:           5
   Number of public wire bits:       7
   Number of ports:                  4
   Number of port bits:              4
   Number of memories:               0
   Number of memory bits:            0
   Number of processes:              0
   Number of cells:                  1
     $aldff_3                        1

=== sync$croc_chip.i_croc_soc.i_croc.i_dmi_jtag.i_dmi_cdc.i_cdc_req.i_src.i_sync ===

   Number of wires:                  5
   Number of wire bits:              7
   Number of public wires:           5
   Number of public wire bits:       7
   Number of ports:                  4
   Number of port bits:              4
   Number of memories:               0
   Number of memory bits:            0
   Number of processes:              0
   Number of cells:                  1
     $aldff_3                        1

=== sync$croc_chip.i_croc_soc.i_croc.i_dmi_jtag.i_dmi_cdc.i_cdc_resp.i_cdc_reset_ctrlr.i_cdc_reset_ctrlr_half_a.i_state_transition_cdc_dst.i_sync ===

   Number of wires:                  5
   Number of wire bits:              6
   Number of public wires:           5
   Number of public wire bits:       6
   Number of ports:                  4
   Number of port bits:              4
   Number of memories:               0
   Number of memory bits:            0
   Number of processes:              0
   Number of cells:                  1
     $aldff_2                        1

=== sync$croc_chip.i_croc_soc.i_croc.i_dmi_jtag.i_dmi_cdc.i_cdc_resp.i_cdc_reset_ctrlr.i_cdc_reset_ctrlr_half_a.i_state_transition_cdc_src.i_sync ===

   Number of wires:                  5
   Number of wire bits:              6
   Number of public wires:           5
   Number of public wire bits:       6
   Number of ports:                  4
   Number of port bits:              4
   Number of memories:               0
   Number of memory bits:            0
   Number of processes:              0
   Number of cells:                  1
     $aldff_2                        1

=== sync$croc_chip.i_croc_soc.i_croc.i_dmi_jtag.i_dmi_cdc.i_cdc_resp.i_cdc_reset_ctrlr.i_cdc_reset_ctrlr_half_b.i_state_transition_cdc_dst.i_sync ===

   Number of wires:                  5
   Number of wire bits:              6
   Number of public wires:           5
   Number of public wire bits:       6
   Number of ports:                  4
   Number of port bits:              4
   Number of memories:               0
   Number of memory bits:            0
   Number of processes:              0
   Number of cells:                  1
     $aldff_2                        1

=== sync$croc_chip.i_croc_soc.i_croc.i_dmi_jtag.i_dmi_cdc.i_cdc_resp.i_cdc_reset_ctrlr.i_cdc_reset_ctrlr_half_b.i_state_transition_cdc_src.i_sync ===

   Number of wires:                  5
   Number of wire bits:              6
   Number of public wires:           5
   Number of public wire bits:       6
   Number of ports:                  4
   Number of port bits:              4
   Number of memories:               0
   Number of memory bits:            0
   Number of processes:              0
   Number of cells:                  1
     $aldff_2                        1

=== sync$croc_chip.i_croc_soc.i_croc.i_dmi_jtag.i_dmi_cdc.i_cdc_resp.i_dst.i_sync ===

   Number of wires:                  5
   Number of wire bits:              7
   Number of public wires:           5
   Number of public wire bits:       7
   Number of ports:                  4
   Number of port bits:              4
   Number of memories:               0
   Number of memory bits:            0
   Number of processes:              0
   Number of cells:                  1
     $aldff_3                        1

=== sync$croc_chip.i_croc_soc.i_croc.i_dmi_jtag.i_dmi_cdc.i_cdc_resp.i_src.i_sync ===

   Number of wires:                  5
   Number of wire bits:              7
   Number of public wires:           5
   Number of public wire bits:       7
   Number of ports:                  4
   Number of port bits:              4
   Number of memories:               0
   Number of memory bits:            0
   Number of processes:              0
   Number of cells:                  1
     $aldff_3                        1

=== sync$croc_chip.i_croc_soc.i_croc.i_gpio.gen_gpios[0].i_sync ===

   Number of wires:                  5
   Number of wire bits:              6
   Number of public wires:           5
   Number of public wire bits:       6
   Number of ports:                  4
   Number of port bits:              4
   Number of memories:               0
   Number of memory bits:            0
   Number of processes:              0
   Number of cells:                  1
     $aldff_2                        1

=== sync$croc_chip.i_croc_soc.i_croc.i_gpio.gen_gpios[10].i_sync ===

   Number of wires:                  5
   Number of wire bits:              6
   Number of public wires:           5
   Number of public wire bits:       6
   Number of ports:                  4
   Number of port bits:              4
   Number of memories:               0
   Number of memory bits:            0
   Number of processes:              0
   Number of cells:                  1
     $aldff_2                        1

=== sync$croc_chip.i_croc_soc.i_croc.i_gpio.gen_gpios[11].i_sync ===

   Number of wires:                  5
   Number of wire bits:              6
   Number of public wires:           5
   Number of public wire bits:       6
   Number of ports:                  4
   Number of port bits:              4
   Number of memories:               0
   Number of memory bits:            0
   Number of processes:              0
   Number of cells:                  1
     $aldff_2                        1

=== sync$croc_chip.i_croc_soc.i_croc.i_gpio.gen_gpios[12].i_sync ===

   Number of wires:                  5
   Number of wire bits:              6
   Number of public wires:           5
   Number of public wire bits:       6
   Number of ports:                  4
   Number of port bits:              4
   Number of memories:               0
   Number of memory bits:            0
   Number of processes:              0
   Number of cells:                  1
     $aldff_2                        1

=== sync$croc_chip.i_croc_soc.i_croc.i_gpio.gen_gpios[13].i_sync ===

   Number of wires:                  5
   Number of wire bits:              6
   Number of public wires:           5
   Number of public wire bits:       6
   Number of ports:                  4
   Number of port bits:              4
   Number of memories:               0
   Number of memory bits:            0
   Number of processes:              0
   Number of cells:                  1
     $aldff_2                        1

=== sync$croc_chip.i_croc_soc.i_croc.i_gpio.gen_gpios[14].i_sync ===

   Number of wires:                  5
   Number of wire bits:              6
   Number of public wires:           5
   Number of public wire bits:       6
   Number of ports:                  4
   Number of port bits:              4
   Number of memories:               0
   Number of memory bits:            0
   Number of processes:              0
   Number of cells:                  1
     $aldff_2                        1

=== sync$croc_chip.i_croc_soc.i_croc.i_gpio.gen_gpios[15].i_sync ===

   Number of wires:                  5
   Number of wire bits:              6
   Number of public wires:           5
   Number of public wire bits:       6
   Number of ports:                  4
   Number of port bits:              4
   Number of memories:               0
   Number of memory bits:            0
   Number of processes:              0
   Number of cells:                  1
     $aldff_2                        1

=== sync$croc_chip.i_croc_soc.i_croc.i_gpio.gen_gpios[16].i_sync ===

   Number of wires:                  5
   Number of wire bits:              6
   Number of public wires:           5
   Number of public wire bits:       6
   Number of ports:                  4
   Number of port bits:              4
   Number of memories:               0
   Number of memory bits:            0
   Number of processes:              0
   Number of cells:                  1
     $aldff_2                        1

=== sync$croc_chip.i_croc_soc.i_croc.i_gpio.gen_gpios[17].i_sync ===

   Number of wires:                  5
   Number of wire bits:              6
   Number of public wires:           5
   Number of public wire bits:       6
   Number of ports:                  4
   Number of port bits:              4
   Number of memories:               0
   Number of memory bits:            0
   Number of processes:              0
   Number of cells:                  1
     $aldff_2                        1

=== sync$croc_chip.i_croc_soc.i_croc.i_gpio.gen_gpios[18].i_sync ===

   Number of wires:                  5
   Number of wire bits:              6
   Number of public wires:           5
   Number of public wire bits:       6
   Number of ports:                  4
   Number of port bits:              4
   Number of memories:               0
   Number of memory bits:            0
   Number of processes:              0
   Number of cells:                  1
     $aldff_2                        1

=== sync$croc_chip.i_croc_soc.i_croc.i_gpio.gen_gpios[19].i_sync ===

   Number of wires:                  5
   Number of wire bits:              6
   Number of public wires:           5
   Number of public wire bits:       6
   Number of ports:                  4
   Number of port bits:              4
   Number of memories:               0
   Number of memory bits:            0
   Number of processes:              0
   Number of cells:                  1
     $aldff_2                        1

=== sync$croc_chip.i_croc_soc.i_croc.i_gpio.gen_gpios[1].i_sync ===

   Number of wires:                  5
   Number of wire bits:              6
   Number of public wires:           5
   Number of public wire bits:       6
   Number of ports:                  4
   Number of port bits:              4
   Number of memories:               0
   Number of memory bits:            0
   Number of processes:              0
   Number of cells:                  1
     $aldff_2                        1

=== sync$croc_chip.i_croc_soc.i_croc.i_gpio.gen_gpios[20].i_sync ===

   Number of wires:                  5
   Number of wire bits:              6
   Number of public wires:           5
   Number of public wire bits:       6
   Number of ports:                  4
   Number of port bits:              4
   Number of memories:               0
   Number of memory bits:            0
   Number of processes:              0
   Number of cells:                  1
     $aldff_2                        1

=== sync$croc_chip.i_croc_soc.i_croc.i_gpio.gen_gpios[21].i_sync ===

   Number of wires:                  5
   Number of wire bits:              6
   Number of public wires:           5
   Number of public wire bits:       6
   Number of ports:                  4
   Number of port bits:              4
   Number of memories:               0
   Number of memory bits:            0
   Number of processes:              0
   Number of cells:                  1
     $aldff_2                        1

=== sync$croc_chip.i_croc_soc.i_croc.i_gpio.gen_gpios[22].i_sync ===

   Number of wires:                  5
   Number of wire bits:              6
   Number of public wires:           5
   Number of public wire bits:       6
   Number of ports:                  4
   Number of port bits:              4
   Number of memories:               0
   Number of memory bits:            0
   Number of processes:              0
   Number of cells:                  1
     $aldff_2                        1

=== sync$croc_chip.i_croc_soc.i_croc.i_gpio.gen_gpios[23].i_sync ===

   Number of wires:                  5
   Number of wire bits:              6
   Number of public wires:           5
   Number of public wire bits:       6
   Number of ports:                  4
   Number of port bits:              4
   Number of memories:               0
   Number of memory bits:            0
   Number of processes:              0
   Number of cells:                  1
     $aldff_2                        1

=== sync$croc_chip.i_croc_soc.i_croc.i_gpio.gen_gpios[24].i_sync ===

   Number of wires:                  5
   Number of wire bits:              6
   Number of public wires:           5
   Number of public wire bits:       6
   Number of ports:                  4
   Number of port bits:              4
   Number of memories:               0
   Number of memory bits:            0
   Number of processes:              0
   Number of cells:                  1
     $aldff_2                        1

=== sync$croc_chip.i_croc_soc.i_croc.i_gpio.gen_gpios[25].i_sync ===

   Number of wires:                  5
   Number of wire bits:              6
   Number of public wires:           5
   Number of public wire bits:       6
   Number of ports:                  4
   Number of port bits:              4
   Number of memories:               0
   Number of memory bits:            0
   Number of processes:              0
   Number of cells:                  1
     $aldff_2                        1

=== sync$croc_chip.i_croc_soc.i_croc.i_gpio.gen_gpios[26].i_sync ===

   Number of wires:                  5
   Number of wire bits:              6
   Number of public wires:           5
   Number of public wire bits:       6
   Number of ports:                  4
   Number of port bits:              4
   Number of memories:               0
   Number of memory bits:            0
   Number of processes:              0
   Number of cells:                  1
     $aldff_2                        1

=== sync$croc_chip.i_croc_soc.i_croc.i_gpio.gen_gpios[27].i_sync ===

   Number of wires:                  5
   Number of wire bits:              6
   Number of public wires:           5
   Number of public wire bits:       6
   Number of ports:                  4
   Number of port bits:              4
   Number of memories:               0
   Number of memory bits:            0
   Number of processes:              0
   Number of cells:                  1
     $aldff_2                        1

=== sync$croc_chip.i_croc_soc.i_croc.i_gpio.gen_gpios[28].i_sync ===

   Number of wires:                  5
   Number of wire bits:              6
   Number of public wires:           5
   Number of public wire bits:       6
   Number of ports:                  4
   Number of port bits:              4
   Number of memories:               0
   Number of memory bits:            0
   Number of processes:              0
   Number of cells:                  1
     $aldff_2                        1

=== sync$croc_chip.i_croc_soc.i_croc.i_gpio.gen_gpios[29].i_sync ===

   Number of wires:                  5
   Number of wire bits:              6
   Number of public wires:           5
   Number of public wire bits:       6
   Number of ports:                  4
   Number of port bits:              4
   Number of memories:               0
   Number of memory bits:            0
   Number of processes:              0
   Number of cells:                  1
     $aldff_2                        1

=== sync$croc_chip.i_croc_soc.i_croc.i_gpio.gen_gpios[2].i_sync ===

   Number of wires:                  5
   Number of wire bits:              6
   Number of public wires:           5
   Number of public wire bits:       6
   Number of ports:                  4
   Number of port bits:              4
   Number of memories:               0
   Number of memory bits:            0
   Number of processes:              0
   Number of cells:                  1
     $aldff_2                        1

=== sync$croc_chip.i_croc_soc.i_croc.i_gpio.gen_gpios[30].i_sync ===

   Number of wires:                  5
   Number of wire bits:              6
   Number of public wires:           5
   Number of public wire bits:       6
   Number of ports:                  4
   Number of port bits:              4
   Number of memories:               0
   Number of memory bits:            0
   Number of processes:              0
   Number of cells:                  1
     $aldff_2                        1

=== sync$croc_chip.i_croc_soc.i_croc.i_gpio.gen_gpios[31].i_sync ===

   Number of wires:                  5
   Number of wire bits:              6
   Number of public wires:           5
   Number of public wire bits:       6
   Number of ports:                  4
   Number of port bits:              4
   Number of memories:               0
   Number of memory bits:            0
   Number of processes:              0
   Number of cells:                  1
     $aldff_2                        1

=== sync$croc_chip.i_croc_soc.i_croc.i_gpio.gen_gpios[3].i_sync ===

   Number of wires:                  5
   Number of wire bits:              6
   Number of public wires:           5
   Number of public wire bits:       6
   Number of ports:                  4
   Number of port bits:              4
   Number of memories:               0
   Number of memory bits:            0
   Number of processes:              0
   Number of cells:                  1
     $aldff_2                        1

=== sync$croc_chip.i_croc_soc.i_croc.i_gpio.gen_gpios[4].i_sync ===

   Number of wires:                  5
   Number of wire bits:              6
   Number of public wires:           5
   Number of public wire bits:       6
   Number of ports:                  4
   Number of port bits:              4
   Number of memories:               0
   Number of memory bits:            0
   Number of processes:              0
   Number of cells:                  1
     $aldff_2                        1

=== sync$croc_chip.i_croc_soc.i_croc.i_gpio.gen_gpios[5].i_sync ===

   Number of wires:                  5
   Number of wire bits:              6
   Number of public wires:           5
   Number of public wire bits:       6
   Number of ports:                  4
   Number of port bits:              4
   Number of memories:               0
   Number of memory bits:            0
   Number of processes:              0
   Number of cells:                  1
     $aldff_2                        1

=== sync$croc_chip.i_croc_soc.i_croc.i_gpio.gen_gpios[6].i_sync ===

   Number of wires:                  5
   Number of wire bits:              6
   Number of public wires:           5
   Number of public wire bits:       6
   Number of ports:                  4
   Number of port bits:              4
   Number of memories:               0
   Number of memory bits:            0
   Number of processes:              0
   Number of cells:                  1
     $aldff_2                        1

=== sync$croc_chip.i_croc_soc.i_croc.i_gpio.gen_gpios[7].i_sync ===

   Number of wires:                  5
   Number of wire bits:              6
   Number of public wires:           5
   Number of public wire bits:       6
   Number of ports:                  4
   Number of port bits:              4
   Number of memories:               0
   Number of memory bits:            0
   Number of processes:              0
   Number of cells:                  1
     $aldff_2                        1

=== sync$croc_chip.i_croc_soc.i_croc.i_gpio.gen_gpios[8].i_sync ===

   Number of wires:                  5
   Number of wire bits:              6
   Number of public wires:           5
   Number of public wire bits:       6
   Number of ports:                  4
   Number of port bits:              4
   Number of memories:               0
   Number of memory bits:            0
   Number of processes:              0
   Number of cells:                  1
     $aldff_2                        1

=== sync$croc_chip.i_croc_soc.i_croc.i_gpio.gen_gpios[9].i_sync ===

   Number of wires:                  5
   Number of wire bits:              6
   Number of public wires:           5
   Number of public wire bits:       6
   Number of ports:                  4
   Number of port bits:              4
   Number of memories:               0
   Number of memory bits:            0
   Number of processes:              0
   Number of cells:                  1
     $aldff_2                        1

=== sync$croc_chip.i_croc_soc.i_croc.i_uart.i_uart_modem.i_sync_cd ===

   Number of wires:                  5
   Number of wire bits:              6
   Number of public wires:           5
   Number of public wire bits:       6
   Number of ports:                  4
   Number of port bits:              4
   Number of memories:               0
   Number of memory bits:            0
   Number of processes:              0
   Number of cells:                  1
     $aldff_2                        1

=== sync$croc_chip.i_croc_soc.i_croc.i_uart.i_uart_modem.i_sync_cts ===

   Number of wires:                  5
   Number of wire bits:              6
   Number of public wires:           5
   Number of public wire bits:       6
   Number of ports:                  4
   Number of port bits:              4
   Number of memories:               0
   Number of memory bits:            0
   Number of processes:              0
   Number of cells:                  1
     $aldff_2                        1

=== sync$croc_chip.i_croc_soc.i_croc.i_uart.i_uart_modem.i_sync_dsr ===

   Number of wires:                  5
   Number of wire bits:              6
   Number of public wires:           5
   Number of public wire bits:       6
   Number of ports:                  4
   Number of port bits:              4
   Number of memories:               0
   Number of memory bits:            0
   Number of processes:              0
   Number of cells:                  1
     $aldff_2                        1

=== sync$croc_chip.i_croc_soc.i_croc.i_uart.i_uart_modem.i_sync_ri ===

   Number of wires:                  5
   Number of wire bits:              6
   Number of public wires:           5
   Number of public wire bits:       6
   Number of ports:                  4
   Number of port bits:              4
   Number of memories:               0
   Number of memory bits:            0
   Number of processes:              0
   Number of cells:                  1
     $aldff_2                        1

=== sync$croc_chip.i_croc_soc.i_croc.i_uart.i_uart_rx.i_sync ===

   Number of wires:                  5
   Number of wire bits:              6
   Number of public wires:           5
   Number of public wire bits:       6
   Number of ports:                  4
   Number of port bits:              4
   Number of memories:               0
   Number of memory bits:            0
   Number of processes:              0
   Number of cells:                  1
     $aldff_2                        1

=== sync$croc_chip.i_croc_soc.i_ext_intr_sync ===

   Number of wires:                  5
   Number of wire bits:              6
   Number of public wires:           5
   Number of public wire bits:       6
   Number of ports:                  4
   Number of port bits:              4
   Number of memories:               0
   Number of memory bits:            0
   Number of processes:              0
   Number of cells:                  1
     $aldff_2                        1

=== tc_clk_inverter$croc_chip.i_croc_soc.i_croc.i_dmi_jtag.i_dmi_jtag_tap.i_tck_inv ===

   Number of wires:                  2
   Number of wire bits:              2
   Number of public wires:           2
   Number of public wire bits:       2
   Number of ports:                  2
   Number of port bits:              2
   Number of memories:               0
   Number of memory bits:            0
   Number of processes:              0
   Number of cells:                  1
     sg13g2_inv_1                    1

=== tc_clk_mux2$croc_chip.i_croc_soc.i_croc.i_dmi_jtag.i_dmi_jtag_tap.i_dft_tck_mux ===

   Number of wires:                  4
   Number of wire bits:              4
   Number of public wires:           4
   Number of public wire bits:       4
   Number of ports:                  4
   Number of port bits:              4
   Number of memories:               0
   Number of memory bits:            0
   Number of processes:              0
   Number of cells:                  1
     sg13g2_mux2_1                   1

=== tc_clk_mux2$croc_chip.i_croc_soc.i_rstgen.i_rstgen_bypass.i_tc_clk_mux2_init_no ===

   Number of wires:                  4
   Number of wire bits:              4
   Number of public wires:           4
   Number of public wire bits:       4
   Number of ports:                  4
   Number of port bits:              4
   Number of memories:               0
   Number of memory bits:            0
   Number of processes:              0
   Number of cells:                  1
     sg13g2_mux2_1                   1

=== tc_clk_mux2$croc_chip.i_croc_soc.i_rstgen.i_rstgen_bypass.i_tc_clk_mux2_rst_n ===

   Number of wires:                  4
   Number of wire bits:              4
   Number of public wires:           4
   Number of public wire bits:       4
   Number of ports:                  4
   Number of port bits:              4
   Number of memories:               0
   Number of memory bits:            0
   Number of processes:              0
   Number of cells:                  1
     sg13g2_mux2_1                   1

=== tc_clk_mux2$croc_chip.i_croc_soc.i_rstgen.i_rstgen_bypass.i_tc_clk_mux2_rst_no ===

   Number of wires:                  4
   Number of wire bits:              4
   Number of public wires:           4
   Number of public wire bits:       4
   Number of ports:                  4
   Number of port bits:              4
   Number of memories:               0
   Number of memory bits:            0
   Number of processes:              0
   Number of cells:                  1
     sg13g2_mux2_1                   1

=== tc_sram_impl$croc_chip.i_croc_soc.i_croc.gen_sram_bank[0].i_sram ===

   Number of wires:                 52
   Number of wire bits:            345
   Number of public wires:          16
   Number of public wire bits:     309
   Number of ports:                 10
   Number of port bits:             83
   Number of memories:               0
   Number of memory bits:            0
   Number of processes:              0
   Number of cells:                134
     $aldff_1                        1
     $and_1                         65
     $mux_1                         33
     $not_1                         34
     RM_IHPSG13_1P_256x64_c2_bm_bist      1

=== tc_sram_impl$croc_chip.i_croc_soc.i_croc.gen_sram_bank[1].i_sram ===

   Number of wires:                 52
   Number of wire bits:            345
   Number of public wires:          16
   Number of public wire bits:     309
   Number of ports:                 10
   Number of port bits:             83
   Number of memories:               0
   Number of memory bits:            0
   Number of processes:              0
   Number of cells:                134
     $aldff_1                        1
     $and_1                         65
     $mux_1                         33
     $not_1                         34
     RM_IHPSG13_1P_256x64_c2_bm_bist      1

=== timer_unit$croc_chip.i_croc_soc.i_croc.i_timer ===

   Number of wires:                261
   Number of wire bits:           1082
   Number of public wires:          58
   Number of public wire bits:     503
   Number of ports:                 19
   Number of port bits:            121
   Number of memories:               0
   Number of memory bits:            0
   Number of processes:              0
   Number of cells:                248
     $aldff_1                        6
     $aldff_2                        1
     $aldff_32                       5
     $aldff_4                        1
     $and_1                          6
     $eq_2                           3
     $eq_32                          4
     $eq_6                          14
     $logic_and_1                   33
     $logic_not_2                    2
     $logic_not_6                    2
     $mux_1                        129
     $mux_2                          4
     $mux_32                        14
     $not_1                         13
     $or_1                           5
     $pmux_2                         1
     $pmux_32                        1
     timer_unit_counter$croc_chip.i_croc_soc.i_croc.i_timer.counter_hi_i      1
     timer_unit_counter$croc_chip.i_croc_soc.i_croc.i_timer.counter_lo_i      1
     timer_unit_counter_presc$croc_chip.i_croc_soc.i_croc.i_timer.prescaler_hi_i      1
     timer_unit_counter_presc$croc_chip.i_croc_soc.i_croc.i_timer.prescaler_lo_i      1

=== timer_unit_counter$croc_chip.i_croc_soc.i_croc.i_timer.counter_hi_i ===

   Number of wires:                 19
   Number of wire bits:            360
   Number of public wires:          11
   Number of public wire bits:     166
   Number of ports:                  9
   Number of port bits:            102
   Number of memories:               0
   Number of memory bits:            0
   Number of processes:              0
   Number of cells:                 11
     $add_32                         1
     $aldff_1                        1
     $aldff_32                       1
     $eq_32                          1
     $mux_1                          1
     $mux_32                         6

=== timer_unit_counter$croc_chip.i_croc_soc.i_croc.i_timer.counter_lo_i ===

   Number of wires:                 19
   Number of wire bits:            360
   Number of public wires:          11
   Number of public wire bits:     166
   Number of ports:                  9
   Number of port bits:            102
   Number of memories:               0
   Number of memory bits:            0
   Number of processes:              0
   Number of cells:                 11
     $add_32                         1
     $aldff_1                        1
     $aldff_32                       1
     $eq_32                          1
     $mux_1                          1
     $mux_32                         6

=== timer_unit_counter_presc$croc_chip.i_croc_soc.i_croc.i_timer.prescaler_hi_i ===

   Number of wires:                 20
   Number of wire bits:            361
   Number of public wires:          11
   Number of public wire bits:     166
   Number of ports:                  9
   Number of port bits:            102
   Number of memories:               0
   Number of memory bits:            0
   Number of processes:              0
   Number of cells:                 12
     $add_32                         1
     $aldff_1                        1
     $aldff_32                       1
     $eq_32                          1
     $logic_or_1                     1
     $mux_1                          1
     $mux_32                         6

=== timer_unit_counter_presc$croc_chip.i_croc_soc.i_croc.i_timer.prescaler_lo_i ===

   Number of wires:                 20
   Number of wire bits:            361
   Number of public wires:          11
   Number of public wire bits:     166
   Number of ports:                  9
   Number of port bits:            102
   Number of memories:               0
   Number of memory bits:            0
   Number of processes:              0
   Number of cells:                 12
     $add_32                         1
     $aldff_1                        1
     $aldff_32                       1
     $eq_32                          1
     $logic_or_1                     1
     $mux_1                          1
     $mux_32                         6

=== user_domain$croc_chip.i_croc_soc.i_user ===

   Number of wires:                 17
   Number of wire bits:            725
   Number of public wires:          17
   Number of public wire bits:     725
   Number of ports:                 10
   Number of port bits:            264
   Number of memories:               0
   Number of memory bits:            0
   Number of processes:              0
   Number of cells:                  4
     addr_decode$croc_chip.i_croc_soc.i_user.i_addr_decode_periphs      1
     obi_demux$croc_chip.i_croc_soc.i_user.i_obi_demux      1
     obi_err_sbr$croc_chip.i_croc_soc.i_user.i_user_err      1
     user_rom$croc_chip.i_croc_soc.i_user.i_user_rom      1

=== user_rom$croc_chip.i_croc_soc.i_user.i_user_rom ===

   Number of wires:                 23
   Number of wire bits:            423
   Number of public wires:          15
   Number of public wire bits:     229
   Number of ports:                  4
   Number of port bits:            117
   Number of memories:               1
   Number of memory bits:          256
   Number of processes:              0
   Number of cells:                 15
     $aldff_1                        2
     $aldff_32                       1
     $aldff_4                        1
     $meminit                        1
     $memrd_v2                       4
     $mux_1                          3
     $mux_32                         3

=== design hierarchy ===

   croc_chip                         1
     croc_soc$croc_chip.i_croc_soc      1
       croc_domain$croc_chip.i_croc_soc.i_croc      1
         addr_decode$croc_chip.i_croc_soc.i_croc.i_addr_decode_periphs      1
           addr_decode_dync$croc_chip.i_croc_soc.i_croc.i_addr_decode_periphs.i_addr_decode_dync      1
         core_wrap$croc_chip.i_croc_soc.i_croc.i_core_wrap      1
           cve2_core$croc_chip.i_croc_soc.i_croc.i_core_wrap.i_ibex      1
             cve2_cs_registers$croc_chip.i_croc_soc.i_croc.i_core_wrap.i_ibex.cs_registers_i      1
               cve2_counter$croc_chip.i_croc_soc.i_croc.i_core_wrap.i_ibex.cs_registers_i.mcycle_counter_i      1
               cve2_counter$croc_chip.i_croc_soc.i_croc.i_core_wrap.i_ibex.cs_registers_i.minstret_counter_i      1
               cve2_csr$croc_chip.i_croc_soc.i_croc.i_core_wrap.i_ibex.cs_registers_i.gen_trigger_regs.g_dbg_tmatch_reg[0].u_tmatch_control_csr      1
               cve2_csr$croc_chip.i_croc_soc.i_croc.i_core_wrap.i_ibex.cs_registers_i.gen_trigger_regs.g_dbg_tmatch_reg[0].u_tmatch_value_csr      1
               cve2_csr$croc_chip.i_croc_soc.i_croc.i_core_wrap.i_ibex.cs_registers_i.gen_trigger_regs.u_tselect_csr      1
               cve2_csr$croc_chip.i_croc_soc.i_croc.i_core_wrap.i_ibex.cs_registers_i.u_dcsr_csr      1
               cve2_csr$croc_chip.i_croc_soc.i_croc.i_core_wrap.i_ibex.cs_registers_i.u_depc_csr      1
               cve2_csr$croc_chip.i_croc_soc.i_croc.i_core_wrap.i_ibex.cs_registers_i.u_dscratch0_csr      1
               cve2_csr$croc_chip.i_croc_soc.i_croc.i_core_wrap.i_ibex.cs_registers_i.u_dscratch1_csr      1
               cve2_csr$croc_chip.i_croc_soc.i_croc.i_core_wrap.i_ibex.cs_registers_i.u_mcause_csr      1
               cve2_csr$croc_chip.i_croc_soc.i_croc.i_core_wrap.i_ibex.cs_registers_i.u_mepc_csr      1
               cve2_csr$croc_chip.i_croc_soc.i_croc.i_core_wrap.i_ibex.cs_registers_i.u_mie_csr      1
               cve2_csr$croc_chip.i_croc_soc.i_croc.i_core_wrap.i_ibex.cs_registers_i.u_mscratch_csr      1
               cve2_csr$croc_chip.i_croc_soc.i_croc.i_core_wrap.i_ibex.cs_registers_i.u_mstack_cause_csr      1
               cve2_csr$croc_chip.i_croc_soc.i_croc.i_core_wrap.i_ibex.cs_registers_i.u_mstack_csr      1
               cve2_csr$croc_chip.i_croc_soc.i_croc.i_core_wrap.i_ibex.cs_registers_i.u_mstack_epc_csr      1
               cve2_csr$croc_chip.i_croc_soc.i_croc.i_core_wrap.i_ibex.cs_registers_i.u_mstatus_csr      1
               cve2_csr$croc_chip.i_croc_soc.i_croc.i_core_wrap.i_ibex.cs_registers_i.u_mtval_csr      1
               cve2_csr$croc_chip.i_croc_soc.i_croc.i_core_wrap.i_ibex.cs_registers_i.u_mtvec_csr      1
             cve2_ex_block$croc_chip.i_croc_soc.i_croc.i_core_wrap.i_ibex.ex_block_i      1
               cve2_alu$croc_chip.i_croc_soc.i_croc.i_core_wrap.i_ibex.ex_block_i.alu_i      1
             cve2_id_stage$croc_chip.i_croc_soc.i_croc.i_core_wrap.i_ibex.id_stage_i      1
               cve2_controller$croc_chip.i_croc_soc.i_croc.i_core_wrap.i_ibex.id_stage_i.controller_i      1
               cve2_decoder$croc_chip.i_croc_soc.i_croc.i_core_wrap.i_ibex.id_stage_i.decoder_i      1
             cve2_if_stage$croc_chip.i_croc_soc.i_croc.i_core_wrap.i_ibex.if_stage_i      1
               cve2_compressed_decoder$croc_chip.i_croc_soc.i_croc.i_core_wrap.i_ibex.if_stage_i.compressed_decoder_i      1
               cve2_prefetch_buffer$croc_chip.i_croc_soc.i_croc.i_core_wrap.i_ibex.if_stage_i.prefetch_buffer_i      1
                 cve2_fetch_fifo$croc_chip.i_croc_soc.i_croc.i_core_wrap.i_ibex.if_stage_i.prefetch_buffer_i.fifo_i      1
             cve2_load_store_unit$croc_chip.i_croc_soc.i_croc.i_core_wrap.i_ibex.load_store_unit_i      1
             cve2_register_file_ff$croc_chip.i_croc_soc.i_croc.i_core_wrap.i_ibex.register_file_i      1
             cve2_wb$croc_chip.i_croc_soc.i_croc.i_core_wrap.i_ibex.wb_i      1
         dm_obi_top$croc_chip.i_croc_soc.i_croc.i_dm_top      1
           dm_top$croc_chip.i_croc_soc.i_croc.i_dm_top.i_dm_top      1
             dm_csrs$croc_chip.i_croc_soc.i_croc.i_dm_top.i_dm_top.i_dm_csrs      1
               fifo_v3$croc_chip.i_croc_soc.i_croc.i_dm_top.i_dm_top.i_dm_csrs.i_fifo      1
             dm_mem$croc_chip.i_croc_soc.i_croc.i_dm_top.i_dm_top.i_dm_mem      1
               debug_rom$croc_chip.i_croc_soc.i_croc.i_dm_top.i_dm_top.i_dm_mem.gen_rom_snd_scratch.i_debug_rom      1
             dm_sba$croc_chip.i_croc_soc.i_croc.i_dm_top.i_dm_top.i_dm_sba      1
         dma$croc_chip.i_croc_soc.i_croc.i_dma      1
           dma_fifo_buffer$croc_chip.i_croc_soc.i_croc.i_dma.i_dma_fifo_buffer      1
           dma_interrupt_handler$croc_chip.i_croc_soc.i_croc.i_dma.i_dma_interupt_handler      1
         dmi_jtag$croc_chip.i_croc_soc.i_croc.i_dmi_jtag      1
           dmi_cdc$croc_chip.i_croc_soc.i_croc.i_dmi_jtag.i_dmi_cdc      1
             cdc_2phase_clearable$croc_chip.i_croc_soc.i_croc.i_dmi_jtag.i_dmi_cdc.i_cdc_req      1
               cdc_2phase_dst_clearable$croc_chip.i_croc_soc.i_croc.i_dmi_jtag.i_dmi_cdc.i_cdc_req.i_dst      1
                 sync$croc_chip.i_croc_soc.i_croc.i_dmi_jtag.i_dmi_cdc.i_cdc_req.i_dst.i_sync      1
               cdc_2phase_src_clearable$croc_chip.i_croc_soc.i_croc.i_dmi_jtag.i_dmi_cdc.i_cdc_req.i_src      1
                 sync$croc_chip.i_croc_soc.i_croc.i_dmi_jtag.i_dmi_cdc.i_cdc_req.i_src.i_sync      1
               cdc_reset_ctrlr$croc_chip.i_croc_soc.i_croc.i_dmi_jtag.i_dmi_cdc.i_cdc_req.i_cdc_reset_ctrlr      1
                 cdc_reset_ctrlr_half$croc_chip.i_croc_soc.i_croc.i_dmi_jtag.i_dmi_cdc.i_cdc_req.i_cdc_reset_ctrlr.i_cdc_reset_ctrlr_half_a      1
                   cdc_4phase_dst$croc_chip.i_croc_soc.i_croc.i_dmi_jtag.i_dmi_cdc.i_cdc_req.i_cdc_reset_ctrlr.i_cdc_reset_ctrlr_half_a.i_state_transition_cdc_dst      1
                     sync$croc_chip.i_croc_soc.i_croc.i_dmi_jtag.i_dmi_cdc.i_cdc_req.i_cdc_reset_ctrlr.i_cdc_reset_ctrlr_half_a.i_state_transition_cdc_dst.i_sync      1
                   cdc_4phase_src$croc_chip.i_croc_soc.i_croc.i_dmi_jtag.i_dmi_cdc.i_cdc_req.i_cdc_reset_ctrlr.i_cdc_reset_ctrlr_half_a.i_state_transition_cdc_src      1
                     sync$croc_chip.i_croc_soc.i_croc.i_dmi_jtag.i_dmi_cdc.i_cdc_req.i_cdc_reset_ctrlr.i_cdc_reset_ctrlr_half_a.i_state_transition_cdc_src.i_sync      1
                 cdc_reset_ctrlr_half$croc_chip.i_croc_soc.i_croc.i_dmi_jtag.i_dmi_cdc.i_cdc_req.i_cdc_reset_ctrlr.i_cdc_reset_ctrlr_half_b      1
                   cdc_4phase_dst$croc_chip.i_croc_soc.i_croc.i_dmi_jtag.i_dmi_cdc.i_cdc_req.i_cdc_reset_ctrlr.i_cdc_reset_ctrlr_half_b.i_state_transition_cdc_dst      1
                     sync$croc_chip.i_croc_soc.i_croc.i_dmi_jtag.i_dmi_cdc.i_cdc_req.i_cdc_reset_ctrlr.i_cdc_reset_ctrlr_half_b.i_state_transition_cdc_dst.i_sync      1
                   cdc_4phase_src$croc_chip.i_croc_soc.i_croc.i_dmi_jtag.i_dmi_cdc.i_cdc_req.i_cdc_reset_ctrlr.i_cdc_reset_ctrlr_half_b.i_state_transition_cdc_src      1
                     sync$croc_chip.i_croc_soc.i_croc.i_dmi_jtag.i_dmi_cdc.i_cdc_req.i_cdc_reset_ctrlr.i_cdc_reset_ctrlr_half_b.i_state_transition_cdc_src.i_sync      1
             cdc_2phase_clearable$croc_chip.i_croc_soc.i_croc.i_dmi_jtag.i_dmi_cdc.i_cdc_resp      1
               cdc_2phase_dst_clearable$croc_chip.i_croc_soc.i_croc.i_dmi_jtag.i_dmi_cdc.i_cdc_resp.i_dst      1
                 sync$croc_chip.i_croc_soc.i_croc.i_dmi_jtag.i_dmi_cdc.i_cdc_resp.i_dst.i_sync      1
               cdc_2phase_src_clearable$croc_chip.i_croc_soc.i_croc.i_dmi_jtag.i_dmi_cdc.i_cdc_resp.i_src      1
                 sync$croc_chip.i_croc_soc.i_croc.i_dmi_jtag.i_dmi_cdc.i_cdc_resp.i_src.i_sync      1
               cdc_reset_ctrlr$croc_chip.i_croc_soc.i_croc.i_dmi_jtag.i_dmi_cdc.i_cdc_resp.i_cdc_reset_ctrlr      1
                 cdc_reset_ctrlr_half$croc_chip.i_croc_soc.i_croc.i_dmi_jtag.i_dmi_cdc.i_cdc_resp.i_cdc_reset_ctrlr.i_cdc_reset_ctrlr_half_a      1
                   cdc_4phase_dst$croc_chip.i_croc_soc.i_croc.i_dmi_jtag.i_dmi_cdc.i_cdc_resp.i_cdc_reset_ctrlr.i_cdc_reset_ctrlr_half_a.i_state_transition_cdc_dst      1
                     sync$croc_chip.i_croc_soc.i_croc.i_dmi_jtag.i_dmi_cdc.i_cdc_resp.i_cdc_reset_ctrlr.i_cdc_reset_ctrlr_half_a.i_state_transition_cdc_dst.i_sync      1
                   cdc_4phase_src$croc_chip.i_croc_soc.i_croc.i_dmi_jtag.i_dmi_cdc.i_cdc_resp.i_cdc_reset_ctrlr.i_cdc_reset_ctrlr_half_a.i_state_transition_cdc_src      1
                     sync$croc_chip.i_croc_soc.i_croc.i_dmi_jtag.i_dmi_cdc.i_cdc_resp.i_cdc_reset_ctrlr.i_cdc_reset_ctrlr_half_a.i_state_transition_cdc_src.i_sync      1
                 cdc_reset_ctrlr_half$croc_chip.i_croc_soc.i_croc.i_dmi_jtag.i_dmi_cdc.i_cdc_resp.i_cdc_reset_ctrlr.i_cdc_reset_ctrlr_half_b      1
                   cdc_4phase_dst$croc_chip.i_croc_soc.i_croc.i_dmi_jtag.i_dmi_cdc.i_cdc_resp.i_cdc_reset_ctrlr.i_cdc_reset_ctrlr_half_b.i_state_transition_cdc_dst      1
                     sync$croc_chip.i_croc_soc.i_croc.i_dmi_jtag.i_dmi_cdc.i_cdc_resp.i_cdc_reset_ctrlr.i_cdc_reset_ctrlr_half_b.i_state_transition_cdc_dst.i_sync      1
                   cdc_4phase_src$croc_chip.i_croc_soc.i_croc.i_dmi_jtag.i_dmi_cdc.i_cdc_resp.i_cdc_reset_ctrlr.i_cdc_reset_ctrlr_half_b.i_state_transition_cdc_src      1
                     sync$croc_chip.i_croc_soc.i_croc.i_dmi_jtag.i_dmi_cdc.i_cdc_resp.i_cdc_reset_ctrlr.i_cdc_reset_ctrlr_half_b.i_state_transition_cdc_src.i_sync      1
           dmi_jtag_tap$croc_chip.i_croc_soc.i_croc.i_dmi_jtag.i_dmi_jtag_tap      1
             tc_clk_inverter$croc_chip.i_croc_soc.i_croc.i_dmi_jtag.i_dmi_jtag_tap.i_tck_inv      1
             tc_clk_mux2$croc_chip.i_croc_soc.i_croc.i_dmi_jtag.i_dmi_jtag_tap.i_dft_tck_mux      1
         gpio$croc_chip.i_croc_soc.i_croc.i_gpio      1
           gpio_reg_top$croc_chip.i_croc_soc.i_croc.i_gpio.i_reg_file      1
           sync$croc_chip.i_croc_soc.i_croc.i_gpio.gen_gpios[0].i_sync      1
           sync$croc_chip.i_croc_soc.i_croc.i_gpio.gen_gpios[10].i_sync      1
           sync$croc_chip.i_croc_soc.i_croc.i_gpio.gen_gpios[11].i_sync      1
           sync$croc_chip.i_croc_soc.i_croc.i_gpio.gen_gpios[12].i_sync      1
           sync$croc_chip.i_croc_soc.i_croc.i_gpio.gen_gpios[13].i_sync      1
           sync$croc_chip.i_croc_soc.i_croc.i_gpio.gen_gpios[14].i_sync      1
           sync$croc_chip.i_croc_soc.i_croc.i_gpio.gen_gpios[15].i_sync      1
           sync$croc_chip.i_croc_soc.i_croc.i_gpio.gen_gpios[16].i_sync      1
           sync$croc_chip.i_croc_soc.i_croc.i_gpio.gen_gpios[17].i_sync      1
           sync$croc_chip.i_croc_soc.i_croc.i_gpio.gen_gpios[18].i_sync      1
           sync$croc_chip.i_croc_soc.i_croc.i_gpio.gen_gpios[19].i_sync      1
           sync$croc_chip.i_croc_soc.i_croc.i_gpio.gen_gpios[1].i_sync      1
           sync$croc_chip.i_croc_soc.i_croc.i_gpio.gen_gpios[20].i_sync      1
           sync$croc_chip.i_croc_soc.i_croc.i_gpio.gen_gpios[21].i_sync      1
           sync$croc_chip.i_croc_soc.i_croc.i_gpio.gen_gpios[22].i_sync      1
           sync$croc_chip.i_croc_soc.i_croc.i_gpio.gen_gpios[23].i_sync      1
           sync$croc_chip.i_croc_soc.i_croc.i_gpio.gen_gpios[24].i_sync      1
           sync$croc_chip.i_croc_soc.i_croc.i_gpio.gen_gpios[25].i_sync      1
           sync$croc_chip.i_croc_soc.i_croc.i_gpio.gen_gpios[26].i_sync      1
           sync$croc_chip.i_croc_soc.i_croc.i_gpio.gen_gpios[27].i_sync      1
           sync$croc_chip.i_croc_soc.i_croc.i_gpio.gen_gpios[28].i_sync      1
           sync$croc_chip.i_croc_soc.i_croc.i_gpio.gen_gpios[29].i_sync      1
           sync$croc_chip.i_croc_soc.i_croc.i_gpio.gen_gpios[2].i_sync      1
           sync$croc_chip.i_croc_soc.i_croc.i_gpio.gen_gpios[30].i_sync      1
           sync$croc_chip.i_croc_soc.i_croc.i_gpio.gen_gpios[31].i_sync      1
           sync$croc_chip.i_croc_soc.i_croc.i_gpio.gen_gpios[3].i_sync      1
           sync$croc_chip.i_croc_soc.i_croc.i_gpio.gen_gpios[4].i_sync      1
           sync$croc_chip.i_croc_soc.i_croc.i_gpio.gen_gpios[5].i_sync      1
           sync$croc_chip.i_croc_soc.i_croc.i_gpio.gen_gpios[6].i_sync      1
           sync$croc_chip.i_croc_soc.i_croc.i_gpio.gen_gpios[7].i_sync      1
           sync$croc_chip.i_croc_soc.i_croc.i_gpio.gen_gpios[8].i_sync      1
           sync$croc_chip.i_croc_soc.i_croc.i_gpio.gen_gpios[9].i_sync      1
         obi_demux$croc_chip.i_croc_soc.i_croc.i_obi_demux      1
           delta_counter$croc_chip.i_croc_soc.i_croc.i_obi_demux.i_counter      1
         obi_err_sbr$croc_chip.i_croc_soc.i_croc.i_periph_err      1
           fifo_v3$croc_chip.i_croc_soc.i_croc.i_periph_err.i_id_fifo      1
         obi_err_sbr$croc_chip.i_croc_soc.i_croc.i_xbar_err      1
           fifo_v3$croc_chip.i_croc_soc.i_croc.i_xbar_err.i_id_fifo      1
         obi_sram_shim$croc_chip.i_croc_soc.i_croc.gen_sram_bank[0].i_sram_shim      1
         obi_sram_shim$croc_chip.i_croc_soc.i_croc.gen_sram_bank[1].i_sram_shim      1
         obi_uart$croc_chip.i_croc_soc.i_croc.i_uart      1
           obi_uart_baudgen$croc_chip.i_croc_soc.i_croc.i_uart.i_uart_baudgen      1
             counter$croc_chip.i_croc_soc.i_croc.i_uart.i_uart_baudgen.i_baudrate_counter      1
               delta_counter$croc_chip.i_croc_soc.i_croc.i_uart.i_uart_baudgen.i_baudrate_counter.i_counter      1
             counter$croc_chip.i_croc_soc.i_croc.i_uart.i_uart_baudgen.i_oversample_counter      1
               delta_counter$croc_chip.i_croc_soc.i_croc.i_uart.i_uart_baudgen.i_oversample_counter.i_counter      1
           obi_uart_interrupts$croc_chip.i_croc_soc.i_croc.i_uart.i_uart_interrupts      1
           obi_uart_modem$croc_chip.i_croc_soc.i_croc.i_uart.i_uart_modem      1
             sync$croc_chip.i_croc_soc.i_croc.i_uart.i_uart_modem.i_sync_cd      1
             sync$croc_chip.i_croc_soc.i_croc.i_uart.i_uart_modem.i_sync_cts      1
             sync$croc_chip.i_croc_soc.i_croc.i_uart.i_uart_modem.i_sync_dsr      1
             sync$croc_chip.i_croc_soc.i_croc.i_uart.i_uart_modem.i_sync_ri      1
           obi_uart_register$croc_chip.i_croc_soc.i_croc.i_uart.i_uart_register      1
           obi_uart_rx$croc_chip.i_croc_soc.i_croc.i_uart.i_uart_rx      1
             counter$croc_chip.i_croc_soc.i_croc.i_uart.i_uart_rx.i_counter      1
               delta_counter$croc_chip.i_croc_soc.i_croc.i_uart.i_uart_rx.i_counter.i_counter      1
             fifo_v3$croc_chip.i_croc_soc.i_croc.i_uart.i_uart_rx.i_fifo_v3      1
             sync$croc_chip.i_croc_soc.i_croc.i_uart.i_uart_rx.i_sync      1
           obi_uart_tx$croc_chip.i_croc_soc.i_croc.i_uart.i_uart_tx      1
             fifo_v3$croc_chip.i_croc_soc.i_croc.i_uart.i_uart_tx.i_fifo_v3      1
         obi_xbar$croc_chip.i_croc_soc.i_croc.i_main_xbar      1
           addr_decode$croc_chip.i_croc_soc.i_croc.i_main_xbar.gen_demux[0].i_addr_decode      1
             addr_decode_dync$croc_chip.i_croc_soc.i_croc.i_main_xbar.gen_demux[0].i_addr_decode.i_addr_decode_dync      1
           addr_decode$croc_chip.i_croc_soc.i_croc.i_main_xbar.gen_demux[1].i_addr_decode      1
             addr_decode_dync$croc_chip.i_croc_soc.i_croc.i_main_xbar.gen_demux[1].i_addr_decode.i_addr_decode_dync      1
           addr_decode$croc_chip.i_croc_soc.i_croc.i_main_xbar.gen_demux[2].i_addr_decode      1
             addr_decode_dync$croc_chip.i_croc_soc.i_croc.i_main_xbar.gen_demux[2].i_addr_decode.i_addr_decode_dync      1
           addr_decode$croc_chip.i_croc_soc.i_croc.i_main_xbar.gen_demux[3].i_addr_decode      1
             addr_decode_dync$croc_chip.i_croc_soc.i_croc.i_main_xbar.gen_demux[3].i_addr_decode.i_addr_decode_dync      1
           addr_decode$croc_chip.i_croc_soc.i_croc.i_main_xbar.gen_demux[4].i_addr_decode      1
             addr_decode_dync$croc_chip.i_croc_soc.i_croc.i_main_xbar.gen_demux[4].i_addr_decode.i_addr_decode_dync      1
           addr_decode$croc_chip.i_croc_soc.i_croc.i_main_xbar.gen_demux[5].i_addr_decode      1
             addr_decode_dync$croc_chip.i_croc_soc.i_croc.i_main_xbar.gen_demux[5].i_addr_decode.i_addr_decode_dync      1
           obi_demux$croc_chip.i_croc_soc.i_croc.i_main_xbar.gen_demux[0].i_demux      1
             delta_counter$croc_chip.i_croc_soc.i_croc.i_main_xbar.gen_demux[0].i_demux.i_counter      1
           obi_demux$croc_chip.i_croc_soc.i_croc.i_main_xbar.gen_demux[1].i_demux      1
             delta_counter$croc_chip.i_croc_soc.i_croc.i_main_xbar.gen_demux[1].i_demux.i_counter      1
           obi_demux$croc_chip.i_croc_soc.i_croc.i_main_xbar.gen_demux[2].i_demux      1
             delta_counter$croc_chip.i_croc_soc.i_croc.i_main_xbar.gen_demux[2].i_demux.i_counter      1
           obi_demux$croc_chip.i_croc_soc.i_croc.i_main_xbar.gen_demux[3].i_demux      1
             delta_counter$croc_chip.i_croc_soc.i_croc.i_main_xbar.gen_demux[3].i_demux.i_counter      1
           obi_demux$croc_chip.i_croc_soc.i_croc.i_main_xbar.gen_demux[4].i_demux      1
             delta_counter$croc_chip.i_croc_soc.i_croc.i_main_xbar.gen_demux[4].i_demux.i_counter      1
           obi_demux$croc_chip.i_croc_soc.i_croc.i_main_xbar.gen_demux[5].i_demux      1
             delta_counter$croc_chip.i_croc_soc.i_croc.i_main_xbar.gen_demux[5].i_demux.i_counter      1
           obi_mux$croc_chip.i_croc_soc.i_croc.i_main_xbar.gen_mux[0].i_mux      1
             fifo_v3$croc_chip.i_croc_soc.i_croc.i_main_xbar.gen_mux[0].i_mux.gen_no_id_assign.i_fifo      1
             rr_arb_tree$croc_chip.i_croc_soc.i_croc.i_main_xbar.gen_mux[0].i_mux.i_rr_arb      1
               lzc$croc_chip.i_croc_soc.i_croc.i_main_xbar.gen_mux[0].i_mux.i_rr_arb.gen_arbiter.gen_int_rr.gen_fair_arb.i_lzc_lower      1
               lzc$croc_chip.i_croc_soc.i_croc.i_main_xbar.gen_mux[0].i_mux.i_rr_arb.gen_arbiter.gen_int_rr.gen_fair_arb.i_lzc_upper      1
           obi_mux$croc_chip.i_croc_soc.i_croc.i_main_xbar.gen_mux[1].i_mux      1
             fifo_v3$croc_chip.i_croc_soc.i_croc.i_main_xbar.gen_mux[1].i_mux.gen_no_id_assign.i_fifo      1
             rr_arb_tree$croc_chip.i_croc_soc.i_croc.i_main_xbar.gen_mux[1].i_mux.i_rr_arb      1
               lzc$croc_chip.i_croc_soc.i_croc.i_main_xbar.gen_mux[1].i_mux.i_rr_arb.gen_arbiter.gen_int_rr.gen_fair_arb.i_lzc_lower      1
               lzc$croc_chip.i_croc_soc.i_croc.i_main_xbar.gen_mux[1].i_mux.i_rr_arb.gen_arbiter.gen_int_rr.gen_fair_arb.i_lzc_upper      1
           obi_mux$croc_chip.i_croc_soc.i_croc.i_main_xbar.gen_mux[2].i_mux      1
             fifo_v3$croc_chip.i_croc_soc.i_croc.i_main_xbar.gen_mux[2].i_mux.gen_no_id_assign.i_fifo      1
             rr_arb_tree$croc_chip.i_croc_soc.i_croc.i_main_xbar.gen_mux[2].i_mux.i_rr_arb      1
               lzc$croc_chip.i_croc_soc.i_croc.i_main_xbar.gen_mux[2].i_mux.i_rr_arb.gen_arbiter.gen_int_rr.gen_fair_arb.i_lzc_lower      1
               lzc$croc_chip.i_croc_soc.i_croc.i_main_xbar.gen_mux[2].i_mux.i_rr_arb.gen_arbiter.gen_int_rr.gen_fair_arb.i_lzc_upper      1
           obi_mux$croc_chip.i_croc_soc.i_croc.i_main_xbar.gen_mux[3].i_mux      1
             fifo_v3$croc_chip.i_croc_soc.i_croc.i_main_xbar.gen_mux[3].i_mux.gen_no_id_assign.i_fifo      1
             rr_arb_tree$croc_chip.i_croc_soc.i_croc.i_main_xbar.gen_mux[3].i_mux.i_rr_arb      1
               lzc$croc_chip.i_croc_soc.i_croc.i_main_xbar.gen_mux[3].i_mux.i_rr_arb.gen_arbiter.gen_int_rr.gen_fair_arb.i_lzc_lower      1
               lzc$croc_chip.i_croc_soc.i_croc.i_main_xbar.gen_mux[3].i_mux.i_rr_arb.gen_arbiter.gen_int_rr.gen_fair_arb.i_lzc_upper      1
           obi_mux$croc_chip.i_croc_soc.i_croc.i_main_xbar.gen_mux[4].i_mux      1
             fifo_v3$croc_chip.i_croc_soc.i_croc.i_main_xbar.gen_mux[4].i_mux.gen_no_id_assign.i_fifo      1
             rr_arb_tree$croc_chip.i_croc_soc.i_croc.i_main_xbar.gen_mux[4].i_mux.i_rr_arb      1
               lzc$croc_chip.i_croc_soc.i_croc.i_main_xbar.gen_mux[4].i_mux.i_rr_arb.gen_arbiter.gen_int_rr.gen_fair_arb.i_lzc_lower      1
               lzc$croc_chip.i_croc_soc.i_croc.i_main_xbar.gen_mux[4].i_mux.i_rr_arb.gen_arbiter.gen_int_rr.gen_fair_arb.i_lzc_upper      1
           obi_mux$croc_chip.i_croc_soc.i_croc.i_main_xbar.gen_mux[5].i_mux      1
             fifo_v3$croc_chip.i_croc_soc.i_croc.i_main_xbar.gen_mux[5].i_mux.gen_no_id_assign.i_fifo      1
             rr_arb_tree$croc_chip.i_croc_soc.i_croc.i_main_xbar.gen_mux[5].i_mux.i_rr_arb      1
               lzc$croc_chip.i_croc_soc.i_croc.i_main_xbar.gen_mux[5].i_mux.i_rr_arb.gen_arbiter.gen_int_rr.gen_fair_arb.i_lzc_lower      1
               lzc$croc_chip.i_croc_soc.i_croc.i_main_xbar.gen_mux[5].i_mux.i_rr_arb.gen_arbiter.gen_int_rr.gen_fair_arb.i_lzc_upper      1
         periph_to_reg$croc_chip.i_croc_soc.i_croc.i_soc_ctrl_translate      1
         soc_ctrl_reg_top$croc_chip.i_croc_soc.i_croc.i_soc_ctrl      1
           prim_subreg$croc_chip.i_croc_soc.i_croc.i_soc_ctrl.u_bootaddr      1
             prim_subreg_arb$croc_chip.i_croc_soc.i_croc.i_soc_ctrl.u_bootaddr.wr_en_data_arb      1
           prim_subreg$croc_chip.i_croc_soc.i_croc.i_soc_ctrl.u_bootmode      1
             prim_subreg_arb$croc_chip.i_croc_soc.i_croc.i_soc_ctrl.u_bootmode.wr_en_data_arb      1
           prim_subreg$croc_chip.i_croc_soc.i_croc.i_soc_ctrl.u_corestatus      1
             prim_subreg_arb$croc_chip.i_croc_soc.i_croc.i_soc_ctrl.u_corestatus.wr_en_data_arb      1
           prim_subreg$croc_chip.i_croc_soc.i_croc.i_soc_ctrl.u_fetchen      1
             prim_subreg_arb$croc_chip.i_croc_soc.i_croc.i_soc_ctrl.u_fetchen.wr_en_data_arb      1
           prim_subreg$croc_chip.i_croc_soc.i_croc.i_soc_ctrl.u_sram_dly      1
             prim_subreg_arb$croc_chip.i_croc_soc.i_croc.i_soc_ctrl.u_sram_dly.wr_en_data_arb      1
         spi$croc_chip.i_croc_soc.i_croc.i_spi      1
           spi_fifo_buffer$croc_chip.i_croc_soc.i_croc.i_spi.i_spi_rx_fifo      1
           spi_fifo_buffer$croc_chip.i_croc_soc.i_croc.i_spi.i_spi_tx_fifo      1
           spi_reg_top$croc_chip.i_croc_soc.i_croc.i_spi.i_reg_file      1
         tc_sram_impl$croc_chip.i_croc_soc.i_croc.gen_sram_bank[0].i_sram      1
         tc_sram_impl$croc_chip.i_croc_soc.i_croc.gen_sram_bank[1].i_sram      1
         timer_unit$croc_chip.i_croc_soc.i_croc.i_timer      1
           timer_unit_counter$croc_chip.i_croc_soc.i_croc.i_timer.counter_hi_i      1
           timer_unit_counter$croc_chip.i_croc_soc.i_croc.i_timer.counter_lo_i      1
           timer_unit_counter_presc$croc_chip.i_croc_soc.i_croc.i_timer.prescaler_hi_i      1
           timer_unit_counter_presc$croc_chip.i_croc_soc.i_croc.i_timer.prescaler_lo_i      1
       rstgen$croc_chip.i_croc_soc.i_rstgen      1
         rstgen_bypass$croc_chip.i_croc_soc.i_rstgen.i_rstgen_bypass      1
           tc_clk_mux2$croc_chip.i_croc_soc.i_rstgen.i_rstgen_bypass.i_tc_clk_mux2_init_no      1
           tc_clk_mux2$croc_chip.i_croc_soc.i_rstgen.i_rstgen_bypass.i_tc_clk_mux2_rst_n      1
           tc_clk_mux2$croc_chip.i_croc_soc.i_rstgen.i_rstgen_bypass.i_tc_clk_mux2_rst_no      1
       sync$croc_chip.i_croc_soc.i_ext_intr_sync      1
       user_domain$croc_chip.i_croc_soc.i_user      1
         addr_decode$croc_chip.i_croc_soc.i_user.i_addr_decode_periphs      1
           addr_decode_dync$croc_chip.i_croc_soc.i_user.i_addr_decode_periphs.i_addr_decode_dync      1
         obi_demux$croc_chip.i_croc_soc.i_user.i_obi_demux      1
           delta_counter$croc_chip.i_croc_soc.i_user.i_obi_demux.i_counter      1
         obi_err_sbr$croc_chip.i_croc_soc.i_user.i_user_err      1
           fifo_v3$croc_chip.i_croc_soc.i_user.i_user_err.i_id_fifo      1
         user_rom$croc_chip.i_croc_soc.i_user.i_user_rom      1

   Number of wires:              12447
   Number of wire bits:         168741
   Number of public wires:        4472
   Number of public wire bits:   85856
   Number of ports:               2311
   Number of port bits:          38821
   Number of memories:               5
   Number of memory bits:          608
   Number of processes:              0
   Number of cells:              10976
     $add_17                         1
     $add_2                          8
     $add_31                         1
     $add_32                        74
     $add_34                         1
     $add_5                          1
     $add_6                          5
     $add_64                         2
     $add_9                          1
     $aldff_1                      271
     $aldff_10                       2
     $aldff_11                      19
     $aldff_12                       3
     $aldff_14                       1
     $aldff_16                       2
     $aldff_17                       1
     $aldff_19                       1
     $aldff_2                       95
     $aldff_24                       2
     $aldff_3                       47
     $aldff_31                       1
     $aldff_32                      91
     $aldff_34                       4
     $aldff_4                       30
     $aldff_41                       1
     $aldff_5                        9
     $aldff_6                       11
     $aldff_64                       5
     $aldff_7                        4
     $aldff_8                       43
     $and_1                        768
     $and_150                        1
     $and_19                         1
     $and_2                          4
     $and_210                        6
     $and_3                          1
     $and_32                        30
     $and_4                          1
     $and_432                        6
     $and_525                        1
     $and_6                          6
     $and_64                         1
     $and_8                          3
     $bmux_11_4                      1
     $bmux_1_1                      22
     $bmux_1_3                       1
     $bmux_1_4                       2
     $bmux_1_5                       2
     $bmux_32_1                      4
     $bmux_32_3                      1
     $bmux_32_5                      3
     $bmux_34_1                      1
     $bmux_37_3                     30
     $bmux_3_1                       6
     $bmux_40_1                      5
     $bmux_40_3                      5
     $bmux_64_2                      1
     $bmux_64_3                      1
     $bmux_64_5                      3
     $bmux_72_3                      6
     $bmux_75_1                      1
     $bmux_75_3                      1
     $bmux_8_4                       1
     $bwmux                         41
     $demux_11_4                     1
     $demux_1_1                      6
     $demux_1_2                      1
     $demux_1_3                      7
     $demux_1_5                      2
     $demux_32_1                     1
     $demux_32_3                     1
     $demux_34_1                     1
     $demux_35_3                    24
     $demux_3_1                      6
     $demux_72_3                    12
     $demux_75_1                     2
     $demux_75_3                     2
     $demux_8_3                      1
     $demux_8_4                      1
     $dff_2                          4
     $dff_32                         4
     $dff_7                          2
     $eq_1                           5
     $eq_10                         38
     $eq_11                          2
     $eq_12                        432
     $eq_16                          1
     $eq_2                         358
     $eq_3                         403
     $eq_32                         12
     $eq_4                         342
     $eq_5                          73
     $eq_6                          15
     $eq_7                         239
     $eq_8                          56
     $ge_12                          6
     $ge_13                          1
     $ge_2                          21
     $ge_3                           1
     $ge_32                         38
     $ge_4                          46
     $ge_5                           2
     $ge_6                           5
     $ge_8                           5
     $gt_2                           1
     $gt_32                         33
     $le_1                           1
     $le_12                          5
     $le_3                           2
     $le_32                         37
     $le_4                           1
     $le_8                           4
     $logic_and_1                  354
     $logic_not_1                   53
     $logic_not_10                   2
     $logic_not_12                  11
     $logic_not_16                   2
     $logic_not_2                  147
     $logic_not_3                  122
     $logic_not_32                  39
     $logic_not_4                   14
     $logic_not_5                   12
     $logic_not_6                    3
     $logic_not_7                    1
     $logic_not_8                   35
     $logic_or_1                    98
     $lt_10                          1
     $lt_11                          1
     $lt_13                          1
     $lt_15                          1
     $lt_16                          1
     $lt_2                           8
     $lt_3                          54
     $lt_32                         40
     $lt_4                           2
     $lt_5                          94
     $lt_6                           7
     $lt_7                           7
     $meminit                        2
     $memrd_v2                       8
     $memwr_v2                       3
     $mod_32                         8
     $mul_32                         3
     $mux_1                       2046
     $mux_11                        32
     $mux_12                         1
     $mux_128                       24
     $mux_150                        3
     $mux_16                         6
     $mux_17                        10
     $mux_176                        2
     $mux_19                         1
     $mux_2                        419
     $mux_22                         5
     $mux_24                         3
     $mux_256                        7
     $mux_3                        535
     $mux_31                         2
     $mux_32                       496
     $mux_34                         9
     $mux_35                        24
     $mux_37                        30
     $mux_4                        303
     $mux_40                        12
     $mux_41                        24
     $mux_432                       18
     $mux_5                         37
     $mux_525                        3
     $mux_6                         57
     $mux_64                        61
     $mux_68                         2
     $mux_7                         67
     $mux_71                        36
     $mux_72                        18
     $mux_75                         6
     $mux_8                        237
     $mux_9                          5
     $mux_96                        11
     $ne_1                           5
     $ne_2                           7
     $ne_3                           1
     $ne_4                           2
     $ne_8                           1
     $neg_33                         2
     $not_1                        550
     $not_2                          3
     $not_3                          1
     $not_32                        14
     $not_33                         1
     $not_4                          5
     $not_6                          3
     $or_1                         257
     $or_2                           3
     $or_32                         15
     $pmux_1                       132
     $pmux_11                        2
     $pmux_2                        29
     $pmux_3                        16
     $pmux_31                        1
     $pmux_32                       34
     $pmux_33                        2
     $pmux_4                        17
     $pmux_5                         2
     $pmux_64                        1
     $pmux_7                         8
     $pmux_8                         6
     $reduce_and_2                   1
     $reduce_bool_16                 1
     $reduce_bool_2                  8
     $reduce_bool_20                 1
     $reduce_bool_3                  9
     $reduce_bool_4                  1
     $reduce_bool_5                  4
     $reduce_bool_8                  1
     $reduce_or_10                   1
     $reduce_or_13                   1
     $reduce_or_19                   1
     $reduce_or_2                   13
     $reduce_or_29                   2
     $reduce_or_3                    1
     $reduce_or_31                   6
     $reduce_or_32                   1
     $reduce_or_4                    5
     $reduce_or_5                    6
     $reduce_or_6                    4
     $reduce_or_8                    1
     $reduce_xor_8                   3
     $shift_33                       1
     $shiftx_33                      1
     $shl_32                         5
     $shr_32                         2
     $sshr_33                        1
     $sub_12                         1
     $sub_16                         1
     $sub_17                         1
     $sub_2                          8
     $sub_32                        19
     $sub_5                          1
     $sub_6                          1
     $sub_8                          1
     $sub_9                          3
     $xor_1                         14
     $xor_32                         1
     RM_IHPSG13_1P_256x64_c2_bm_bist      2
     sg13g2_IOPadIOVdd               4
     sg13g2_IOPadIOVss               4
     sg13g2_IOPadIn                 10
     sg13g2_IOPadInOut30mA          32
     sg13g2_IOPadOut16mA             6
     sg13g2_IOPadVdd                 4
     sg13g2_IOPadVss                 4
     sg13g2_inv_1                    1
     sg13g2_mux2_1                   4

