
32. Printing statistics.

=== addr_decode$croc_chip.i_croc_soc.i_croc.i_addr_decode_periphs ===

   Number of wires:                  7
   Number of wire bits:            617
   Number of public wires:           7
   Number of public wire bits:     617
   Number of ports:                  7
   Number of port bits:            617
   Number of memories:               0
   Number of memory bits:            0
   Number of processes:              0
   Number of cells:                  1
     addr_decode_dync$croc_chip.i_croc_soc.i_croc.i_addr_decode_periphs.i_addr_decode_dync      1

=== addr_decode$croc_chip.i_croc_soc.i_croc.i_main_xbar.gen_demux[0].i_addr_decode ===

   Number of wires:                  7
   Number of wire bits:            521
   Number of public wires:           7
   Number of public wire bits:     521
   Number of ports:                  7
   Number of port bits:            521
   Number of memories:               0
   Number of memory bits:            0
   Number of processes:              0
   Number of cells:                  1
     addr_decode_dync$croc_chip.i_croc_soc.i_croc.i_main_xbar.gen_demux[0].i_addr_decode.i_addr_decode_dync      1

=== addr_decode$croc_chip.i_croc_soc.i_croc.i_main_xbar.gen_demux[1].i_addr_decode ===

   Number of wires:                  7
   Number of wire bits:            521
   Number of public wires:           7
   Number of public wire bits:     521
   Number of ports:                  7
   Number of port bits:            521
   Number of memories:               0
   Number of memory bits:            0
   Number of processes:              0
   Number of cells:                  1
     addr_decode_dync$croc_chip.i_croc_soc.i_croc.i_main_xbar.gen_demux[1].i_addr_decode.i_addr_decode_dync      1

=== addr_decode$croc_chip.i_croc_soc.i_croc.i_main_xbar.gen_demux[2].i_addr_decode ===

   Number of wires:                  7
   Number of wire bits:            521
   Number of public wires:           7
   Number of public wire bits:     521
   Number of ports:                  7
   Number of port bits:            521
   Number of memories:               0
   Number of memory bits:            0
   Number of processes:              0
   Number of cells:                  1
     addr_decode_dync$croc_chip.i_croc_soc.i_croc.i_main_xbar.gen_demux[2].i_addr_decode.i_addr_decode_dync      1

=== addr_decode$croc_chip.i_croc_soc.i_croc.i_main_xbar.gen_demux[3].i_addr_decode ===

   Number of wires:                  7
   Number of wire bits:            521
   Number of public wires:           7
   Number of public wire bits:     521
   Number of ports:                  7
   Number of port bits:            521
   Number of memories:               0
   Number of memory bits:            0
   Number of processes:              0
   Number of cells:                  1
     addr_decode_dync$croc_chip.i_croc_soc.i_croc.i_main_xbar.gen_demux[3].i_addr_decode.i_addr_decode_dync      1

=== addr_decode$croc_chip.i_croc_soc.i_croc.i_main_xbar.gen_demux[4].i_addr_decode ===

   Number of wires:                  7
   Number of wire bits:            521
   Number of public wires:           7
   Number of public wire bits:     521
   Number of ports:                  7
   Number of port bits:            521
   Number of memories:               0
   Number of memory bits:            0
   Number of processes:              0
   Number of cells:                  1
     addr_decode_dync$croc_chip.i_croc_soc.i_croc.i_main_xbar.gen_demux[4].i_addr_decode.i_addr_decode_dync      1

=== addr_decode$croc_chip.i_croc_soc.i_croc.i_main_xbar.gen_demux[5].i_addr_decode ===

   Number of wires:                  7
   Number of wire bits:            521
   Number of public wires:           7
   Number of public wire bits:     521
   Number of ports:                  7
   Number of port bits:            521
   Number of memories:               0
   Number of memory bits:            0
   Number of processes:              0
   Number of cells:                  1
     addr_decode_dync$croc_chip.i_croc_soc.i_croc.i_main_xbar.gen_demux[5].i_addr_decode.i_addr_decode_dync      1

=== addr_decode$croc_chip.i_croc_soc.i_user.i_addr_decode_periphs ===

   Number of wires:                  7
   Number of wire bits:            133
   Number of public wires:           7
   Number of public wire bits:     133
   Number of ports:                  7
   Number of port bits:            133
   Number of memories:               0
   Number of memory bits:            0
   Number of processes:              0
   Number of cells:                  1
     addr_decode_dync$croc_chip.i_croc_soc.i_user.i_addr_decode_periphs.i_addr_decode_dync      1

=== addr_decode_dync$croc_chip.i_croc_soc.i_croc.i_addr_decode_periphs.i_addr_decode_dync ===

   Number of wires:                 62
   Number of wire bits:            696
   Number of public wires:           8
   Number of public wire bits:     618
   Number of ports:                  8
   Number of port bits:            618
   Number of memories:               0
   Number of memory bits:            0
   Number of processes:              0
   Number of cells:                 57
     $and_1                          1
     $ge_32                          6
     $logic_and_1                    6
     $logic_not_32                   6
     $logic_or_1                     6
     $lt_32                          6
     $mux_1                         11
     $mux_3                         13
     $not_1                          2

=== addr_decode_dync$croc_chip.i_croc_soc.i_croc.i_main_xbar.gen_demux[0].i_addr_decode.i_addr_decode_dync ===

   Number of wires:                 53
   Number of wire bits:            587
   Number of public wires:           8
   Number of public wire bits:     522
   Number of ports:                  8
   Number of port bits:            522
   Number of memories:               0
   Number of memory bits:            0
   Number of processes:              0
   Number of cells:                 48
     $and_1                          1
     $ge_32                          5
     $logic_and_1                    5
     $logic_not_32                   5
     $logic_or_1                     5
     $lt_32                          5
     $mux_1                          9
     $mux_3                         11
     $not_1                          2

=== addr_decode_dync$croc_chip.i_croc_soc.i_croc.i_main_xbar.gen_demux[1].i_addr_decode.i_addr_decode_dync ===

   Number of wires:                 53
   Number of wire bits:            587
   Number of public wires:           8
   Number of public wire bits:     522
   Number of ports:                  8
   Number of port bits:            522
   Number of memories:               0
   Number of memory bits:            0
   Number of processes:              0
   Number of cells:                 48
     $and_1                          1
     $ge_32                          5
     $logic_and_1                    5
     $logic_not_32                   5
     $logic_or_1                     5
     $lt_32                          5
     $mux_1                          9
     $mux_3                         11
     $not_1                          2

=== addr_decode_dync$croc_chip.i_croc_soc.i_croc.i_main_xbar.gen_demux[2].i_addr_decode.i_addr_decode_dync ===

   Number of wires:                 53
   Number of wire bits:            587
   Number of public wires:           8
   Number of public wire bits:     522
   Number of ports:                  8
   Number of port bits:            522
   Number of memories:               0
   Number of memory bits:            0
   Number of processes:              0
   Number of cells:                 48
     $and_1                          1
     $ge_32                          5
     $logic_and_1                    5
     $logic_not_32                   5
     $logic_or_1                     5
     $lt_32                          5
     $mux_1                          9
     $mux_3                         11
     $not_1                          2

=== addr_decode_dync$croc_chip.i_croc_soc.i_croc.i_main_xbar.gen_demux[3].i_addr_decode.i_addr_decode_dync ===

   Number of wires:                 53
   Number of wire bits:            587
   Number of public wires:           8
   Number of public wire bits:     522
   Number of ports:                  8
   Number of port bits:            522
   Number of memories:               0
   Number of memory bits:            0
   Number of processes:              0
   Number of cells:                 48
     $and_1                          1
     $ge_32                          5
     $logic_and_1                    5
     $logic_not_32                   5
     $logic_or_1                     5
     $lt_32                          5
     $mux_1                          9
     $mux_3                         11
     $not_1                          2

=== addr_decode_dync$croc_chip.i_croc_soc.i_croc.i_main_xbar.gen_demux[4].i_addr_decode.i_addr_decode_dync ===

   Number of wires:                 53
   Number of wire bits:            587
   Number of public wires:           8
   Number of public wire bits:     522
   Number of ports:                  8
   Number of port bits:            522
   Number of memories:               0
   Number of memory bits:            0
   Number of processes:              0
   Number of cells:                 48
     $and_1                          1
     $ge_32                          5
     $logic_and_1                    5
     $logic_not_32                   5
     $logic_or_1                     5
     $lt_32                          5
     $mux_1                          9
     $mux_3                         11
     $not_1                          2

=== addr_decode_dync$croc_chip.i_croc_soc.i_croc.i_main_xbar.gen_demux[5].i_addr_decode.i_addr_decode_dync ===

   Number of wires:                 53
   Number of wire bits:            587
   Number of public wires:           8
   Number of public wire bits:     522
   Number of ports:                  8
   Number of port bits:            522
   Number of memories:               0
   Number of memory bits:            0
   Number of processes:              0
   Number of cells:                 48
     $and_1                          1
     $ge_32                          5
     $logic_and_1                    5
     $logic_not_32                   5
     $logic_or_1                     5
     $lt_32                          5
     $mux_1                          9
     $mux_3                         11
     $not_1                          2

=== addr_decode_dync$croc_chip.i_croc_soc.i_user.i_addr_decode_periphs.i_addr_decode_dync ===

   Number of wires:                 17
   Number of wire bits:            143
   Number of public wires:           8
   Number of public wire bits:     134
   Number of ports:                  8
   Number of port bits:            134
   Number of memories:               0
   Number of memory bits:            0
   Number of processes:              0
   Number of cells:                 12
     $and_1                          2
     $ge_32                          1
     $logic_and_1                    1
     $logic_not_32                   1
     $logic_or_1                     1
     $lt_32                          1
     $mux_1                          3
     $not_1                          2

=== cdc_2phase_clearable$croc_chip.i_croc_soc.i_croc.i_dmi_jtag.i_dmi_cdc.i_cdc_req ===

   Number of wires:                 29
   Number of wire bits:            149
   Number of public wires:          25
   Number of public wire bits:     145
   Number of ports:                 14
   Number of port bits:             94
   Number of memories:               0
   Number of memory bits:            0
   Number of processes:              0
   Number of cells:                 13
     $adff_1                         4
     $and_1                          4
     $logic_not_1                    2
     cdc_2phase_dst_clearable$croc_chip.i_croc_soc.i_croc.i_dmi_jtag.i_dmi_cdc.i_cdc_req.i_dst      1
     cdc_2phase_src_clearable$croc_chip.i_croc_soc.i_croc.i_dmi_jtag.i_dmi_cdc.i_cdc_req.i_src      1
     cdc_reset_ctrlr$croc_chip.i_croc_soc.i_croc.i_dmi_jtag.i_dmi_cdc.i_cdc_req.i_cdc_reset_ctrlr      1

=== cdc_2phase_clearable$croc_chip.i_croc_soc.i_croc.i_dmi_jtag.i_dmi_cdc.i_cdc_resp ===

   Number of wires:                 29
   Number of wire bits:            128
   Number of public wires:          25
   Number of public wire bits:     124
   Number of ports:                 14
   Number of port bits:             80
   Number of memories:               0
   Number of memory bits:            0
   Number of processes:              0
   Number of cells:                 13
     $adff_1                         4
     $and_1                          4
     $logic_not_1                    2
     cdc_2phase_dst_clearable$croc_chip.i_croc_soc.i_croc.i_dmi_jtag.i_dmi_cdc.i_cdc_resp.i_dst      1
     cdc_2phase_src_clearable$croc_chip.i_croc_soc.i_croc.i_dmi_jtag.i_dmi_cdc.i_cdc_resp.i_src      1
     cdc_reset_ctrlr$croc_chip.i_croc_soc.i_croc.i_dmi_jtag.i_dmi_cdc.i_cdc_resp.i_cdc_reset_ctrlr      1

=== cdc_2phase_dst_clearable$croc_chip.i_croc_soc.i_croc.i_dmi_jtag.i_dmi_cdc.i_cdc_req.i_dst ===

   Number of wires:                 21
   Number of wire bits:            181
   Number of public wires:          15
   Number of public wire bits:     175
   Number of ports:                  9
   Number of port bits:             89
   Number of memories:               0
   Number of memory bits:            0
   Number of processes:              0
   Number of cells:                 15
     $adff_1                         1
     $adffe_1                        1
     $dffe_2                         1
     $dffe_32                        1
     $dffe_7                         1
     $logic_and_1                    2
     $logic_not_1                    1
     $mux_1                          1
     $mux_41                         1
     $ne_1                           2
     $not_1                          1
     $reduce_bool_2                  1
     sync$croc_chip.i_croc_soc.i_croc.i_dmi_jtag.i_dmi_cdc.i_cdc_req.i_dst.i_sync      1

=== cdc_2phase_dst_clearable$croc_chip.i_croc_soc.i_croc.i_dmi_jtag.i_dmi_cdc.i_cdc_resp.i_dst ===

   Number of wires:                 21
   Number of wire bits:            153
   Number of public wires:          15
   Number of public wire bits:     147
   Number of ports:                  9
   Number of port bits:             75
   Number of memories:               0
   Number of memory bits:            0
   Number of processes:              0
   Number of cells:                 14
     $adff_1                         1
     $adffe_1                        1
     $dffe_2                         1
     $dffe_32                        1
     $logic_and_1                    2
     $logic_not_1                    1
     $mux_1                          1
     $mux_34                         1
     $ne_1                           2
     $not_1                          1
     $reduce_bool_2                  1
     sync$croc_chip.i_croc_soc.i_croc.i_dmi_jtag.i_dmi_cdc.i_cdc_resp.i_dst.i_sync      1

=== cdc_2phase_src_clearable$croc_chip.i_croc_soc.i_croc.i_dmi_jtag.i_dmi_cdc.i_cdc_req.i_src ===

   Number of wires:                 20
   Number of wire bits:            220
   Number of public wires:          14
   Number of public wire bits:     174
   Number of ports:                  9
   Number of port bits:             89
   Number of memories:               0
   Number of memory bits:            0
   Number of processes:              0
   Number of cells:                 14
     $adffe_1                        1
     $dffe_2                         1
     $dffe_32                        1
     $dffe_7                         1
     $eq_1                           1
     $logic_and_1                    1
     $mux_1                          1
     $mux_41                         2
     $not_1                          2
     $reduce_and_2                   1
     $reduce_bool_2                  1
     sync$croc_chip.i_croc_soc.i_croc.i_dmi_jtag.i_dmi_cdc.i_cdc_req.i_src.i_sync      1

=== cdc_2phase_src_clearable$croc_chip.i_croc_soc.i_croc.i_dmi_jtag.i_dmi_cdc.i_cdc_resp.i_src ===

   Number of wires:                 20
   Number of wire bits:            185
   Number of public wires:          14
   Number of public wire bits:     146
   Number of ports:                  9
   Number of port bits:             75
   Number of memories:               0
   Number of memory bits:            0
   Number of processes:              0
   Number of cells:                 13
     $adffe_1                        1
     $dffe_2                         1
     $dffe_32                        1
     $eq_1                           1
     $logic_and_1                    1
     $mux_1                          1
     $mux_34                         2
     $not_1                          2
     $reduce_and_2                   1
     $reduce_bool_2                  1
     sync$croc_chip.i_croc_soc.i_croc.i_dmi_jtag.i_dmi_cdc.i_cdc_resp.i_src.i_sync      1

=== cdc_4phase_dst$croc_chip.i_croc_soc.i_croc.i_dmi_jtag.i_dmi_cdc.i_cdc_req.i_cdc_reset_ctrlr.i_cdc_reset_ctrlr_half_a.i_state_transition_cdc_dst ===

   Number of wires:                 21
   Number of wire bits:             26
   Number of public wires:          13
   Number of public wire bits:      17
   Number of ports:                  8
   Number of port bits:             10
   Number of memories:               0
   Number of memory bits:            0
   Number of processes:              0
   Number of cells:                 14
     $adff_1                         1
     $adffe_2                        1
     $eq_2                           2
     $logic_not_2                    1
     $mux_2                          1
     $ne_2                           3
     $pmux_1                         2
     $pmux_2                         1
     $reduce_and_3                   1
     sync$croc_chip.i_croc_soc.i_croc.i_dmi_jtag.i_dmi_cdc.i_cdc_req.i_cdc_reset_ctrlr.i_cdc_reset_ctrlr_half_a.i_state_transition_cdc_dst.i_sync      1

=== cdc_4phase_dst$croc_chip.i_croc_soc.i_croc.i_dmi_jtag.i_dmi_cdc.i_cdc_req.i_cdc_reset_ctrlr.i_cdc_reset_ctrlr_half_b.i_state_transition_cdc_dst ===

   Number of wires:                 21
   Number of wire bits:             26
   Number of public wires:          13
   Number of public wire bits:      17
   Number of ports:                  8
   Number of port bits:             10
   Number of memories:               0
   Number of memory bits:            0
   Number of processes:              0
   Number of cells:                 14
     $adff_1                         1
     $adffe_2                        1
     $eq_2                           2
     $logic_not_2                    1
     $mux_2                          1
     $ne_2                           3
     $pmux_1                         2
     $pmux_2                         1
     $reduce_and_3                   1
     sync$croc_chip.i_croc_soc.i_croc.i_dmi_jtag.i_dmi_cdc.i_cdc_req.i_cdc_reset_ctrlr.i_cdc_reset_ctrlr_half_b.i_state_transition_cdc_dst.i_sync      1

=== cdc_4phase_dst$croc_chip.i_croc_soc.i_croc.i_dmi_jtag.i_dmi_cdc.i_cdc_resp.i_cdc_reset_ctrlr.i_cdc_reset_ctrlr_half_a.i_state_transition_cdc_dst ===

   Number of wires:                 21
   Number of wire bits:             26
   Number of public wires:          13
   Number of public wire bits:      17
   Number of ports:                  8
   Number of port bits:             10
   Number of memories:               0
   Number of memory bits:            0
   Number of processes:              0
   Number of cells:                 14
     $adff_1                         1
     $adffe_2                        1
     $eq_2                           2
     $logic_not_2                    1
     $mux_2                          1
     $ne_2                           3
     $pmux_1                         2
     $pmux_2                         1
     $reduce_and_3                   1
     sync$croc_chip.i_croc_soc.i_croc.i_dmi_jtag.i_dmi_cdc.i_cdc_resp.i_cdc_reset_ctrlr.i_cdc_reset_ctrlr_half_a.i_state_transition_cdc_dst.i_sync      1

=== cdc_4phase_dst$croc_chip.i_croc_soc.i_croc.i_dmi_jtag.i_dmi_cdc.i_cdc_resp.i_cdc_reset_ctrlr.i_cdc_reset_ctrlr_half_b.i_state_transition_cdc_dst ===

   Number of wires:                 21
   Number of wire bits:             26
   Number of public wires:          13
   Number of public wire bits:      17
   Number of ports:                  8
   Number of port bits:             10
   Number of memories:               0
   Number of memory bits:            0
   Number of processes:              0
   Number of cells:                 14
     $adff_1                         1
     $adffe_2                        1
     $eq_2                           2
     $logic_not_2                    1
     $mux_2                          1
     $ne_2                           3
     $pmux_1                         2
     $pmux_2                         1
     $reduce_and_3                   1
     sync$croc_chip.i_croc_soc.i_croc.i_dmi_jtag.i_dmi_cdc.i_cdc_resp.i_cdc_reset_ctrlr.i_cdc_reset_ctrlr_half_b.i_state_transition_cdc_dst.i_sync      1

=== cdc_4phase_src$croc_chip.i_croc_soc.i_croc.i_dmi_jtag.i_dmi_cdc.i_cdc_req.i_cdc_reset_ctrlr.i_cdc_reset_ctrlr_half_a.i_state_transition_cdc_src ===

   Number of wires:                 25
   Number of wire bits:             32
   Number of public wires:          15
   Number of public wire bits:      21
   Number of ports:                  8
   Number of port bits:             10
   Number of memories:               0
   Number of memory bits:            0
   Number of processes:              0
   Number of cells:                 18
     $adff_1                         1
     $adffe_2                        2
     $and_1                          1
     $eq_2                           2
     $logic_not_2                    1
     $mux_2                          2
     $ne_2                           3
     $not_1                          1
     $pmux_1                         1
     $pmux_2                         1
     $reduce_and_2                   1
     $reduce_and_3                   1
     sync$croc_chip.i_croc_soc.i_croc.i_dmi_jtag.i_dmi_cdc.i_cdc_req.i_cdc_reset_ctrlr.i_cdc_reset_ctrlr_half_a.i_state_transition_cdc_src.i_sync      1

=== cdc_4phase_src$croc_chip.i_croc_soc.i_croc.i_dmi_jtag.i_dmi_cdc.i_cdc_req.i_cdc_reset_ctrlr.i_cdc_reset_ctrlr_half_b.i_state_transition_cdc_src ===

   Number of wires:                 25
   Number of wire bits:             32
   Number of public wires:          15
   Number of public wire bits:      21
   Number of ports:                  8
   Number of port bits:             10
   Number of memories:               0
   Number of memory bits:            0
   Number of processes:              0
   Number of cells:                 18
     $adff_1                         1
     $adffe_2                        2
     $and_1                          1
     $eq_2                           2
     $logic_not_2                    1
     $mux_2                          2
     $ne_2                           3
     $not_1                          1
     $pmux_1                         1
     $pmux_2                         1
     $reduce_and_2                   1
     $reduce_and_3                   1
     sync$croc_chip.i_croc_soc.i_croc.i_dmi_jtag.i_dmi_cdc.i_cdc_req.i_cdc_reset_ctrlr.i_cdc_reset_ctrlr_half_b.i_state_transition_cdc_src.i_sync      1

=== cdc_4phase_src$croc_chip.i_croc_soc.i_croc.i_dmi_jtag.i_dmi_cdc.i_cdc_resp.i_cdc_reset_ctrlr.i_cdc_reset_ctrlr_half_a.i_state_transition_cdc_src ===

   Number of wires:                 25
   Number of wire bits:             32
   Number of public wires:          15
   Number of public wire bits:      21
   Number of ports:                  8
   Number of port bits:             10
   Number of memories:               0
   Number of memory bits:            0
   Number of processes:              0
   Number of cells:                 18
     $adff_1                         1
     $adffe_2                        2
     $and_1                          1
     $eq_2                           2
     $logic_not_2                    1
     $mux_2                          2
     $ne_2                           3
     $not_1                          1
     $pmux_1                         1
     $pmux_2                         1
     $reduce_and_2                   1
     $reduce_and_3                   1
     sync$croc_chip.i_croc_soc.i_croc.i_dmi_jtag.i_dmi_cdc.i_cdc_resp.i_cdc_reset_ctrlr.i_cdc_reset_ctrlr_half_a.i_state_transition_cdc_src.i_sync      1

=== cdc_4phase_src$croc_chip.i_croc_soc.i_croc.i_dmi_jtag.i_dmi_cdc.i_cdc_resp.i_cdc_reset_ctrlr.i_cdc_reset_ctrlr_half_b.i_state_transition_cdc_src ===

   Number of wires:                 25
   Number of wire bits:             32
   Number of public wires:          15
   Number of public wire bits:      21
   Number of ports:                  8
   Number of port bits:             10
   Number of memories:               0
   Number of memory bits:            0
   Number of processes:              0
   Number of cells:                 18
     $adff_1                         1
     $adffe_2                        2
     $and_1                          1
     $eq_2                           2
     $logic_not_2                    1
     $mux_2                          2
     $ne_2                           3
     $not_1                          1
     $pmux_1                         1
     $pmux_2                         1
     $reduce_and_2                   1
     $reduce_and_3                   1
     sync$croc_chip.i_croc_soc.i_croc.i_dmi_jtag.i_dmi_cdc.i_cdc_resp.i_cdc_reset_ctrlr.i_cdc_reset_ctrlr_half_b.i_state_transition_cdc_src.i_sync      1

=== cdc_reset_ctrlr$croc_chip.i_croc_soc.i_croc.i_dmi_jtag.i_dmi_cdc.i_cdc_req.i_cdc_reset_ctrlr ===

   Number of wires:                 20
   Number of wire bits:             22
   Number of public wires:          20
   Number of public wire bits:      22
   Number of ports:                 14
   Number of port bits:             14
   Number of memories:               0
   Number of memory bits:            0
   Number of processes:              0
   Number of cells:                  2
     cdc_reset_ctrlr_half$croc_chip.i_croc_soc.i_croc.i_dmi_jtag.i_dmi_cdc.i_cdc_req.i_cdc_reset_ctrlr.i_cdc_reset_ctrlr_half_a      1
     cdc_reset_ctrlr_half$croc_chip.i_croc_soc.i_croc.i_dmi_jtag.i_dmi_cdc.i_cdc_req.i_cdc_reset_ctrlr.i_cdc_reset_ctrlr_half_b      1

=== cdc_reset_ctrlr$croc_chip.i_croc_soc.i_croc.i_dmi_jtag.i_dmi_cdc.i_cdc_resp.i_cdc_reset_ctrlr ===

   Number of wires:                 20
   Number of wire bits:             22
   Number of public wires:          20
   Number of public wire bits:      22
   Number of ports:                 14
   Number of port bits:             14
   Number of memories:               0
   Number of memory bits:            0
   Number of processes:              0
   Number of cells:                  2
     cdc_reset_ctrlr_half$croc_chip.i_croc_soc.i_croc.i_dmi_jtag.i_dmi_cdc.i_cdc_resp.i_cdc_reset_ctrlr.i_cdc_reset_ctrlr_half_a      1
     cdc_reset_ctrlr_half$croc_chip.i_croc_soc.i_croc.i_dmi_jtag.i_dmi_cdc.i_cdc_resp.i_cdc_reset_ctrlr.i_cdc_reset_ctrlr_half_b      1

=== cdc_reset_ctrlr_half$croc_chip.i_croc_soc.i_croc.i_dmi_jtag.i_dmi_cdc.i_cdc_req.i_cdc_reset_ctrlr.i_cdc_reset_ctrlr_half_a ===

   Number of wires:                 70
   Number of wire bits:             90
   Number of public wires:          26
   Number of public wire bits:      37
   Number of ports:                 13
   Number of port bits:             15
   Number of memories:               0
   Number of memory bits:            0
   Number of processes:              0
   Number of cells:                 58
     $adffe_2                        1
     $adffe_4                        1
     $and_1                          1
     $eq_2                           6
     $eq_4                           8
     $logic_and_1                    3
     $logic_not_2                    2
     $logic_not_4                    1
     $logic_or_1                     2
     $mux_1                          2
     $mux_2                          2
     $mux_3                          1
     $ne_2                           7
     $ne_4                           2
     $not_1                          2
     $pmux_1                         1
     $pmux_2                         1
     $pmux_4                         1
     $reduce_and_9                   1
     $reduce_or_2                    3
     $reduce_or_3                    6
     $reduce_or_6                    1
     $reduce_or_8                    1
     cdc_4phase_dst$croc_chip.i_croc_soc.i_croc.i_dmi_jtag.i_dmi_cdc.i_cdc_req.i_cdc_reset_ctrlr.i_cdc_reset_ctrlr_half_a.i_state_transition_cdc_dst      1
     cdc_4phase_src$croc_chip.i_croc_soc.i_croc.i_dmi_jtag.i_dmi_cdc.i_cdc_req.i_cdc_reset_ctrlr.i_cdc_reset_ctrlr_half_a.i_state_transition_cdc_src      1

=== cdc_reset_ctrlr_half$croc_chip.i_croc_soc.i_croc.i_dmi_jtag.i_dmi_cdc.i_cdc_req.i_cdc_reset_ctrlr.i_cdc_reset_ctrlr_half_b ===

   Number of wires:                 70
   Number of wire bits:             90
   Number of public wires:          26
   Number of public wire bits:      37
   Number of ports:                 13
   Number of port bits:             15
   Number of memories:               0
   Number of memory bits:            0
   Number of processes:              0
   Number of cells:                 58
     $adffe_2                        1
     $adffe_4                        1
     $and_1                          1
     $eq_2                           6
     $eq_4                           8
     $logic_and_1                    3
     $logic_not_2                    2
     $logic_not_4                    1
     $logic_or_1                     2
     $mux_1                          2
     $mux_2                          2
     $mux_3                          1
     $ne_2                           7
     $ne_4                           2
     $not_1                          2
     $pmux_1                         1
     $pmux_2                         1
     $pmux_4                         1
     $reduce_and_9                   1
     $reduce_or_2                    3
     $reduce_or_3                    6
     $reduce_or_6                    1
     $reduce_or_8                    1
     cdc_4phase_dst$croc_chip.i_croc_soc.i_croc.i_dmi_jtag.i_dmi_cdc.i_cdc_req.i_cdc_reset_ctrlr.i_cdc_reset_ctrlr_half_b.i_state_transition_cdc_dst      1
     cdc_4phase_src$croc_chip.i_croc_soc.i_croc.i_dmi_jtag.i_dmi_cdc.i_cdc_req.i_cdc_reset_ctrlr.i_cdc_reset_ctrlr_half_b.i_state_transition_cdc_src      1

=== cdc_reset_ctrlr_half$croc_chip.i_croc_soc.i_croc.i_dmi_jtag.i_dmi_cdc.i_cdc_resp.i_cdc_reset_ctrlr.i_cdc_reset_ctrlr_half_a ===

   Number of wires:                 70
   Number of wire bits:             90
   Number of public wires:          26
   Number of public wire bits:      37
   Number of ports:                 13
   Number of port bits:             15
   Number of memories:               0
   Number of memory bits:            0
   Number of processes:              0
   Number of cells:                 58
     $adffe_2                        1
     $adffe_4                        1
     $and_1                          1
     $eq_2                           6
     $eq_4                           8
     $logic_and_1                    3
     $logic_not_2                    2
     $logic_not_4                    1
     $logic_or_1                     2
     $mux_1                          2
     $mux_2                          2
     $mux_3                          1
     $ne_2                           7
     $ne_4                           2
     $not_1                          2
     $pmux_1                         1
     $pmux_2                         1
     $pmux_4                         1
     $reduce_and_9                   1
     $reduce_or_2                    3
     $reduce_or_3                    6
     $reduce_or_6                    1
     $reduce_or_8                    1
     cdc_4phase_dst$croc_chip.i_croc_soc.i_croc.i_dmi_jtag.i_dmi_cdc.i_cdc_resp.i_cdc_reset_ctrlr.i_cdc_reset_ctrlr_half_a.i_state_transition_cdc_dst      1
     cdc_4phase_src$croc_chip.i_croc_soc.i_croc.i_dmi_jtag.i_dmi_cdc.i_cdc_resp.i_cdc_reset_ctrlr.i_cdc_reset_ctrlr_half_a.i_state_transition_cdc_src      1

=== cdc_reset_ctrlr_half$croc_chip.i_croc_soc.i_croc.i_dmi_jtag.i_dmi_cdc.i_cdc_resp.i_cdc_reset_ctrlr.i_cdc_reset_ctrlr_half_b ===

   Number of wires:                 70
   Number of wire bits:             90
   Number of public wires:          26
   Number of public wire bits:      37
   Number of ports:                 13
   Number of port bits:             15
   Number of memories:               0
   Number of memory bits:            0
   Number of processes:              0
   Number of cells:                 58
     $adffe_2                        1
     $adffe_4                        1
     $and_1                          1
     $eq_2                           6
     $eq_4                           8
     $logic_and_1                    3
     $logic_not_2                    2
     $logic_not_4                    1
     $logic_or_1                     2
     $mux_1                          2
     $mux_2                          2
     $mux_3                          1
     $ne_2                           7
     $ne_4                           2
     $not_1                          2
     $pmux_1                         1
     $pmux_2                         1
     $pmux_4                         1
     $reduce_and_9                   1
     $reduce_or_2                    3
     $reduce_or_3                    6
     $reduce_or_6                    1
     $reduce_or_8                    1
     cdc_4phase_dst$croc_chip.i_croc_soc.i_croc.i_dmi_jtag.i_dmi_cdc.i_cdc_resp.i_cdc_reset_ctrlr.i_cdc_reset_ctrlr_half_b.i_state_transition_cdc_dst      1
     cdc_4phase_src$croc_chip.i_croc_soc.i_croc.i_dmi_jtag.i_dmi_cdc.i_cdc_resp.i_cdc_reset_ctrlr.i_cdc_reset_ctrlr_half_b.i_state_transition_cdc_src      1

=== core_wrap$croc_chip.i_croc_soc.i_croc.i_core_wrap ===

   Number of wires:                 25
   Number of wire bits:            229
   Number of public wires:          25
   Number of public wire bits:     229
   Number of ports:                 25
   Number of port bits:            229
   Number of memories:               0
   Number of memory bits:            0
   Number of processes:              0
   Number of cells:                  1
     cve2_core$croc_chip.i_croc_soc.i_croc.i_core_wrap.i_ibex      1

=== counter$croc_chip.i_croc_soc.i_croc.i_uart.i_uart_baudgen.i_baudrate_counter ===

   Number of wires:                  9
   Number of wire bits:             15
   Number of public wires:           9
   Number of public wire bits:      15
   Number of ports:                  9
   Number of port bits:             15
   Number of memories:               0
   Number of memory bits:            0
   Number of processes:              0
   Number of cells:                  1
     delta_counter$croc_chip.i_croc_soc.i_croc.i_uart.i_uart_baudgen.i_baudrate_counter.i_counter      1

=== counter$croc_chip.i_croc_soc.i_croc.i_uart.i_uart_baudgen.i_oversample_counter ===

   Number of wires:                  9
   Number of wire bits:             39
   Number of public wires:           9
   Number of public wire bits:      39
   Number of ports:                  9
   Number of port bits:             39
   Number of memories:               0
   Number of memory bits:            0
   Number of processes:              0
   Number of cells:                  1
     delta_counter$croc_chip.i_croc_soc.i_croc.i_uart.i_uart_baudgen.i_oversample_counter.i_counter      1

=== counter$croc_chip.i_croc_soc.i_croc.i_uart.i_uart_rx.i_counter ===

   Number of wires:                  9
   Number of wire bits:             17
   Number of public wires:           9
   Number of public wire bits:      17
   Number of ports:                  9
   Number of port bits:             17
   Number of memories:               0
   Number of memory bits:            0
   Number of processes:              0
   Number of cells:                  1
     delta_counter$croc_chip.i_croc_soc.i_croc.i_uart.i_uart_rx.i_counter.i_counter      1

=== croc_chip ===

   Number of wires:                 67
   Number of wire bits:            160
   Number of public wires:          67
   Number of public wire bits:     160
   Number of ports:                 48
   Number of port bits:             48
   Number of memories:               0
   Number of memory bits:            0
   Number of processes:              0
   Number of cells:                 65
     croc_soc$croc_chip.i_croc_soc      1
     sg13g2_IOPadIOVdd               4
     sg13g2_IOPadIOVss               4
     sg13g2_IOPadIn                 10
     sg13g2_IOPadInOut30mA          32
     sg13g2_IOPadOut16mA             6
     sg13g2_IOPadVdd                 4
     sg13g2_IOPadVss                 4

=== croc_domain$croc_chip.i_croc_soc.i_croc ===

   Number of wires:                 79
   Number of wire bits:           3160
   Number of public wires:          77
   Number of public wire bits:    3158
   Number of ports:                 26
   Number of port bits:            373
   Number of memories:               0
   Number of memory bits:            0
   Number of processes:              0
   Number of cells:                 22
     $not_1                          2
     $or_1                           1
     addr_decode$croc_chip.i_croc_soc.i_croc.i_addr_decode_periphs      1
     core_wrap$croc_chip.i_croc_soc.i_croc.i_core_wrap      1
     dm_obi_top$croc_chip.i_croc_soc.i_croc.i_dm_top      1
     dma$croc_chip.i_croc_soc.i_croc.i_dma      1
     dmi_jtag$croc_chip.i_croc_soc.i_croc.i_dmi_jtag      1
     gpio$croc_chip.i_croc_soc.i_croc.i_gpio      1
     obi_demux$croc_chip.i_croc_soc.i_croc.i_obi_demux      1
     obi_err_sbr$croc_chip.i_croc_soc.i_croc.i_periph_err      1
     obi_err_sbr$croc_chip.i_croc_soc.i_croc.i_xbar_err      1
     obi_sram_shim$croc_chip.i_croc_soc.i_croc.gen_sram_bank[0].i_sram_shim      1
     obi_sram_shim$croc_chip.i_croc_soc.i_croc.gen_sram_bank[1].i_sram_shim      1
     obi_uart$croc_chip.i_croc_soc.i_croc.i_uart      1
     obi_xbar$croc_chip.i_croc_soc.i_croc.i_main_xbar      1
     periph_to_reg$croc_chip.i_croc_soc.i_croc.i_soc_ctrl_translate      1
     soc_ctrl_reg_top$croc_chip.i_croc_soc.i_croc.i_soc_ctrl      1
     spi$croc_chip.i_croc_soc.i_croc.i_spi      1
     tc_sram_impl$croc_chip.i_croc_soc.i_croc.gen_sram_bank[0].i_sram      1
     tc_sram_impl$croc_chip.i_croc_soc.i_croc.gen_sram_bank[1].i_sram      1
     timer_unit$croc_chip.i_croc_soc.i_croc.i_timer      1

=== croc_soc$croc_chip.i_croc_soc ===

   Number of wires:                 28
   Number of wire bits:            375
   Number of public wires:          28
   Number of public wire bits:     375
   Number of ports:                 20
   Number of port bits:            113
   Number of memories:               0
   Number of memory bits:            0
   Number of processes:              0
   Number of cells:                  4
     croc_domain$croc_chip.i_croc_soc.i_croc      1
     rstgen$croc_chip.i_croc_soc.i_rstgen      1
     sync$croc_chip.i_croc_soc.i_ext_intr_sync      1
     user_domain$croc_chip.i_croc_soc.i_user      1

=== cve2_alu$croc_chip.i_croc_soc.i_croc.i_core_wrap.i_ibex.ex_block_i.alu_i ===

   Number of wires:                 56
   Number of wire bits:            759
   Number of public wires:          34
   Number of public wire bits:     709
   Number of ports:                 15
   Number of port bits:            369
   Number of memories:               0
   Number of memory bits:            0
   Number of processes:              0
   Number of cells:                 61
     $add_34                         1
     $and_1                          1
     $and_32                         1
     $eq_7                          27
     $logic_not_32                   1
     $logic_not_7                    1
     $mux_1                          1
     $mux_32                         2
     $mux_33                         1
     $mux_5                          1
     $not_1                          3
     $not_32                         1
     $or_1                           2
     $or_32                          1
     $pmux_1                         1
     $pmux_32                        2
     $pmux_33                        1
     $reduce_or_13                   1
     $reduce_or_4                    1
     $reduce_or_5                    3
     $reduce_or_6                    2
     $reduce_or_8                    1
     $sshr_33                        1
     $sub_5                          1
     $xor_1                          2
     $xor_32                         1

=== cve2_compressed_decoder$croc_chip.i_croc_soc.i_croc.i_core_wrap.i_ibex.if_stage_i.compressed_decoder_i ===

   Number of wires:                 51
   Number of wire bits:            430
   Number of public wires:           7
   Number of public wire bits:      69
   Number of ports:                  7
   Number of port bits:             69
   Number of memories:               0
   Number of memory bits:            0
   Number of processes:              0
   Number of cells:                 54
     $eq_2                           5
     $eq_3                          14
     $eq_5                           1
     $logic_not_2                    2
     $logic_not_3                    2
     $logic_not_5                    1
     $logic_not_6                    1
     $logic_not_8                    1
     $mux_1                          2
     $mux_17                         2
     $mux_18                         2
     $mux_7                          1
     $ne_2                           1
     $not_1                          1
     $pmux_1                         5
     $pmux_29                        2
     $pmux_32                        4
     $reduce_bool_5                  1
     $reduce_or_2                    3
     $reduce_or_4                    2
     $reduce_or_5                    1

=== cve2_controller$croc_chip.i_croc_soc.i_croc.i_core_wrap.i_ibex.id_stage_i.controller_i ===

   Number of wires:                243
   Number of wire bits:            711
   Number of public wires:          94
   Number of public wire bits:     272
   Number of ports:                 56
   Number of port bits:            225
   Number of memories:               0
   Number of memory bits:            0
   Number of processes:              0
   Number of cells:                209
     $add_31                         1
     $adff_1                         6
     $adffe_1                        2
     $adffe_4                        1
     $and_1                         30
     $eq_2                           1
     $eq_4                           9
     $logic_and_1                    7
     $logic_not_1                    6
     $logic_not_2                    1
     $logic_not_4                    1
     $logic_or_1                     9
     $mux_1                         25
     $mux_2                         10
     $mux_3                          6
     $mux_31                         1
     $mux_32                         3
     $mux_4                         19
     $mux_5                          1
     $mux_6                          1
     $mux_7                          1
     $ne_2                           5
     $ne_3                           2
     $ne_4                           3
     $not_1                          9
     $or_1                          22
     $pmux_1                         7
     $pmux_2                         1
     $pmux_3                         1
     $pmux_32                        1
     $pmux_4                         2
     $pmux_7                         1
     $reduce_and_3                   1
     $reduce_and_4                   2
     $reduce_bool_16                 1
     $reduce_bool_2                  2
     $reduce_or_2                    3
     $reduce_or_3                    2
     $reduce_or_4                    2
     $reduce_or_7                    1

=== cve2_core$croc_chip.i_croc_soc.i_croc.i_core_wrap.i_ibex ===

   Number of wires:                145
   Number of wire bits:           1598
   Number of public wires:         143
   Number of public wire bits:    1596
   Number of ports:                 30
   Number of port bits:            392
   Number of memories:               0
   Number of memory bits:            0
   Number of processes:              0
   Number of cells:                 13
     $and_1                          1
     $mux_12                         1
     $not_1                          1
     $or_1                           3
     cve2_cs_registers$croc_chip.i_croc_soc.i_croc.i_core_wrap.i_ibex.cs_registers_i      1
     cve2_ex_block$croc_chip.i_croc_soc.i_croc.i_core_wrap.i_ibex.ex_block_i      1
     cve2_id_stage$croc_chip.i_croc_soc.i_croc.i_core_wrap.i_ibex.id_stage_i      1
     cve2_if_stage$croc_chip.i_croc_soc.i_croc.i_core_wrap.i_ibex.if_stage_i      1
     cve2_load_store_unit$croc_chip.i_croc_soc.i_croc.i_core_wrap.i_ibex.load_store_unit_i      1
     cve2_register_file_ff$croc_chip.i_croc_soc.i_croc.i_core_wrap.i_ibex.register_file_i      1
     cve2_wb$croc_chip.i_croc_soc.i_croc.i_core_wrap.i_ibex.wb_i      1

=== cve2_counter$croc_chip.i_croc_soc.i_croc.i_core_wrap.i_ibex.cs_registers_i.mcycle_counter_i ===

   Number of wires:                 17
   Number of wire bits:            363
   Number of public wires:          12
   Number of public wire bits:     358
   Number of ports:                  8
   Number of port bits:            165
   Number of memories:               0
   Number of memory bits:            0
   Number of processes:              0
   Number of cells:                 11
     $add_64                         1
     $adffe_32                       2
     $mux_64                         2
     $ne_2                           2
     $or_1                           1
     $reduce_and_2                   2
     $reduce_bool_2                  1

=== cve2_counter$croc_chip.i_croc_soc.i_croc.i_core_wrap.i_ibex.cs_registers_i.minstret_counter_i ===

   Number of wires:                 16
   Number of wire bits:            299
   Number of public wires:          11
   Number of public wire bits:     294
   Number of ports:                  8
   Number of port bits:            165
   Number of memories:               0
   Number of memory bits:            0
   Number of processes:              0
   Number of cells:                 11
     $add_64                         1
     $adffe_32                       2
     $mux_64                         2
     $ne_2                           2
     $or_1                           1
     $reduce_and_2                   2
     $reduce_bool_2                  1

=== cve2_cs_registers$croc_chip.i_croc_soc.i_croc.i_core_wrap.i_ibex.cs_registers_i ===

   Number of wires:                247
   Number of wire bits:           4066
   Number of public wires:         106
   Number of public wire bits:    3228
   Number of ports:                 56
   Number of port bits:            581
   Number of memories:               0
   Number of memory bits:            0
   Number of processes:              0
   Number of cells:                292
     $adffe_2                        2
     $and_1                         24
     $and_19                         1
     $and_32                         1
     $bmux_64_5                      1
     $demux_1_5                      1
     $eq_12                        141
     $eq_2                           4
     $eq_32                          1
     $gt_2                           1
     $logic_and_1                    3
     $logic_not_2                    1
     $logic_not_32                   1
     $mux_1                         15
     $mux_2                          9
     $mux_24                         1
     $mux_29                         2
     $mux_3                          7
     $mux_32                         9
     $mux_4                          2
     $mux_6                          2
     $mux_7                          3
     $ne_2                           3
     $not_1                          5
     $not_32                         1
     $not_5                          1
     $or_1                           8
     $or_32                          1
     $pmux_1                         4
     $pmux_2                         1
     $pmux_32                        3
     $pmux_4                         1
     $pmux_7                         1
     $reduce_bool_2                  2
     $reduce_bool_20                 1
     $reduce_bool_3                  2
     $reduce_or_137                  1
     $reduce_or_19                   1
     $reduce_or_2                    1
     $reduce_or_29                   1
     $reduce_or_31                   2
     $reduce_or_4                    1
     cve2_counter$croc_chip.i_croc_soc.i_croc.i_core_wrap.i_ibex.cs_registers_i.mcycle_counter_i      1
     cve2_counter$croc_chip.i_croc_soc.i_croc.i_core_wrap.i_ibex.cs_registers_i.minstret_counter_i      1
     cve2_csr$croc_chip.i_croc_soc.i_croc.i_core_wrap.i_ibex.cs_registers_i.gen_trigger_regs.g_dbg_tmatch_reg[0].u_tmatch_control_csr      1
     cve2_csr$croc_chip.i_croc_soc.i_croc.i_core_wrap.i_ibex.cs_registers_i.gen_trigger_regs.g_dbg_tmatch_reg[0].u_tmatch_value_csr      1
     cve2_csr$croc_chip.i_croc_soc.i_croc.i_core_wrap.i_ibex.cs_registers_i.gen_trigger_regs.u_tselect_csr      1
     cve2_csr$croc_chip.i_croc_soc.i_croc.i_core_wrap.i_ibex.cs_registers_i.u_dcsr_csr      1
     cve2_csr$croc_chip.i_croc_soc.i_croc.i_core_wrap.i_ibex.cs_registers_i.u_depc_csr      1
     cve2_csr$croc_chip.i_croc_soc.i_croc.i_core_wrap.i_ibex.cs_registers_i.u_dscratch0_csr      1
     cve2_csr$croc_chip.i_croc_soc.i_croc.i_core_wrap.i_ibex.cs_registers_i.u_dscratch1_csr      1
     cve2_csr$croc_chip.i_croc_soc.i_croc.i_core_wrap.i_ibex.cs_registers_i.u_mcause_csr      1
     cve2_csr$croc_chip.i_croc_soc.i_croc.i_core_wrap.i_ibex.cs_registers_i.u_mepc_csr      1
     cve2_csr$croc_chip.i_croc_soc.i_croc.i_core_wrap.i_ibex.cs_registers_i.u_mie_csr      1
     cve2_csr$croc_chip.i_croc_soc.i_croc.i_core_wrap.i_ibex.cs_registers_i.u_mscratch_csr      1
     cve2_csr$croc_chip.i_croc_soc.i_croc.i_core_wrap.i_ibex.cs_registers_i.u_mstack_cause_csr      1
     cve2_csr$croc_chip.i_croc_soc.i_croc.i_core_wrap.i_ibex.cs_registers_i.u_mstack_csr      1
     cve2_csr$croc_chip.i_croc_soc.i_croc.i_core_wrap.i_ibex.cs_registers_i.u_mstack_epc_csr      1
     cve2_csr$croc_chip.i_croc_soc.i_croc.i_core_wrap.i_ibex.cs_registers_i.u_mstatus_csr      1
     cve2_csr$croc_chip.i_croc_soc.i_croc.i_core_wrap.i_ibex.cs_registers_i.u_mtval_csr      1
     cve2_csr$croc_chip.i_croc_soc.i_croc.i_core_wrap.i_ibex.cs_registers_i.u_mtvec_csr      1

=== cve2_csr$croc_chip.i_croc_soc.i_croc.i_core_wrap.i_ibex.cs_registers_i.gen_trigger_regs.g_dbg_tmatch_reg[0].u_tmatch_control_csr ===

   Number of wires:                  6
   Number of wire bits:              6
   Number of public wires:           6
   Number of public wire bits:       6
   Number of ports:                  6
   Number of port bits:              6
   Number of memories:               0
   Number of memory bits:            0
   Number of processes:              0
   Number of cells:                  1
     $adffe_1                        1

=== cve2_csr$croc_chip.i_croc_soc.i_croc.i_core_wrap.i_ibex.cs_registers_i.gen_trigger_regs.g_dbg_tmatch_reg[0].u_tmatch_value_csr ===

   Number of wires:                  6
   Number of wire bits:             68
   Number of public wires:           6
   Number of public wire bits:      68
   Number of ports:                  6
   Number of port bits:             68
   Number of memories:               0
   Number of memory bits:            0
   Number of processes:              0
   Number of cells:                  1
     $adffe_32                       1

=== cve2_csr$croc_chip.i_croc_soc.i_croc.i_core_wrap.i_ibex.cs_registers_i.gen_trigger_regs.u_tselect_csr ===

   Number of wires:                  6
   Number of wire bits:              6
   Number of public wires:           6
   Number of public wire bits:       6
   Number of ports:                  6
   Number of port bits:              6
   Number of memories:               0
   Number of memory bits:            0
   Number of processes:              0
   Number of cells:                  1
     $adffe_1                        1

=== cve2_csr$croc_chip.i_croc_soc.i_croc.i_core_wrap.i_ibex.cs_registers_i.u_dcsr_csr ===

   Number of wires:                  6
   Number of wire bits:             68
   Number of public wires:           6
   Number of public wire bits:      68
   Number of ports:                  6
   Number of port bits:             68
   Number of memories:               0
   Number of memory bits:            0
   Number of processes:              0
   Number of cells:                  1
     $adffe_32                       1

=== cve2_csr$croc_chip.i_croc_soc.i_croc.i_core_wrap.i_ibex.cs_registers_i.u_depc_csr ===

   Number of wires:                  6
   Number of wire bits:             68
   Number of public wires:           6
   Number of public wire bits:      68
   Number of ports:                  6
   Number of port bits:             68
   Number of memories:               0
   Number of memory bits:            0
   Number of processes:              0
   Number of cells:                  1
     $adffe_32                       1

=== cve2_csr$croc_chip.i_croc_soc.i_croc.i_core_wrap.i_ibex.cs_registers_i.u_dscratch0_csr ===

   Number of wires:                  6
   Number of wire bits:             68
   Number of public wires:           6
   Number of public wire bits:      68
   Number of ports:                  6
   Number of port bits:             68
   Number of memories:               0
   Number of memory bits:            0
   Number of processes:              0
   Number of cells:                  1
     $adffe_32                       1

=== cve2_csr$croc_chip.i_croc_soc.i_croc.i_core_wrap.i_ibex.cs_registers_i.u_dscratch1_csr ===

   Number of wires:                  6
   Number of wire bits:             68
   Number of public wires:           6
   Number of public wire bits:      68
   Number of ports:                  6
   Number of port bits:             68
   Number of memories:               0
   Number of memory bits:            0
   Number of processes:              0
   Number of cells:                  1
     $adffe_32                       1

=== cve2_csr$croc_chip.i_croc_soc.i_croc.i_core_wrap.i_ibex.cs_registers_i.u_mcause_csr ===

   Number of wires:                  6
   Number of wire bits:             18
   Number of public wires:           6
   Number of public wire bits:      18
   Number of ports:                  6
   Number of port bits:             18
   Number of memories:               0
   Number of memory bits:            0
   Number of processes:              0
   Number of cells:                  1
     $adffe_7                        1

=== cve2_csr$croc_chip.i_croc_soc.i_croc.i_core_wrap.i_ibex.cs_registers_i.u_mepc_csr ===

   Number of wires:                  6
   Number of wire bits:             68
   Number of public wires:           6
   Number of public wire bits:      68
   Number of ports:                  6
   Number of port bits:             68
   Number of memories:               0
   Number of memory bits:            0
   Number of processes:              0
   Number of cells:                  1
     $adffe_32                       1

=== cve2_csr$croc_chip.i_croc_soc.i_croc.i_core_wrap.i_ibex.cs_registers_i.u_mie_csr ===

   Number of wires:                  6
   Number of wire bits:             42
   Number of public wires:           6
   Number of public wire bits:      42
   Number of ports:                  6
   Number of port bits:             42
   Number of memories:               0
   Number of memory bits:            0
   Number of processes:              0
   Number of cells:                  1
     $adffe_19                       1

=== cve2_csr$croc_chip.i_croc_soc.i_croc.i_core_wrap.i_ibex.cs_registers_i.u_mscratch_csr ===

   Number of wires:                  6
   Number of wire bits:             68
   Number of public wires:           6
   Number of public wire bits:      68
   Number of ports:                  6
   Number of port bits:             68
   Number of memories:               0
   Number of memory bits:            0
   Number of processes:              0
   Number of cells:                  1
     $adffe_32                       1

=== cve2_csr$croc_chip.i_croc_soc.i_croc.i_core_wrap.i_ibex.cs_registers_i.u_mstack_cause_csr ===

   Number of wires:                  6
   Number of wire bits:             18
   Number of public wires:           6
   Number of public wire bits:      18
   Number of ports:                  6
   Number of port bits:             18
   Number of memories:               0
   Number of memory bits:            0
   Number of processes:              0
   Number of cells:                  1
     $adffe_7                        1

=== cve2_csr$croc_chip.i_croc_soc.i_croc.i_core_wrap.i_ibex.cs_registers_i.u_mstack_csr ===

   Number of wires:                  6
   Number of wire bits:             10
   Number of public wires:           6
   Number of public wire bits:      10
   Number of ports:                  6
   Number of port bits:             10
   Number of memories:               0
   Number of memory bits:            0
   Number of processes:              0
   Number of cells:                  1
     $adffe_3                        1

=== cve2_csr$croc_chip.i_croc_soc.i_croc.i_core_wrap.i_ibex.cs_registers_i.u_mstack_epc_csr ===

   Number of wires:                  6
   Number of wire bits:             68
   Number of public wires:           6
   Number of public wire bits:      68
   Number of ports:                  6
   Number of port bits:             68
   Number of memories:               0
   Number of memory bits:            0
   Number of processes:              0
   Number of cells:                  1
     $adffe_32                       1

=== cve2_csr$croc_chip.i_croc_soc.i_croc.i_core_wrap.i_ibex.cs_registers_i.u_mstatus_csr ===

   Number of wires:                  6
   Number of wire bits:             16
   Number of public wires:           6
   Number of public wire bits:      16
   Number of ports:                  6
   Number of port bits:             16
   Number of memories:               0
   Number of memory bits:            0
   Number of processes:              0
   Number of cells:                  1
     $adffe_6                        1

=== cve2_csr$croc_chip.i_croc_soc.i_croc.i_core_wrap.i_ibex.cs_registers_i.u_mtval_csr ===

   Number of wires:                  6
   Number of wire bits:             68
   Number of public wires:           6
   Number of public wire bits:      68
   Number of ports:                  6
   Number of port bits:             68
   Number of memories:               0
   Number of memory bits:            0
   Number of processes:              0
   Number of cells:                  1
     $adffe_32                       1

=== cve2_csr$croc_chip.i_croc_soc.i_croc.i_core_wrap.i_ibex.cs_registers_i.u_mtvec_csr ===

   Number of wires:                  6
   Number of wire bits:             68
   Number of public wires:           6
   Number of public wire bits:      68
   Number of ports:                  6
   Number of port bits:             68
   Number of memories:               0
   Number of memory bits:            0
   Number of processes:              0
   Number of cells:                  1
     $adffe_32                       1

=== cve2_decoder$croc_chip.i_croc_soc.i_croc.i_core_wrap.i_ibex.id_stage_i.decoder_i ===

   Number of wires:                200
   Number of wire bits:            546
   Number of public wires:          47
   Number of public wire bits:     321
   Number of ports:                 46
   Number of port bits:            319
   Number of memories:               0
   Number of memory bits:            0
   Number of processes:              0
   Number of cells:                192
     $and_1                         13
     $eq_10                         32
     $eq_12                          4
     $eq_2                           5
     $eq_3                          13
     $eq_5                           2
     $eq_7                          22
     $logic_and_1                    1
     $logic_not_10                   2
     $logic_not_12                   1
     $logic_not_2                    2
     $logic_not_3                    2
     $logic_not_5                    3
     $logic_or_1                     2
     $mux_1                         14
     $mux_2                          9
     $mux_5                          1
     $mux_6                          1
     $not_1                         12
     $or_1                           4
     $pmux_1                         8
     $pmux_2                         6
     $pmux_3                         1
     $pmux_5                         3
     $pmux_6                         1
     $reduce_bool_3                  1
     $reduce_bool_5                  2
     $reduce_or_10                   1
     $reduce_or_2                   11
     $reduce_or_3                    6
     $reduce_or_4                    2
     $reduce_or_5                    1
     $reduce_or_6                    3
     $reduce_or_9                    1

=== cve2_ex_block$croc_chip.i_croc_soc.i_croc.i_core_wrap.i_ibex.ex_block_i ===

   Number of wires:                 26
   Number of wire bits:            482
   Number of public wires:          25
   Number of public wire bits:     481
   Number of ports:                 22
   Number of port bits:            382
   Number of memories:               0
   Number of memory bits:            0
   Number of processes:              0
   Number of cells:                  3
     $not_1                          1
     $reduce_or_2                    1
     cve2_alu$croc_chip.i_croc_soc.i_croc.i_core_wrap.i_ibex.ex_block_i.alu_i      1

=== cve2_fetch_fifo$croc_chip.i_croc_soc.i_croc.i_core_wrap.i_ibex.if_stage_i.prefetch_buffer_i.fifo_i ===

   Number of wires:                 68
   Number of wire bits:            551
   Number of public wires:          39
   Number of public wire bits:     522
   Number of ports:                 14
   Number of port bits:            139
   Number of memories:               0
   Number of memory bits:            0
   Number of processes:              0
   Number of cells:                 74
     $add_31                         1
     $adff_3                         1
     $adffe_1                        3
     $adffe_31                       1
     $adffe_32                       3
     $and_1                         23
     $mux_1                         12
     $mux_16                         1
     $mux_31                         1
     $mux_32                         4
     $ne_2                           2
     $not_1                         10
     $or_1                          12

=== cve2_id_stage$croc_chip.i_croc_soc.i_croc.i_core_wrap.i_ibex.id_stage_i ===

   Number of wires:                232
   Number of wire bits:           1155
   Number of public wires:         146
   Number of public wire bits:    1067
   Number of ports:                 93
   Number of port bits:            760
   Number of memories:               0
   Number of memory bits:            0
   Number of processes:              0
   Number of cells:                132
     $adff_1                         2
     $adffe_1                        1
     $adffe_34                       2
     $and_1                         43
     $eq_12                          7
     $eq_2                           5
     $eq_3                           5
     $eq_7                           1
     $logic_and_1                    2
     $logic_not_3                    1
     $logic_or_1                     7
     $mux_1                         16
     $mux_2                          2
     $mux_3                          1
     $mux_32                         3
     $not_1                         16
     $or_1                          10
     $pmux_1                         2
     $pmux_32                        2
     $reduce_bool_2                  1
     $reduce_or_3                    1
     cve2_controller$croc_chip.i_croc_soc.i_croc.i_core_wrap.i_ibex.id_stage_i.controller_i      1
     cve2_decoder$croc_chip.i_croc_soc.i_croc.i_core_wrap.i_ibex.id_stage_i.decoder_i      1

=== cve2_if_stage$croc_chip.i_croc_soc.i_croc.i_core_wrap.i_ibex.if_stage_i ===

   Number of wires:                 68
   Number of wire bits:            557
   Number of public wires:          49
   Number of public wire bits:     538
   Number of ports:                 35
   Number of port bits:            400
   Number of memories:               0
   Number of memory bits:            0
   Number of processes:              0
   Number of cells:                 38
     $adff_1                         2
     $adffe_1                        4
     $adffe_16                       1
     $adffe_32                       2
     $and_1                          8
     $eq_2                           3
     $eq_3                           4
     $logic_not_3                    1
     $not_1                          5
     $or_1                           4
     $pmux_30                        1
     $pmux_32                        1
     cve2_compressed_decoder$croc_chip.i_croc_soc.i_croc.i_core_wrap.i_ibex.if_stage_i.compressed_decoder_i      1
     cve2_prefetch_buffer$croc_chip.i_croc_soc.i_croc.i_core_wrap.i_ibex.if_stage_i.prefetch_buffer_i      1

=== cve2_load_store_unit$croc_chip.i_croc_soc.i_croc.i_core_wrap.i_ibex.load_store_unit_i ===

   Number of wires:                128
   Number of wire bits:            652
   Number of public wires:          50
   Number of public wire bits:     424
   Number of ports:                 28
   Number of port bits:            249
   Number of memories:               0
   Number of memory bits:            0
   Number of processes:              0
   Number of cells:                115
     $adffe_1                        5
     $adffe_2                        2
     $adffe_24                       1
     $adffe_3                        1
     $adffe_32                       1
     $and_1                         25
     $eq_2                          12
     $eq_3                           4
     $logic_and_1                    2
     $logic_not_2                    1
     $logic_not_3                    1
     $logic_or_1                     3
     $mux_1                          2
     $mux_2                          3
     $mux_4                          2
     $ne_2                           5
     $ne_3                           2
     $not_1                          8
     $or_1                           5
     $pmux_1                         6
     $pmux_17                        1
     $pmux_3                         3
     $pmux_32                        3
     $pmux_4                         3
     $pmux_9                         1
     $reduce_and_3                   1
     $reduce_and_4                   1
     $reduce_and_5                   2
     $reduce_bool_2                  1
     $reduce_bool_3                  2
     $reduce_bool_4                  1
     $reduce_or_2                    4
     $reduce_or_3                    1

=== cve2_prefetch_buffer$croc_chip.i_croc_soc.i_croc.i_core_wrap.i_ibex.if_stage_i.prefetch_buffer_i ===

   Number of wires:                 60
   Number of wire bits:            409
   Number of public wires:          38
   Number of public wire bits:     324
   Number of ports:                 18
   Number of port bits:            173
   Number of memories:               0
   Number of memory bits:            0
   Number of processes:              0
   Number of cells:                 47
     $add_30                         1
     $adff_1                         2
     $adff_2                         2
     $adffe_2                        1
     $adffe_30                       1
     $adffe_32                       1
     $and_1                         13
     $logic_not_1                    1
     $mux_2                          2
     $mux_32                         3
     $not_1                          4
     $or_1                          11
     $or_2                           1
     $reduce_and_2                   2
     $reduce_or_2                    1
     cve2_fetch_fifo$croc_chip.i_croc_soc.i_croc.i_core_wrap.i_ibex.if_stage_i.prefetch_buffer_i.fifo_i      1

=== cve2_register_file_ff$croc_chip.i_croc_soc.i_croc.i_core_wrap.i_ibex.register_file_i ===

   Number of wires:                 43
   Number of wire bits:           1201
   Number of public wires:          12
   Number of public wire bits:    1170
   Number of ports:                 10
   Number of port bits:            115
   Number of memories:               0
   Number of memory bits:            0
   Number of processes:              0
   Number of cells:                 95
     $adffe_32                      31
     $and_1                         31
     $bmux_32_5                      2
     $eq_5                          31

=== cve2_wb$croc_chip.i_croc_soc.i_croc.i_core_wrap.i_ibex.wb_i ===

   Number of wires:                 22
   Number of wire bits:            185
   Number of public wires:          17
   Number of public wire bits:     118
   Number of ports:                 17
   Number of port bits:            118
   Number of memories:               0
   Number of memory bits:            0
   Number of processes:              0
   Number of cells:                  9
     $and_1                          4
     $and_32                         2
     $not_1                          1
     $or_32                          1
     $reduce_or_2                    1

=== debug_rom$croc_chip.i_croc_soc.i_croc.i_dm_top.i_dm_top.i_dm_mem.gen_rom_snd_scratch.i_debug_rom ===

   Number of wires:                 16
   Number of wire bits:            601
   Number of public wires:           6
   Number of public wire bits:     136
   Number of ports:                  5
   Number of port bits:            131
   Number of memories:               0
   Number of memory bits:            0
   Number of processes:              0
   Number of cells:                 14
     $adffe_5                        1
     $lt_5                           1
     $mux_10                         1
     $mux_11                         1
     $mux_2                          2
     $mux_26                         1
     $mux_34                         1
     $mux_43                         1
     $mux_48                         1
     $mux_49                         1
     $mux_6                          1
     $mux_7                          1
     $mux_9                          1

=== delta_counter$croc_chip.i_croc_soc.i_croc.i_main_xbar.gen_demux[0].i_demux.i_counter ===

   Number of wires:                 17
   Number of wire bits:             23
   Number of public wires:          12
   Number of public wire bits:      14
   Number of ports:                 10
   Number of port bits:             10
   Number of memories:               0
   Number of memory bits:            0
   Number of processes:              0
   Number of cells:                  7
     $adffe_2                        1
     $mux_2                          3
     $neg_2                          1
     $reduce_bool_3                  1
     $sub_2                          1

=== delta_counter$croc_chip.i_croc_soc.i_croc.i_main_xbar.gen_demux[1].i_demux.i_counter ===

   Number of wires:                 17
   Number of wire bits:             23
   Number of public wires:          12
   Number of public wire bits:      14
   Number of ports:                 10
   Number of port bits:             10
   Number of memories:               0
   Number of memory bits:            0
   Number of processes:              0
   Number of cells:                  7
     $adffe_2                        1
     $mux_2                          3
     $neg_2                          1
     $reduce_bool_3                  1
     $sub_2                          1

=== delta_counter$croc_chip.i_croc_soc.i_croc.i_main_xbar.gen_demux[2].i_demux.i_counter ===

   Number of wires:                 17
   Number of wire bits:             23
   Number of public wires:          12
   Number of public wire bits:      14
   Number of ports:                 10
   Number of port bits:             10
   Number of memories:               0
   Number of memory bits:            0
   Number of processes:              0
   Number of cells:                  7
     $adffe_2                        1
     $mux_2                          3
     $neg_2                          1
     $reduce_bool_3                  1
     $sub_2                          1

=== delta_counter$croc_chip.i_croc_soc.i_croc.i_main_xbar.gen_demux[3].i_demux.i_counter ===

   Number of wires:                 17
   Number of wire bits:             23
   Number of public wires:          12
   Number of public wire bits:      14
   Number of ports:                 10
   Number of port bits:             10
   Number of memories:               0
   Number of memory bits:            0
   Number of processes:              0
   Number of cells:                  7
     $adffe_2                        1
     $mux_2                          3
     $neg_2                          1
     $reduce_bool_3                  1
     $sub_2                          1

=== delta_counter$croc_chip.i_croc_soc.i_croc.i_main_xbar.gen_demux[4].i_demux.i_counter ===

   Number of wires:                 17
   Number of wire bits:             23
   Number of public wires:          12
   Number of public wire bits:      14
   Number of ports:                 10
   Number of port bits:             10
   Number of memories:               0
   Number of memory bits:            0
   Number of processes:              0
   Number of cells:                  7
     $adffe_2                        1
     $mux_2                          3
     $neg_2                          1
     $reduce_bool_3                  1
     $sub_2                          1

=== delta_counter$croc_chip.i_croc_soc.i_croc.i_main_xbar.gen_demux[5].i_demux.i_counter ===

   Number of wires:                 17
   Number of wire bits:             23
   Number of public wires:          12
   Number of public wire bits:      14
   Number of ports:                 10
   Number of port bits:             10
   Number of memories:               0
   Number of memory bits:            0
   Number of processes:              0
   Number of cells:                  7
     $adffe_2                        1
     $mux_2                          3
     $neg_2                          1
     $reduce_bool_3                  1
     $sub_2                          1

=== delta_counter$croc_chip.i_croc_soc.i_croc.i_obi_demux.i_counter ===

   Number of wires:                 17
   Number of wire bits:             23
   Number of public wires:          12
   Number of public wire bits:      14
   Number of ports:                 10
   Number of port bits:             10
   Number of memories:               0
   Number of memory bits:            0
   Number of processes:              0
   Number of cells:                  7
     $adffe_2                        1
     $mux_2                          3
     $neg_2                          1
     $reduce_bool_3                  1
     $sub_2                          1

=== delta_counter$croc_chip.i_croc_soc.i_croc.i_uart.i_uart_baudgen.i_baudrate_counter.i_counter ===

   Number of wires:                 17
   Number of wire bits:             50
   Number of public wires:          12
   Number of public wire bits:      29
   Number of ports:                 10
   Number of port bits:             19
   Number of memories:               0
   Number of memory bits:            0
   Number of processes:              0
   Number of cells:                  7
     $adffe_5                        1
     $mux_5                          3
     $neg_5                          1
     $reduce_bool_3                  1
     $sub_5                          1

=== delta_counter$croc_chip.i_croc_soc.i_croc.i_uart.i_uart_baudgen.i_oversample_counter.i_counter ===

   Number of wires:                 17
   Number of wire bits:            158
   Number of public wires:          12
   Number of public wire bits:      89
   Number of ports:                 10
   Number of port bits:             55
   Number of memories:               0
   Number of memory bits:            0
   Number of processes:              0
   Number of cells:                  7
     $adffe_17                       1
     $mux_17                         3
     $neg_17                         1
     $reduce_bool_3                  1
     $sub_17                         1

=== delta_counter$croc_chip.i_croc_soc.i_croc.i_uart.i_uart_rx.i_counter.i_counter ===

   Number of wires:                 17
   Number of wire bits:             59
   Number of public wires:          12
   Number of public wire bits:      34
   Number of ports:                 10
   Number of port bits:             22
   Number of memories:               0
   Number of memory bits:            0
   Number of processes:              0
   Number of cells:                  7
     $adffe_6                        1
     $mux_6                          3
     $neg_6                          1
     $reduce_bool_3                  1
     $sub_6                          1

=== delta_counter$croc_chip.i_croc_soc.i_user.i_obi_demux.i_counter ===

   Number of wires:                 17
   Number of wire bits:             23
   Number of public wires:          12
   Number of public wire bits:      14
   Number of ports:                 10
   Number of port bits:             10
   Number of memories:               0
   Number of memory bits:            0
   Number of processes:              0
   Number of cells:                  7
     $adffe_2                        1
     $mux_2                          3
     $neg_2                          1
     $reduce_bool_3                  1
     $sub_2                          1

=== dm_csrs$croc_chip.i_croc_soc.i_croc.i_dm_top.i_dm_top.i_dm_csrs ===

   Number of wires:                209
   Number of wire bits:           3080
   Number of public wires:          68
   Number of public wire bits:    1514
   Number of ports:                 46
   Number of port bits:            742
   Number of memories:               0
   Number of memory bits:            0
   Number of processes:              0
   Number of cells:                196
     $adff_1                         6
     $adff_3                         1
     $adff_64                        1
     $adffe_1                        6
     $adffe_2                        1
     $adffe_24                       1
     $adffe_3                        2
     $adffe_32                      12
     $adffe_6                        1
     $adffe_8                        2
     $and_1                         12
     $and_3                          1
     $bmux_1_4                       2
     $bmux_32_3                      1
     $bwmux                          2
     $demux_1_1                      1
     $demux_1_3                      1
     $eq_2                           2
     $eq_7                          16
     $le_7                           2
     $logic_and_1                    7
     $logic_not_1                    1
     $logic_not_3                    2
     $logic_or_1                     1
     $mux_1                         15
     $mux_10                         1
     $mux_18                         1
     $mux_20                         2
     $mux_256                        1
     $mux_27                         1
     $mux_3                         12
     $mux_32                        10
     $mux_33                         1
     $mux_64                         6
     $ne_2                           1
     $ne_3                           8
     $ne_4                           8
     $ne_5                           4
     $ne_6                           1
     $not_1                          6
     $not_3                          1
     $or_1                           5
     $pmux_1                         5
     $pmux_3                         1
     $pmux_32                        1
     $reduce_and_2                   2
     $reduce_and_3                   7
     $reduce_and_4                   1
     $reduce_or_10                   1
     $reduce_or_2                    3
     $reduce_or_3                    1
     $reduce_or_4                    3
     $reduce_or_5                    1
     $sub_2                          1
     fifo_v3$croc_chip.i_croc_soc.i_croc.i_dm_top.i_dm_top.i_dm_csrs.i_fifo      1

=== dm_mem$croc_chip.i_croc_soc.i_croc.i_dm_top.i_dm_top.i_dm_mem ===

   Number of wires:                172
   Number of wire bits:           3097
   Number of public wires:          41
   Number of public wire bits:    1070
   Number of ports:                 25
   Number of port bits:            554
   Number of memories:               0
   Number of memory bits:            0
   Number of processes:              0
   Number of cells:                159
     $adff_1                         3
     $adffe_1                        1
     $adffe_2                        1
     $adffe_64                       1
     $and_1                          9
     $and_4                          1
     $bmux_49_3                      1
     $bmux_64_2                      1
     $demux_1_1                      2
     $eq_11                          1
     $eq_12                          5
     $eq_2                           3
     $eq_5                           1
     $ge_12                          3
     $ge_3                           1
     $le_12                          4
     $logic_and_1                   18
     $logic_not_1                    7
     $logic_not_2                    1
     $logic_not_32                   1
     $logic_not_8                    1
     $logic_not_9                    1
     $logic_or_1                     1
     $lt_3                           1
     $mux_1                         20
     $mux_11                         2
     $mux_17                         2
     $mux_2                         10
     $mux_28                         2
     $mux_3                          1
     $mux_30                         3
     $mux_32                         3
     $mux_4                          1
     $mux_5                          1
     $mux_54                         2
     $mux_64                         4
     $mux_8                          8
     $ne_3                           5
     $ne_5                           1
     $not_1                          5
     $or_1                           4
     $pmux_2                         1
     $pmux_64                        1
     $reduce_and_3                   1
     $reduce_and_4                   2
     $reduce_bool_2                  2
     $reduce_bool_5                  1
     $reduce_bool_6                  1
     $reduce_or_2                    2
     $reduce_or_3                    1
     $sub_2                          1
     $sub_3                          1
     $sub_6                          1
     debug_rom$croc_chip.i_croc_soc.i_croc.i_dm_top.i_dm_top.i_dm_mem.gen_rom_snd_scratch.i_debug_rom      1

=== dm_obi_top$croc_chip.i_croc_soc.i_croc.i_dm_top ===

   Number of wires:                 35
   Number of wire bits:            337
   Number of public wires:          35
   Number of public wire bits:     337
   Number of ports:                 35
   Number of port bits:            337
   Number of memories:               0
   Number of memory bits:            0
   Number of processes:              0
   Number of cells:                  3
     $adff_1                         1
     $adffe_4                        1
     dm_top$croc_chip.i_croc_soc.i_croc.i_dm_top.i_dm_top      1

=== dm_sba$croc_chip.i_croc_soc.i_croc.i_dm_top.i_dm_top.i_dm_sba ===

   Number of wires:                 79
   Number of wire bits:            526
   Number of public wires:          35
   Number of public wire bits:     329
   Number of ports:                 28
   Number of port bits:            252
   Number of memories:               0
   Number of memory bits:            0
   Number of processes:              0
   Number of cells:                 60
     $add_32                         1
     $adffe_3                        1
     $and_1                          4
     $and_2                          1
     $and_32                         1
     $and_4                          1
     $demux_1_2                      1
     $eq_3                           7
     $gt_3                           1
     $logic_and_1                    4
     $logic_not_3                    2
     $mux_1                          2
     $mux_2                          5
     $mux_3                          4
     $mux_32                         1
     $mux_4                          1
     $ne_4                           3
     $ne_6                           1
     $neg_33                         1
     $not_32                         1
     $or_1                           3
     $pmux_3                         1
     $pmux_4                         1
     $reduce_and_4                   1
     $reduce_bool_3                  1
     $reduce_or_2                    3
     $reduce_or_32                   1
     $shift_33                       1
     $shiftx_33                      1
     $shl_32                         3
     $shr_32                         1

=== dm_top$croc_chip.i_croc_soc.i_croc.i_dm_top.i_dm_top ===

   Number of wires:                 63
   Number of wire bits:            951
   Number of public wires:          63
   Number of public wire bits:     951
   Number of ports:                 33
   Number of port bits:            360
   Number of memories:               0
   Number of memory bits:            0
   Number of processes:              0
   Number of cells:                  3
     dm_csrs$croc_chip.i_croc_soc.i_croc.i_dm_top.i_dm_top.i_dm_csrs      1
     dm_mem$croc_chip.i_croc_soc.i_croc.i_dm_top.i_dm_top.i_dm_mem      1
     dm_sba$croc_chip.i_croc_soc.i_croc.i_dm_top.i_dm_top.i_dm_sba      1

=== dma$croc_chip.i_croc_soc.i_croc.i_dma ===

   Number of wires:                201
   Number of wire bits:           1723
   Number of public wires:          67
   Number of public wire bits:     952
   Number of ports:                  9
   Number of port bits:            336
   Number of memories:               0
   Number of memory bits:            0
   Number of processes:              0
   Number of cells:                191
     $add_11                         2
     $add_30                         2
     $add_32                         5
     $adff_1                         7
     $adff_32                        2
     $adff_4                         1
     $adffe_1                        7
     $adffe_11                       3
     $adffe_2                        2
     $adffe_3                        1
     $adffe_30                       1
     $adffe_32                       6
     $adffe_4                        1
     $adffe_8                        4
     $and_1                         11
     $and_8                          1
     $eq_11                          2
     $eq_2                           5
     $eq_3                           5
     $eq_6                           6
     $logic_and_1                    2
     $logic_not_1                    1
     $logic_not_2                    1
     $logic_not_3                    1
     $logic_not_6                    1
     $logic_not_8                    1
     $mux_1                         14
     $mux_11                         2
     $mux_2                          8
     $mux_24                         1
     $mux_3                          3
     $mux_32                        12
     $mux_4                          2
     $mux_8                          1
     $ne_2                           7
     $ne_3                           7
     $ne_4                           4
     $ne_5                           2
     $ne_6                           1
     $not_1                          8
     $or_1                           1
     $pmux_1                         4
     $pmux_2                         1
     $pmux_3                         1
     $pmux_32                        2
     $pmux_8                         1
     $reduce_and_11                  1
     $reduce_and_2                   1
     $reduce_and_3                   1
     $reduce_and_4                   6
     $reduce_and_5                   1
     $reduce_and_6                   3
     $reduce_and_7                   1
     $reduce_bool_2                  4
     $reduce_bool_4                  1
     $reduce_bool_8                  1
     $reduce_or_2                    1
     $reduce_or_6                    2
     $shl_4                          2
     $shr_32                         1
     dma_fifo_buffer$croc_chip.i_croc_soc.i_croc.i_dma.i_dma_fifo_buffer      1
     dma_interrupt_handler$croc_chip.i_croc_soc.i_croc.i_dma.i_dma_interupt_handler      1

=== dma_fifo_buffer$croc_chip.i_croc_soc.i_croc.i_dma.i_dma_fifo_buffer ===

   Number of wires:                 29
   Number of wire bits:            156
   Number of public wires:          16
   Number of public wire bits:     142
   Number of ports:                 10
   Number of port bits:             72
   Number of memories:               0
   Number of memory bits:            0
   Number of processes:              0
   Number of cells:                 23
     $add_1                          2
     $adffe_1                        2
     $adffe_2                        1
     $and_1                          2
     $dffe_32                        2
     $eq_2                           4
     $logic_and_1                    2
     $logic_not_1                    2
     $logic_not_2                    1
     $mux_32                         1
     $not_1                          2
     $reduce_bool_2                  1
     $sub_2                          1

=== dma_interrupt_handler$croc_chip.i_croc_soc.i_croc.i_dma.i_dma_interupt_handler ===

   Number of wires:                  7
   Number of wire bits:              7
   Number of public wires:           6
   Number of public wire bits:       6
   Number of ports:                  5
   Number of port bits:              5
   Number of memories:               0
   Number of memory bits:            0
   Number of processes:              0
   Number of cells:                  3
     $adff_1                         1
     $mux_1                          1
     $or_1                           1

=== dmi_cdc$croc_chip.i_croc_soc.i_croc.i_dmi_jtag.i_dmi_cdc ===

   Number of wires:                 23
   Number of wire bits:            169
   Number of public wires:          21
   Number of public wire bits:     167
   Number of ports:                 18
   Number of port bits:            164
   Number of memories:               0
   Number of memory bits:            0
   Number of processes:              0
   Number of cells:                  7
     $adff_1                         2
     $logic_and_1                    1
     $logic_not_1                    1
     $not_1                          1
     cdc_2phase_clearable$croc_chip.i_croc_soc.i_croc.i_dmi_jtag.i_dmi_cdc.i_cdc_req      1
     cdc_2phase_clearable$croc_chip.i_croc_soc.i_croc.i_dmi_jtag.i_dmi_cdc.i_cdc_resp      1

=== dmi_jtag$croc_chip.i_croc_soc.i_croc.i_dmi_jtag ===

   Number of wires:                105
   Number of wire bits:            874
   Number of public wires:          43
   Number of public wire bits:     411
   Number of ports:                 16
   Number of port bits:             89
   Number of memories:               0
   Number of memory bits:            0
   Number of processes:              0
   Number of cells:                 87
     $adff_1                         3
     $adff_14                        1
     $adff_2                         1
     $adff_3                         1
     $adff_4                         1
     $adff_41                        1
     $adff_6                         1
     $adffe_2                        1
     $adffe_3                        1
     $adffe_32                       1
     $adffe_7                        1
     $and_1                          4
     $eq_2                           5
     $eq_3                           4
     $logic_and_1                   11
     $logic_not_1                    1
     $logic_not_2                    2
     $logic_not_3                    1
     $logic_or_1                     2
     $mux_1                          2
     $mux_2                          3
     $mux_3                          1
     $mux_32                         6
     $mux_41                         7
     $mux_7                          1
     $ne_3                           4
     $ne_5                           1
     $not_1                          2
     $or_1                           2
     $pmux_3                         1
     $pmux_32                        1
     $reduce_and_2                   1
     $reduce_and_3                   1
     $reduce_and_5                   1
     $reduce_bool_2                  2
     $reduce_bool_3                  2
     $reduce_bool_4                  1
     $reduce_bool_5                  1
     $reduce_or_2                    2
     dmi_cdc$croc_chip.i_croc_soc.i_croc.i_dmi_jtag.i_dmi_cdc      1
     dmi_jtag_tap$croc_chip.i_croc_soc.i_croc.i_dmi_jtag.i_dmi_jtag_tap      1

=== dmi_jtag_tap$croc_chip.i_croc_soc.i_croc.i_dmi_jtag.i_dmi_jtag_tap ===

   Number of wires:                 62
   Number of wire bits:            275
   Number of public wires:          34
   Number of public wire bits:     118
   Number of ports:                 17
   Number of port bits:             17
   Number of memories:               0
   Number of memory bits:            0
   Number of processes:              0
   Number of cells:                 53
     $adff_1                         3
     $adff_32                        1
     $adff_4                         1
     $adffe_5                        2
     $and_1                          1
     $eq_4                          15
     $eq_5                           3
     $logic_not_4                    1
     $mux_1                          5
     $mux_2                          1
     $mux_32                         5
     $mux_5                          3
     $not_1                          1
     $or_1                           1
     $pmux_1                         1
     $pmux_4                         1
     $reduce_bool_2                  1
     $reduce_bool_3                  1
     $reduce_or_2                    2
     $reduce_or_3                    2
     tc_clk_inverter$croc_chip.i_croc_soc.i_croc.i_dmi_jtag.i_dmi_jtag_tap.i_tck_inv      1
     tc_clk_mux2$croc_chip.i_croc_soc.i_croc.i_dmi_jtag.i_dmi_jtag_tap.i_dft_tck_mux      1

=== fifo_v3$croc_chip.i_croc_soc.i_croc.i_dm_top.i_dm_top.i_dm_csrs.i_fifo ===

   Number of wires:                 36
   Number of wire bits:            307
   Number of public wires:          19
   Number of public wire bits:     221
   Number of ports:                 11
   Number of port bits:             77
   Number of memories:               0
   Number of memory bits:            0
   Number of processes:              0
   Number of cells:                 29
     $add_1                          2
     $adffe_1                        2
     $adffe_2                        1
     $adffe_34                       2
     $bwmux                          1
     $demux_1_1                      1
     $eq_2                           1
     $logic_and_1                    5
     $logic_not_2                    1
     $mux_1                          2
     $mux_2                          1
     $mux_34                         1
     $ne_2                           1
     $not_1                          3
     $reduce_and_2                   1
     $reduce_bool_2                  2
     $reduce_bool_4                  1
     $sub_2                          1

=== fifo_v3$croc_chip.i_croc_soc.i_croc.i_main_xbar.gen_mux[0].i_mux.gen_no_id_assign.i_fifo ===

   Number of wires:                 36
   Number of wire bits:             59
   Number of public wires:          19
   Number of public wire bits:      35
   Number of ports:                 11
   Number of port bits:             15
   Number of memories:               0
   Number of memory bits:            0
   Number of processes:              0
   Number of cells:                 29
     $add_1                          2
     $adffe_1                        2
     $adffe_2                        1
     $adffe_3                        2
     $bwmux                          1
     $demux_1_1                      1
     $eq_2                           1
     $logic_and_1                    5
     $logic_not_2                    1
     $mux_1                          2
     $mux_2                          1
     $mux_3                          1
     $ne_2                           1
     $not_1                          3
     $reduce_and_2                   1
     $reduce_bool_2                  2
     $reduce_bool_4                  1
     $sub_2                          1

=== fifo_v3$croc_chip.i_croc_soc.i_croc.i_main_xbar.gen_mux[1].i_mux.gen_no_id_assign.i_fifo ===

   Number of wires:                 36
   Number of wire bits:             59
   Number of public wires:          19
   Number of public wire bits:      35
   Number of ports:                 11
   Number of port bits:             15
   Number of memories:               0
   Number of memory bits:            0
   Number of processes:              0
   Number of cells:                 29
     $add_1                          2
     $adffe_1                        2
     $adffe_2                        1
     $adffe_3                        2
     $bwmux                          1
     $demux_1_1                      1
     $eq_2                           1
     $logic_and_1                    5
     $logic_not_2                    1
     $mux_1                          2
     $mux_2                          1
     $mux_3                          1
     $ne_2                           1
     $not_1                          3
     $reduce_and_2                   1
     $reduce_bool_2                  2
     $reduce_bool_4                  1
     $sub_2                          1

=== fifo_v3$croc_chip.i_croc_soc.i_croc.i_main_xbar.gen_mux[2].i_mux.gen_no_id_assign.i_fifo ===

   Number of wires:                 36
   Number of wire bits:             59
   Number of public wires:          19
   Number of public wire bits:      35
   Number of ports:                 11
   Number of port bits:             15
   Number of memories:               0
   Number of memory bits:            0
   Number of processes:              0
   Number of cells:                 29
     $add_1                          2
     $adffe_1                        2
     $adffe_2                        1
     $adffe_3                        2
     $bwmux                          1
     $demux_1_1                      1
     $eq_2                           1
     $logic_and_1                    5
     $logic_not_2                    1
     $mux_1                          2
     $mux_2                          1
     $mux_3                          1
     $ne_2                           1
     $not_1                          3
     $reduce_and_2                   1
     $reduce_bool_2                  2
     $reduce_bool_4                  1
     $sub_2                          1

=== fifo_v3$croc_chip.i_croc_soc.i_croc.i_main_xbar.gen_mux[3].i_mux.gen_no_id_assign.i_fifo ===

   Number of wires:                 36
   Number of wire bits:             59
   Number of public wires:          19
   Number of public wire bits:      35
   Number of ports:                 11
   Number of port bits:             15
   Number of memories:               0
   Number of memory bits:            0
   Number of processes:              0
   Number of cells:                 29
     $add_1                          2
     $adffe_1                        2
     $adffe_2                        1
     $adffe_3                        2
     $bwmux                          1
     $demux_1_1                      1
     $eq_2                           1
     $logic_and_1                    5
     $logic_not_2                    1
     $mux_1                          2
     $mux_2                          1
     $mux_3                          1
     $ne_2                           1
     $not_1                          3
     $reduce_and_2                   1
     $reduce_bool_2                  2
     $reduce_bool_4                  1
     $sub_2                          1

=== fifo_v3$croc_chip.i_croc_soc.i_croc.i_main_xbar.gen_mux[4].i_mux.gen_no_id_assign.i_fifo ===

   Number of wires:                 36
   Number of wire bits:             59
   Number of public wires:          19
   Number of public wire bits:      35
   Number of ports:                 11
   Number of port bits:             15
   Number of memories:               0
   Number of memory bits:            0
   Number of processes:              0
   Number of cells:                 29
     $add_1                          2
     $adffe_1                        2
     $adffe_2                        1
     $adffe_3                        2
     $bwmux                          1
     $demux_1_1                      1
     $eq_2                           1
     $logic_and_1                    5
     $logic_not_2                    1
     $mux_1                          2
     $mux_2                          1
     $mux_3                          1
     $ne_2                           1
     $not_1                          3
     $reduce_and_2                   1
     $reduce_bool_2                  2
     $reduce_bool_4                  1
     $sub_2                          1

=== fifo_v3$croc_chip.i_croc_soc.i_croc.i_main_xbar.gen_mux[5].i_mux.gen_no_id_assign.i_fifo ===

   Number of wires:                 36
   Number of wire bits:             59
   Number of public wires:          19
   Number of public wire bits:      35
   Number of ports:                 11
   Number of port bits:             15
   Number of memories:               0
   Number of memory bits:            0
   Number of processes:              0
   Number of cells:                 29
     $add_1                          2
     $adffe_1                        2
     $adffe_2                        1
     $adffe_3                        2
     $bwmux                          1
     $demux_1_1                      1
     $eq_2                           1
     $logic_and_1                    5
     $logic_not_2                    1
     $mux_1                          2
     $mux_2                          1
     $mux_3                          1
     $ne_2                           1
     $not_1                          3
     $reduce_and_2                   1
     $reduce_bool_2                  2
     $reduce_bool_4                  1
     $sub_2                          1

=== fifo_v3$croc_chip.i_croc_soc.i_croc.i_periph_err.i_id_fifo ===

   Number of wires:                 25
   Number of wire bits:             35
   Number of public wires:          13
   Number of public wire bits:      21
   Number of ports:                 11
   Number of port bits:             17
   Number of memories:               0
   Number of memory bits:            0
   Number of processes:              0
   Number of cells:                 17
     $adffe_2                        1
     $adffe_4                        1
     $eq_2                           1
     $logic_and_1                    5
     $logic_not_2                    1
     $mux_2                          1
     $ne_2                           1
     $not_1                          3
     $reduce_and_2                   1
     $reduce_bool_4                  1
     $sub_2                          1

=== fifo_v3$croc_chip.i_croc_soc.i_croc.i_uart.i_uart_rx.i_fifo_v3 ===

   Number of wires:                 36
   Number of wire bits:            618
   Number of public wires:          19
   Number of public wire bits:     412
   Number of ports:                 11
   Number of port bits:             34
   Number of memories:               0
   Number of memory bits:            0
   Number of processes:              0
   Number of cells:                 43
     $add_4                          2
     $adffe_11                      16
     $adffe_4                        2
     $adffe_5                        1
     $bmux_11_4                      1
     $bwmux                          1
     $demux_1_4                      1
     $eq_5                           1
     $logic_and_1                    5
     $logic_not_5                    1
     $mux_4                          2
     $mux_5                          1
     $ne_2                           1
     $not_1                          3
     $reduce_and_2                   1
     $reduce_bool_2                  2
     $reduce_bool_4                  1
     $sub_5                          1

=== fifo_v3$croc_chip.i_croc_soc.i_croc.i_uart.i_uart_tx.i_fifo_v3 ===

   Number of wires:                 36
   Number of wire bits:            468
   Number of public wires:          19
   Number of public wire bits:     310
   Number of ports:                 11
   Number of port bits:             28
   Number of memories:               0
   Number of memory bits:            0
   Number of processes:              0
   Number of cells:                 43
     $add_4                          2
     $adffe_4                        2
     $adffe_5                        1
     $adffe_8                       16
     $bmux_8_4                       1
     $bwmux                          1
     $demux_1_4                      1
     $eq_5                           1
     $logic_and_1                    5
     $logic_not_5                    1
     $mux_4                          2
     $mux_5                          1
     $ne_2                           1
     $not_1                          3
     $reduce_and_2                   1
     $reduce_bool_2                  2
     $reduce_bool_4                  1
     $sub_5                          1

=== fifo_v3$croc_chip.i_croc_soc.i_croc.i_xbar_err.i_id_fifo ===

   Number of wires:                 25
   Number of wire bits:             35
   Number of public wires:          13
   Number of public wire bits:      21
   Number of ports:                 11
   Number of port bits:             17
   Number of memories:               0
   Number of memory bits:            0
   Number of processes:              0
   Number of cells:                 17
     $adffe_2                        1
     $adffe_4                        1
     $eq_2                           1
     $logic_and_1                    5
     $logic_not_2                    1
     $mux_2                          1
     $ne_2                           1
     $not_1                          3
     $reduce_and_2                   1
     $reduce_bool_4                  1
     $sub_2                          1

=== fifo_v3$croc_chip.i_croc_soc.i_user.i_user_err.i_id_fifo ===

   Number of wires:                 25
   Number of wire bits:             35
   Number of public wires:          13
   Number of public wire bits:      21
   Number of ports:                 11
   Number of port bits:             17
   Number of memories:               0
   Number of memory bits:            0
   Number of processes:              0
   Number of cells:                 17
     $adffe_2                        1
     $adffe_4                        1
     $eq_2                           1
     $logic_and_1                    5
     $logic_not_2                    1
     $mux_2                          1
     $ne_2                           1
     $not_1                          3
     $reduce_and_2                   1
     $reduce_bool_4                  1
     $sub_2                          1

=== gpio$croc_chip.i_croc_soc.i_croc.i_gpio ===

   Number of wires:                427
   Number of wire bits:           1108
   Number of public wires:         205
   Number of public wire bits:     886
   Number of ports:                  9
   Number of port bits:            246
   Number of memories:               0
   Number of memory bits:            0
   Number of processes:              0
   Number of cells:                576
     $adff_1                        32
     $and_1                        288
     $mux_1                         32
     $mux_2                         32
     $not_1                        128
     $or_1                          31
     gpio_reg_top$croc_chip.i_croc_soc.i_croc.i_gpio.i_reg_file      1
     sync$croc_chip.i_croc_soc.i_croc.i_gpio.gen_gpios[0].i_sync      1
     sync$croc_chip.i_croc_soc.i_croc.i_gpio.gen_gpios[10].i_sync      1
     sync$croc_chip.i_croc_soc.i_croc.i_gpio.gen_gpios[11].i_sync      1
     sync$croc_chip.i_croc_soc.i_croc.i_gpio.gen_gpios[12].i_sync      1
     sync$croc_chip.i_croc_soc.i_croc.i_gpio.gen_gpios[13].i_sync      1
     sync$croc_chip.i_croc_soc.i_croc.i_gpio.gen_gpios[14].i_sync      1
     sync$croc_chip.i_croc_soc.i_croc.i_gpio.gen_gpios[15].i_sync      1
     sync$croc_chip.i_croc_soc.i_croc.i_gpio.gen_gpios[16].i_sync      1
     sync$croc_chip.i_croc_soc.i_croc.i_gpio.gen_gpios[17].i_sync      1
     sync$croc_chip.i_croc_soc.i_croc.i_gpio.gen_gpios[18].i_sync      1
     sync$croc_chip.i_croc_soc.i_croc.i_gpio.gen_gpios[19].i_sync      1
     sync$croc_chip.i_croc_soc.i_croc.i_gpio.gen_gpios[1].i_sync      1
     sync$croc_chip.i_croc_soc.i_croc.i_gpio.gen_gpios[20].i_sync      1
     sync$croc_chip.i_croc_soc.i_croc.i_gpio.gen_gpios[21].i_sync      1
     sync$croc_chip.i_croc_soc.i_croc.i_gpio.gen_gpios[22].i_sync      1
     sync$croc_chip.i_croc_soc.i_croc.i_gpio.gen_gpios[23].i_sync      1
     sync$croc_chip.i_croc_soc.i_croc.i_gpio.gen_gpios[24].i_sync      1
     sync$croc_chip.i_croc_soc.i_croc.i_gpio.gen_gpios[25].i_sync      1
     sync$croc_chip.i_croc_soc.i_croc.i_gpio.gen_gpios[26].i_sync      1
     sync$croc_chip.i_croc_soc.i_croc.i_gpio.gen_gpios[27].i_sync      1
     sync$croc_chip.i_croc_soc.i_croc.i_gpio.gen_gpios[28].i_sync      1
     sync$croc_chip.i_croc_soc.i_croc.i_gpio.gen_gpios[29].i_sync      1
     sync$croc_chip.i_croc_soc.i_croc.i_gpio.gen_gpios[2].i_sync      1
     sync$croc_chip.i_croc_soc.i_croc.i_gpio.gen_gpios[30].i_sync      1
     sync$croc_chip.i_croc_soc.i_croc.i_gpio.gen_gpios[31].i_sync      1
     sync$croc_chip.i_croc_soc.i_croc.i_gpio.gen_gpios[3].i_sync      1
     sync$croc_chip.i_croc_soc.i_croc.i_gpio.gen_gpios[4].i_sync      1
     sync$croc_chip.i_croc_soc.i_croc.i_gpio.gen_gpios[5].i_sync      1
     sync$croc_chip.i_croc_soc.i_croc.i_gpio.gen_gpios[6].i_sync      1
     sync$croc_chip.i_croc_soc.i_croc.i_gpio.gen_gpios[7].i_sync      1
     sync$croc_chip.i_croc_soc.i_croc.i_gpio.gen_gpios[8].i_sync      1
     sync$croc_chip.i_croc_soc.i_croc.i_gpio.gen_gpios[9].i_sync      1

=== gpio_reg_top$croc_chip.i_croc_soc.i_croc.i_gpio.i_reg_file ===

   Number of wires:                 61
   Number of wire bits:           1921
   Number of public wires:          21
   Number of public wire bits:    1385
   Number of ports:                  6
   Number of port bits:            501
   Number of memories:               0
   Number of memory bits:            0
   Number of processes:              0
   Number of cells:                156
     $adff_1                         4
     $adff_10                        1
     $adff_32                        3
     $adffe_32                       4
     $and_1                         35
     $and_32                         6
     $eq_10                         12
     $logic_not_10                   2
     $mux_1                         66
     $mux_32                         7
     $not_1                          3
     $not_4                          1
     $or_32                          5
     $pmux_32                        1
     $reduce_and_2                   4
     $reduce_or_6                    1
     $reduce_or_8                    1

=== lzc$croc_chip.i_croc_soc.i_croc.i_main_xbar.gen_mux[0].i_mux.i_rr_arb.gen_arbiter.gen_int_rr.gen_fair_arb.i_lzc_lower ===

   Number of wires:                  5
   Number of wire bits:             32
   Number of public wires:           5
   Number of public wire bits:      32
   Number of ports:                  3
   Number of port bits:             10
   Number of memories:               0
   Number of memory bits:            0
   Number of processes:              0
   Number of cells:                 12
     $mux_2                          2
     $mux_3                          1
     $not_1                          4
     $or_1                           5

=== lzc$croc_chip.i_croc_soc.i_croc.i_main_xbar.gen_mux[0].i_mux.i_rr_arb.gen_arbiter.gen_int_rr.gen_fair_arb.i_lzc_upper ===

   Number of wires:                  5
   Number of wire bits:             32
   Number of public wires:           5
   Number of public wire bits:      32
   Number of ports:                  3
   Number of port bits:             10
   Number of memories:               0
   Number of memory bits:            0
   Number of processes:              0
   Number of cells:                 12
     $mux_2                          2
     $mux_3                          1
     $not_1                          4
     $or_1                           5

=== lzc$croc_chip.i_croc_soc.i_croc.i_main_xbar.gen_mux[1].i_mux.i_rr_arb.gen_arbiter.gen_int_rr.gen_fair_arb.i_lzc_lower ===

   Number of wires:                  5
   Number of wire bits:             32
   Number of public wires:           5
   Number of public wire bits:      32
   Number of ports:                  3
   Number of port bits:             10
   Number of memories:               0
   Number of memory bits:            0
   Number of processes:              0
   Number of cells:                 12
     $mux_2                          2
     $mux_3                          1
     $not_1                          4
     $or_1                           5

=== lzc$croc_chip.i_croc_soc.i_croc.i_main_xbar.gen_mux[1].i_mux.i_rr_arb.gen_arbiter.gen_int_rr.gen_fair_arb.i_lzc_upper ===

   Number of wires:                  5
   Number of wire bits:             32
   Number of public wires:           5
   Number of public wire bits:      32
   Number of ports:                  3
   Number of port bits:             10
   Number of memories:               0
   Number of memory bits:            0
   Number of processes:              0
   Number of cells:                 12
     $mux_2                          2
     $mux_3                          1
     $not_1                          4
     $or_1                           5

=== lzc$croc_chip.i_croc_soc.i_croc.i_main_xbar.gen_mux[2].i_mux.i_rr_arb.gen_arbiter.gen_int_rr.gen_fair_arb.i_lzc_lower ===

   Number of wires:                  5
   Number of wire bits:             32
   Number of public wires:           5
   Number of public wire bits:      32
   Number of ports:                  3
   Number of port bits:             10
   Number of memories:               0
   Number of memory bits:            0
   Number of processes:              0
   Number of cells:                 12
     $mux_2                          2
     $mux_3                          1
     $not_1                          4
     $or_1                           5

=== lzc$croc_chip.i_croc_soc.i_croc.i_main_xbar.gen_mux[2].i_mux.i_rr_arb.gen_arbiter.gen_int_rr.gen_fair_arb.i_lzc_upper ===

   Number of wires:                  5
   Number of wire bits:             32
   Number of public wires:           5
   Number of public wire bits:      32
   Number of ports:                  3
   Number of port bits:             10
   Number of memories:               0
   Number of memory bits:            0
   Number of processes:              0
   Number of cells:                 12
     $mux_2                          2
     $mux_3                          1
     $not_1                          4
     $or_1                           5

=== lzc$croc_chip.i_croc_soc.i_croc.i_main_xbar.gen_mux[3].i_mux.i_rr_arb.gen_arbiter.gen_int_rr.gen_fair_arb.i_lzc_lower ===

   Number of wires:                  5
   Number of wire bits:             32
   Number of public wires:           5
   Number of public wire bits:      32
   Number of ports:                  3
   Number of port bits:             10
   Number of memories:               0
   Number of memory bits:            0
   Number of processes:              0
   Number of cells:                 12
     $mux_2                          2
     $mux_3                          1
     $not_1                          4
     $or_1                           5

=== lzc$croc_chip.i_croc_soc.i_croc.i_main_xbar.gen_mux[3].i_mux.i_rr_arb.gen_arbiter.gen_int_rr.gen_fair_arb.i_lzc_upper ===

   Number of wires:                  5
   Number of wire bits:             32
   Number of public wires:           5
   Number of public wire bits:      32
   Number of ports:                  3
   Number of port bits:             10
   Number of memories:               0
   Number of memory bits:            0
   Number of processes:              0
   Number of cells:                 12
     $mux_2                          2
     $mux_3                          1
     $not_1                          4
     $or_1                           5

=== lzc$croc_chip.i_croc_soc.i_croc.i_main_xbar.gen_mux[4].i_mux.i_rr_arb.gen_arbiter.gen_int_rr.gen_fair_arb.i_lzc_lower ===

   Number of wires:                  5
   Number of wire bits:             32
   Number of public wires:           5
   Number of public wire bits:      32
   Number of ports:                  3
   Number of port bits:             10
   Number of memories:               0
   Number of memory bits:            0
   Number of processes:              0
   Number of cells:                 12
     $mux_2                          2
     $mux_3                          1
     $not_1                          4
     $or_1                           5

=== lzc$croc_chip.i_croc_soc.i_croc.i_main_xbar.gen_mux[4].i_mux.i_rr_arb.gen_arbiter.gen_int_rr.gen_fair_arb.i_lzc_upper ===

   Number of wires:                  5
   Number of wire bits:             32
   Number of public wires:           5
   Number of public wire bits:      32
   Number of ports:                  3
   Number of port bits:             10
   Number of memories:               0
   Number of memory bits:            0
   Number of processes:              0
   Number of cells:                 12
     $mux_2                          2
     $mux_3                          1
     $not_1                          4
     $or_1                           5

=== lzc$croc_chip.i_croc_soc.i_croc.i_main_xbar.gen_mux[5].i_mux.i_rr_arb.gen_arbiter.gen_int_rr.gen_fair_arb.i_lzc_lower ===

   Number of wires:                  5
   Number of wire bits:             32
   Number of public wires:           5
   Number of public wire bits:      32
   Number of ports:                  3
   Number of port bits:             10
   Number of memories:               0
   Number of memory bits:            0
   Number of processes:              0
   Number of cells:                 12
     $mux_2                          2
     $mux_3                          1
     $not_1                          4
     $or_1                           5

=== lzc$croc_chip.i_croc_soc.i_croc.i_main_xbar.gen_mux[5].i_mux.i_rr_arb.gen_arbiter.gen_int_rr.gen_fair_arb.i_lzc_upper ===

   Number of wires:                  5
   Number of wire bits:             32
   Number of public wires:           5
   Number of public wire bits:      32
   Number of ports:                  3
   Number of port bits:             10
   Number of memories:               0
   Number of memory bits:            0
   Number of processes:              0
   Number of cells:                 12
     $mux_2                          2
     $mux_3                          1
     $not_1                          4
     $or_1                           5

=== obi_demux$croc_chip.i_croc_soc.i_croc.i_main_xbar.gen_demux[0].i_demux ===

   Number of wires:                 26
   Number of wire bits:           2800
   Number of public wires:          12
   Number of public wire bits:     775
   Number of ports:                  7
   Number of port bits:            768
   Number of memories:               0
   Number of memory bits:            0
   Number of processes:              0
   Number of cells:                 19
     $adffe_3                        1
     $and_1                          1
     $and_6                          1
     $bmux_37_3                      2
     $bmux_72_3                      1
     $bwmux                          1
     $demux_1_3                      1
     $eq_3                           1
     $logic_and_1                    2
     $logic_or_1                     2
     $mux_1                          1
     $mux_432                        2
     $not_1                          1
     $xor_1                          1
     delta_counter$croc_chip.i_croc_soc.i_croc.i_main_xbar.gen_demux[0].i_demux.i_counter      1

=== obi_demux$croc_chip.i_croc_soc.i_croc.i_main_xbar.gen_demux[1].i_demux ===

   Number of wires:                 26
   Number of wire bits:           2800
   Number of public wires:          12
   Number of public wire bits:     775
   Number of ports:                  7
   Number of port bits:            768
   Number of memories:               0
   Number of memory bits:            0
   Number of processes:              0
   Number of cells:                 19
     $adffe_3                        1
     $and_1                          1
     $and_6                          1
     $bmux_37_3                      2
     $bmux_72_3                      1
     $bwmux                          1
     $demux_1_3                      1
     $eq_3                           1
     $logic_and_1                    2
     $logic_or_1                     2
     $mux_1                          1
     $mux_432                        2
     $not_1                          1
     $xor_1                          1
     delta_counter$croc_chip.i_croc_soc.i_croc.i_main_xbar.gen_demux[1].i_demux.i_counter      1

=== obi_demux$croc_chip.i_croc_soc.i_croc.i_main_xbar.gen_demux[2].i_demux ===

   Number of wires:                 26
   Number of wire bits:           2800
   Number of public wires:          12
   Number of public wire bits:     775
   Number of ports:                  7
   Number of port bits:            768
   Number of memories:               0
   Number of memory bits:            0
   Number of processes:              0
   Number of cells:                 19
     $adffe_3                        1
     $and_1                          1
     $and_6                          1
     $bmux_37_3                      2
     $bmux_72_3                      1
     $bwmux                          1
     $demux_1_3                      1
     $eq_3                           1
     $logic_and_1                    2
     $logic_or_1                     2
     $mux_1                          1
     $mux_432                        2
     $not_1                          1
     $xor_1                          1
     delta_counter$croc_chip.i_croc_soc.i_croc.i_main_xbar.gen_demux[2].i_demux.i_counter      1

=== obi_demux$croc_chip.i_croc_soc.i_croc.i_main_xbar.gen_demux[3].i_demux ===

   Number of wires:                 26
   Number of wire bits:           2800
   Number of public wires:          12
   Number of public wire bits:     775
   Number of ports:                  7
   Number of port bits:            768
   Number of memories:               0
   Number of memory bits:            0
   Number of processes:              0
   Number of cells:                 19
     $adffe_3                        1
     $and_1                          1
     $and_6                          1
     $bmux_37_3                      2
     $bmux_72_3                      1
     $bwmux                          1
     $demux_1_3                      1
     $eq_3                           1
     $logic_and_1                    2
     $logic_or_1                     2
     $mux_1                          1
     $mux_432                        2
     $not_1                          1
     $xor_1                          1
     delta_counter$croc_chip.i_croc_soc.i_croc.i_main_xbar.gen_demux[3].i_demux.i_counter      1

=== obi_demux$croc_chip.i_croc_soc.i_croc.i_main_xbar.gen_demux[4].i_demux ===

   Number of wires:                 26
   Number of wire bits:           2800
   Number of public wires:          12
   Number of public wire bits:     775
   Number of ports:                  7
   Number of port bits:            768
   Number of memories:               0
   Number of memory bits:            0
   Number of processes:              0
   Number of cells:                 19
     $adffe_3                        1
     $and_1                          1
     $and_6                          1
     $bmux_37_3                      2
     $bmux_72_3                      1
     $bwmux                          1
     $demux_1_3                      1
     $eq_3                           1
     $logic_and_1                    2
     $logic_or_1                     2
     $mux_1                          1
     $mux_432                        2
     $not_1                          1
     $xor_1                          1
     delta_counter$croc_chip.i_croc_soc.i_croc.i_main_xbar.gen_demux[4].i_demux.i_counter      1

=== obi_demux$croc_chip.i_croc_soc.i_croc.i_main_xbar.gen_demux[5].i_demux ===

   Number of wires:                 26
   Number of wire bits:           2800
   Number of public wires:          12
   Number of public wire bits:     775
   Number of ports:                  7
   Number of port bits:            768
   Number of memories:               0
   Number of memory bits:            0
   Number of processes:              0
   Number of cells:                 19
     $adffe_3                        1
     $and_1                          1
     $and_6                          1
     $bmux_37_3                      2
     $bmux_72_3                      1
     $bwmux                          1
     $demux_1_3                      1
     $eq_3                           1
     $logic_and_1                    2
     $logic_or_1                     2
     $mux_1                          1
     $mux_432                        2
     $not_1                          1
     $xor_1                          1
     delta_counter$croc_chip.i_croc_soc.i_croc.i_main_xbar.gen_demux[5].i_demux.i_counter      1

=== obi_demux$croc_chip.i_croc_soc.i_croc.i_obi_demux ===

   Number of wires:                 26
   Number of wire bits:           3269
   Number of public wires:          12
   Number of public wire bits:     932
   Number of ports:                  7
   Number of port bits:            925
   Number of memories:               0
   Number of memory bits:            0
   Number of processes:              0
   Number of cells:                 19
     $adffe_3                        1
     $and_1                          1
     $and_7                          1
     $bmux_40_3                      2
     $bmux_75_3                      1
     $bwmux                          1
     $demux_1_3                      1
     $eq_3                           1
     $logic_and_1                    2
     $logic_or_1                     2
     $mux_1                          1
     $mux_525                        2
     $not_1                          1
     $xor_1                          1
     delta_counter$croc_chip.i_croc_soc.i_croc.i_obi_demux.i_counter      1

=== obi_demux$croc_chip.i_croc_soc.i_user.i_obi_demux ===

   Number of wires:                 26
   Number of wire bits:           1003
   Number of public wires:          12
   Number of public wire bits:     353
   Number of ports:                  7
   Number of port bits:            348
   Number of memories:               0
   Number of memory bits:            0
   Number of processes:              0
   Number of cells:                 19
     $adffe_1                        1
     $and_1                          1
     $and_2                          1
     $bwmux                          1
     $demux_1_1                      1
     $eq_1                           1
     $logic_and_1                    2
     $logic_or_1                     2
     $mux_1                          2
     $mux_150                        2
     $mux_2                          1
     $mux_40                         1
     $not_1                          1
     $xor_1                          1
     delta_counter$croc_chip.i_croc_soc.i_user.i_obi_demux.i_counter      1

=== obi_err_sbr$croc_chip.i_croc_soc.i_croc.i_periph_err ===

   Number of wires:                 10
   Number of wire bits:            126
   Number of public wires:           9
   Number of public wire bits:     125
   Number of ports:                  5
   Number of port bits:            118
   Number of memories:               0
   Number of memory bits:            0
   Number of processes:              0
   Number of cells:                  4
     $logic_and_1                    1
     $not_1                          2
     fifo_v3$croc_chip.i_croc_soc.i_croc.i_periph_err.i_id_fifo      1

=== obi_err_sbr$croc_chip.i_croc_soc.i_croc.i_xbar_err ===

   Number of wires:                 10
   Number of wire bits:            126
   Number of public wires:           9
   Number of public wire bits:     125
   Number of ports:                  5
   Number of port bits:            118
   Number of memories:               0
   Number of memory bits:            0
   Number of processes:              0
   Number of cells:                  4
     $logic_and_1                    1
     $not_1                          2
     fifo_v3$croc_chip.i_croc_soc.i_croc.i_xbar_err.i_id_fifo      1

=== obi_err_sbr$croc_chip.i_croc_soc.i_user.i_user_err ===

   Number of wires:                 10
   Number of wire bits:            126
   Number of public wires:           9
   Number of public wire bits:     125
   Number of ports:                  5
   Number of port bits:            118
   Number of memories:               0
   Number of memory bits:            0
   Number of processes:              0
   Number of cells:                  4
     $logic_and_1                    1
     $not_1                          2
     fifo_v3$croc_chip.i_croc_soc.i_user.i_user_err.i_id_fifo      1

=== obi_mux$croc_chip.i_croc_soc.i_croc.i_main_xbar.gen_mux[0].i_mux ===

   Number of wires:                 22
   Number of wire bits:           1986
   Number of public wires:          15
   Number of public wire bits:    1073
   Number of ports:                  7
   Number of port bits:            772
   Number of memories:               0
   Number of memory bits:            0
   Number of processes:              0
   Number of cells:                 12
     $and_192                        1
     $and_6                          1
     $bwmux                          3
     $demux_1_3                      1
     $logic_and_1                    3
     $not_1                          1
     fifo_v3$croc_chip.i_croc_soc.i_croc.i_main_xbar.gen_mux[0].i_mux.gen_no_id_assign.i_fifo      1
     rr_arb_tree$croc_chip.i_croc_soc.i_croc.i_main_xbar.gen_mux[0].i_mux.i_rr_arb      1

=== obi_mux$croc_chip.i_croc_soc.i_croc.i_main_xbar.gen_mux[1].i_mux ===

   Number of wires:                 22
   Number of wire bits:           1986
   Number of public wires:          15
   Number of public wire bits:    1073
   Number of ports:                  7
   Number of port bits:            772
   Number of memories:               0
   Number of memory bits:            0
   Number of processes:              0
   Number of cells:                 12
     $and_192                        1
     $and_6                          1
     $bwmux                          3
     $demux_1_3                      1
     $logic_and_1                    3
     $not_1                          1
     fifo_v3$croc_chip.i_croc_soc.i_croc.i_main_xbar.gen_mux[1].i_mux.gen_no_id_assign.i_fifo      1
     rr_arb_tree$croc_chip.i_croc_soc.i_croc.i_main_xbar.gen_mux[1].i_mux.i_rr_arb      1

=== obi_mux$croc_chip.i_croc_soc.i_croc.i_main_xbar.gen_mux[2].i_mux ===

   Number of wires:                 22
   Number of wire bits:           1986
   Number of public wires:          15
   Number of public wire bits:    1073
   Number of ports:                  7
   Number of port bits:            772
   Number of memories:               0
   Number of memory bits:            0
   Number of processes:              0
   Number of cells:                 12
     $and_192                        1
     $and_6                          1
     $bwmux                          3
     $demux_1_3                      1
     $logic_and_1                    3
     $not_1                          1
     fifo_v3$croc_chip.i_croc_soc.i_croc.i_main_xbar.gen_mux[2].i_mux.gen_no_id_assign.i_fifo      1
     rr_arb_tree$croc_chip.i_croc_soc.i_croc.i_main_xbar.gen_mux[2].i_mux.i_rr_arb      1

=== obi_mux$croc_chip.i_croc_soc.i_croc.i_main_xbar.gen_mux[3].i_mux ===

   Number of wires:                 22
   Number of wire bits:           1986
   Number of public wires:          15
   Number of public wire bits:    1073
   Number of ports:                  7
   Number of port bits:            772
   Number of memories:               0
   Number of memory bits:            0
   Number of processes:              0
   Number of cells:                 12
     $and_192                        1
     $and_6                          1
     $bwmux                          3
     $demux_1_3                      1
     $logic_and_1                    3
     $not_1                          1
     fifo_v3$croc_chip.i_croc_soc.i_croc.i_main_xbar.gen_mux[3].i_mux.gen_no_id_assign.i_fifo      1
     rr_arb_tree$croc_chip.i_croc_soc.i_croc.i_main_xbar.gen_mux[3].i_mux.i_rr_arb      1

=== obi_mux$croc_chip.i_croc_soc.i_croc.i_main_xbar.gen_mux[4].i_mux ===

   Number of wires:                 22
   Number of wire bits:           1986
   Number of public wires:          15
   Number of public wire bits:    1073
   Number of ports:                  7
   Number of port bits:            772
   Number of memories:               0
   Number of memory bits:            0
   Number of processes:              0
   Number of cells:                 12
     $and_192                        1
     $and_6                          1
     $bwmux                          3
     $demux_1_3                      1
     $logic_and_1                    3
     $not_1                          1
     fifo_v3$croc_chip.i_croc_soc.i_croc.i_main_xbar.gen_mux[4].i_mux.gen_no_id_assign.i_fifo      1
     rr_arb_tree$croc_chip.i_croc_soc.i_croc.i_main_xbar.gen_mux[4].i_mux.i_rr_arb      1

=== obi_mux$croc_chip.i_croc_soc.i_croc.i_main_xbar.gen_mux[5].i_mux ===

   Number of wires:                 22
   Number of wire bits:           1986
   Number of public wires:          15
   Number of public wire bits:    1073
   Number of ports:                  7
   Number of port bits:            772
   Number of memories:               0
   Number of memory bits:            0
   Number of processes:              0
   Number of cells:                 12
     $and_192                        1
     $and_6                          1
     $bwmux                          3
     $demux_1_3                      1
     $logic_and_1                    3
     $not_1                          1
     fifo_v3$croc_chip.i_croc_soc.i_croc.i_main_xbar.gen_mux[5].i_mux.gen_no_id_assign.i_fifo      1
     rr_arb_tree$croc_chip.i_croc_soc.i_croc.i_main_xbar.gen_mux[5].i_mux.i_rr_arb      1

=== obi_sram_shim$croc_chip.i_croc_soc.i_croc.gen_sram_bank[0].i_sram_shim ===

   Number of wires:                 14
   Number of wire bits:            226
   Number of public wires:          14
   Number of public wire bits:     226
   Number of ports:                 11
   Number of port bits:            220
   Number of memories:               0
   Number of memory bits:            0
   Number of processes:              0
   Number of cells:                  3
     $adff_1                         1
     $adff_4                         1
     $and_1                          1

=== obi_sram_shim$croc_chip.i_croc_soc.i_croc.gen_sram_bank[1].i_sram_shim ===

   Number of wires:                 14
   Number of wire bits:            226
   Number of public wires:          14
   Number of public wire bits:     226
   Number of ports:                 11
   Number of port bits:            220
   Number of memories:               0
   Number of memory bits:            0
   Number of processes:              0
   Number of cells:                  3
     $adff_1                         1
     $adff_4                         1
     $and_1                          1

=== obi_uart$croc_chip.i_croc_soc.i_croc.i_uart ===

   Number of wires:                 25
   Number of wire bits:            251
   Number of public wires:          25
   Number of public wire bits:     251
   Number of ports:                 16
   Number of port bits:            129
   Number of memories:               0
   Number of memory bits:            0
   Number of processes:              0
   Number of cells:                  8
     $mux_1                          1
     $or_1                           1
     obi_uart_baudgen$croc_chip.i_croc_soc.i_croc.i_uart.i_uart_baudgen      1
     obi_uart_interrupts$croc_chip.i_croc_soc.i_croc.i_uart.i_uart_interrupts      1
     obi_uart_modem$croc_chip.i_croc_soc.i_croc.i_uart.i_uart_modem      1
     obi_uart_register$croc_chip.i_croc_soc.i_croc.i_uart.i_uart_register      1
     obi_uart_rx$croc_chip.i_croc_soc.i_croc.i_uart.i_uart_rx      1
     obi_uart_tx$croc_chip.i_croc_soc.i_croc.i_uart.i_uart_tx      1

=== obi_uart_baudgen$croc_chip.i_croc_soc.i_croc.i_uart.i_uart_baudgen ===

   Number of wires:                 19
   Number of wire bits:            121
   Number of public wires:          15
   Number of public wire bits:     117
   Number of ports:                  6
   Number of port bits:             75
   Number of memories:               0
   Number of memory bits:            0
   Number of processes:              0
   Number of cells:                 15
     $adff_1                         1
     $and_1                          3
     $eq_16                          1
     $logic_not_16                   2
     $logic_not_3                    1
     $not_1                          2
     $or_1                           2
     $sub_16                         1
     counter$croc_chip.i_croc_soc.i_croc.i_uart.i_uart_baudgen.i_baudrate_counter      1
     counter$croc_chip.i_croc_soc.i_croc.i_uart.i_uart_baudgen.i_oversample_counter      1

=== obi_uart_interrupts$croc_chip.i_croc_soc.i_croc.i_uart.i_uart_interrupts ===

   Number of wires:                 27
   Number of wire bits:            159
   Number of public wires:          11
   Number of public wire bits:     139
   Number of ports:                  9
   Number of port bits:            129
   Number of memories:               0
   Number of memory bits:            0
   Number of processes:              0
   Number of cells:                 28
     $adff_1                         5
     $and_1                          7
     $mux_1                          4
     $mux_2                          2
     $mux_3                          2
     $not_1                          1
     $or_1                           6
     $reduce_or_5                    1

=== obi_uart_modem$croc_chip.i_croc_soc.i_croc.i_uart.i_uart_modem ===

   Number of wires:                 29
   Number of wire bits:            105
   Number of public wires:          24
   Number of public wire bits:     100
   Number of ports:                 12
   Number of port bits:             88
   Number of memories:               0
   Number of memory bits:            0
   Number of processes:              0
   Number of cells:                 29
     $adff_1                         4
     $and_1                          1
     $mux_1                          4
     $not_1                          9
     $or_1                           4
     $xor_1                          3
     sync$croc_chip.i_croc_soc.i_croc.i_uart.i_uart_modem.i_sync_cd      1
     sync$croc_chip.i_croc_soc.i_croc.i_uart.i_uart_modem.i_sync_cts      1
     sync$croc_chip.i_croc_soc.i_croc.i_uart.i_uart_modem.i_sync_dsr      1
     sync$croc_chip.i_croc_soc.i_croc.i_uart.i_uart_modem.i_sync_ri      1

=== obi_uart_register$croc_chip.i_croc_soc.i_croc.i_uart.i_uart_register ===

   Number of wires:                 66
   Number of wire bits:            655
   Number of public wires:          17
   Number of public wire bits:     489
   Number of ports:                  6
   Number of port bits:            232
   Number of memories:               0
   Number of memory bits:            0
   Number of processes:              0
   Number of cells:                117
     $adff_1                        14
     $adff_3                         1
     $adffe_1                       34
     $adffe_2                        2
     $adffe_8                        4
     $and_1                          6
     $eq_3                          12
     $logic_not_3                    2
     $mux_1                          4
     $mux_16                         1
     $mux_2                          1
     $mux_3                          2
     $mux_4                          3
     $mux_40                         1
     $mux_8                          9
     $ne_2                           1
     $not_1                          4
     $or_1                           4
     $pmux_8                         2
     $reduce_and_2                   1
     $reduce_and_3                   5
     $reduce_bool_2                  1
     $reduce_or_2                    2
     $reduce_or_6                    1

=== obi_uart_rx$croc_chip.i_croc_soc.i_croc.i_uart.i_uart_rx ===

   Number of wires:                179
   Number of wire bits:            484
   Number of public wires:          50
   Number of public wire bits:     208
   Number of ports:                  9
   Number of port bits:            100
   Number of memories:               0
   Number of memory bits:            0
   Number of processes:              0
   Number of cells:                178
     $add_2                          1
     $add_3                          2
     $add_4                          2
     $add_6                          1
     $adff_1                         4
     $adff_3                         1
     $adff_4                         1
     $adff_8                         1
     $adffe_1                        2
     $adffe_2                        1
     $adffe_3                        1
     $adffe_6                        1
     $and_1                         25
     $bwmux                          1
     $demux_1_3                      1
     $eq_1                           1
     $eq_2                          11
     $eq_3                           6
     $eq_5                           4
     $eq_6                           1
     $le_3                           1
     $le_4                           1
     $logic_and_1                    1
     $logic_not_3                    1
     $logic_not_4                    1
     $logic_not_8                    1
     $logic_or_1                     1
     $lt_5                           1
     $mux_1                         24
     $mux_11                         3
     $mux_2                          3
     $mux_3                          6
     $mux_4                          9
     $mux_5                          1
     $mux_6                          1
     $mux_8                          8
     $ne_1                           1
     $ne_2                           5
     $ne_3                           2
     $ne_4                           1
     $not_1                          7
     $or_1                          16
     $pmux_1                         1
     $pmux_2                         1
     $pmux_3                         1
     $pmux_4                         1
     $reduce_and_2                   1
     $reduce_and_4                   1
     $reduce_and_5                   1
     $reduce_bool_2                  2
     $reduce_bool_4                  1
     $reduce_xor_8                   1
     $sub_4                          1
     counter$croc_chip.i_croc_soc.i_croc.i_uart.i_uart_rx.i_counter      1
     fifo_v3$croc_chip.i_croc_soc.i_croc.i_uart.i_uart_rx.i_fifo_v3      1
     sync$croc_chip.i_croc_soc.i_croc.i_uart.i_uart_rx.i_sync      1

=== obi_uart_tx$croc_chip.i_croc_soc.i_croc.i_uart.i_uart_tx ===

   Number of wires:                 95
   Number of wire bits:            263
   Number of public wires:          28
   Number of public wire bits:     143
   Number of ports:                  7
   Number of port bits:             81
   Number of memories:               0
   Number of memory bits:            0
   Number of processes:              0
   Number of cells:                 88
     $add_3                          1
     $adff_1                         1
     $adffe_1                        1
     $adffe_3                        2
     $adffe_8                        1
     $and_1                         10
     $and_5                          1
     $bmux_1_3                       1
     $eq_2                           6
     $eq_3                           6
     $le_3                           5
     $logic_not_2                    1
     $logic_not_3                    1
     $mux_1                          6
     $mux_2                          8
     $mux_3                          2
     $mux_4                          1
     $mux_5                          1
     $mux_8                          5
     $ne_2                           3
     $ne_3                           5
     $not_1                          5
     $or_1                           4
     $pmux_1                         2
     $pmux_2                         1
     $pmux_3                         1
     $reduce_and_2                   1
     $reduce_and_7                   1
     $reduce_bool_2                  1
     $reduce_bool_4                  1
     $reduce_or_3                    1
     $reduce_xor_8                   1
     fifo_v3$croc_chip.i_croc_soc.i_croc.i_uart.i_uart_tx.i_fifo_v3      1

=== obi_xbar$croc_chip.i_croc_soc.i_croc.i_main_xbar ===

   Number of wires:                 13
   Number of wire bits:           5793
   Number of public wires:          13
   Number of public wire bits:    5793
   Number of ports:                 10
   Number of port bits:           1851
   Number of memories:               0
   Number of memory bits:            0
   Number of processes:              0
   Number of cells:                 18
     addr_decode$croc_chip.i_croc_soc.i_croc.i_main_xbar.gen_demux[0].i_addr_decode      1
     addr_decode$croc_chip.i_croc_soc.i_croc.i_main_xbar.gen_demux[1].i_addr_decode      1
     addr_decode$croc_chip.i_croc_soc.i_croc.i_main_xbar.gen_demux[2].i_addr_decode      1
     addr_decode$croc_chip.i_croc_soc.i_croc.i_main_xbar.gen_demux[3].i_addr_decode      1
     addr_decode$croc_chip.i_croc_soc.i_croc.i_main_xbar.gen_demux[4].i_addr_decode      1
     addr_decode$croc_chip.i_croc_soc.i_croc.i_main_xbar.gen_demux[5].i_addr_decode      1
     obi_demux$croc_chip.i_croc_soc.i_croc.i_main_xbar.gen_demux[0].i_demux      1
     obi_demux$croc_chip.i_croc_soc.i_croc.i_main_xbar.gen_demux[1].i_demux      1
     obi_demux$croc_chip.i_croc_soc.i_croc.i_main_xbar.gen_demux[2].i_demux      1
     obi_demux$croc_chip.i_croc_soc.i_croc.i_main_xbar.gen_demux[3].i_demux      1
     obi_demux$croc_chip.i_croc_soc.i_croc.i_main_xbar.gen_demux[4].i_demux      1
     obi_demux$croc_chip.i_croc_soc.i_croc.i_main_xbar.gen_demux[5].i_demux      1
     obi_mux$croc_chip.i_croc_soc.i_croc.i_main_xbar.gen_mux[0].i_mux      1
     obi_mux$croc_chip.i_croc_soc.i_croc.i_main_xbar.gen_mux[1].i_mux      1
     obi_mux$croc_chip.i_croc_soc.i_croc.i_main_xbar.gen_mux[2].i_mux      1
     obi_mux$croc_chip.i_croc_soc.i_croc.i_main_xbar.gen_mux[3].i_mux      1
     obi_mux$croc_chip.i_croc_soc.i_croc.i_main_xbar.gen_mux[4].i_mux      1
     obi_mux$croc_chip.i_croc_soc.i_croc.i_main_xbar.gen_mux[5].i_mux      1

=== periph_to_reg$croc_chip.i_croc_soc.i_croc.i_soc_ctrl_translate ===

   Number of wires:                 15
   Number of wire bits:            219
   Number of public wires:          15
   Number of public wire bits:     219
   Number of ports:                 15
   Number of port bits:            219
   Number of memories:               0
   Number of memory bits:            0
   Number of processes:              0
   Number of cells:                  6
     $adff_1                         2
     $adff_32                        1
     $adff_4                         1
     $and_1                          1
     $not_1                          1

=== prim_subreg$croc_chip.i_croc_soc.i_croc.i_soc_ctrl.u_bootaddr ===

   Number of wires:                 11
   Number of wire bits:            166
   Number of public wires:          11
   Number of public wire bits:     166
   Number of ports:                  9
   Number of port bits:            133
   Number of memories:               0
   Number of memory bits:            0
   Number of processes:              0
   Number of cells:                  3
     $adff_1                         1
     $adffe_32                       1
     prim_subreg_arb$croc_chip.i_croc_soc.i_croc.i_soc_ctrl.u_bootaddr.wr_en_data_arb      1

=== prim_subreg$croc_chip.i_croc_soc.i_croc.i_soc_ctrl.u_bootmode ===

   Number of wires:                 11
   Number of wire bits:             11
   Number of public wires:          11
   Number of public wire bits:      11
   Number of ports:                  9
   Number of port bits:              9
   Number of memories:               0
   Number of memory bits:            0
   Number of processes:              0
   Number of cells:                  3
     $adff_1                         1
     $adffe_1                        1
     prim_subreg_arb$croc_chip.i_croc_soc.i_croc.i_soc_ctrl.u_bootmode.wr_en_data_arb      1

=== prim_subreg$croc_chip.i_croc_soc.i_croc.i_soc_ctrl.u_corestatus ===

   Number of wires:                 11
   Number of wire bits:            166
   Number of public wires:          11
   Number of public wire bits:     166
   Number of ports:                  9
   Number of port bits:            133
   Number of memories:               0
   Number of memory bits:            0
   Number of processes:              0
   Number of cells:                  3
     $adff_1                         1
     $adffe_32                       1
     prim_subreg_arb$croc_chip.i_croc_soc.i_croc.i_soc_ctrl.u_corestatus.wr_en_data_arb      1

=== prim_subreg$croc_chip.i_croc_soc.i_croc.i_soc_ctrl.u_fetchen ===

   Number of wires:                 11
   Number of wire bits:             11
   Number of public wires:          11
   Number of public wire bits:      11
   Number of ports:                  9
   Number of port bits:              9
   Number of memories:               0
   Number of memory bits:            0
   Number of processes:              0
   Number of cells:                  3
     $adff_1                         1
     $adffe_1                        1
     prim_subreg_arb$croc_chip.i_croc_soc.i_croc.i_soc_ctrl.u_fetchen.wr_en_data_arb      1

=== prim_subreg$croc_chip.i_croc_soc.i_croc.i_soc_ctrl.u_sram_dly ===

   Number of wires:                 11
   Number of wire bits:             11
   Number of public wires:          11
   Number of public wire bits:      11
   Number of ports:                  9
   Number of port bits:              9
   Number of memories:               0
   Number of memory bits:            0
   Number of processes:              0
   Number of cells:                  3
     $adff_1                         1
     $adffe_1                        1
     prim_subreg_arb$croc_chip.i_croc_soc.i_croc.i_soc_ctrl.u_sram_dly.wr_en_data_arb      1

=== prim_subreg_arb$croc_chip.i_croc_soc.i_croc.i_soc_ctrl.u_bootaddr.wr_en_data_arb ===

   Number of wires:                  7
   Number of wire bits:            131
   Number of public wires:           7
   Number of public wire bits:     131
   Number of ports:                  7
   Number of port bits:            131
   Number of memories:               0
   Number of memory bits:            0
   Number of processes:              0
   Number of cells:                  2
     $mux_32                         1
     $or_1                           1

=== prim_subreg_arb$croc_chip.i_croc_soc.i_croc.i_soc_ctrl.u_bootmode.wr_en_data_arb ===

   Number of wires:                  7
   Number of wire bits:              7
   Number of public wires:           7
   Number of public wire bits:       7
   Number of ports:                  7
   Number of port bits:              7
   Number of memories:               0
   Number of memory bits:            0
   Number of processes:              0
   Number of cells:                  2
     $mux_1                          1
     $or_1                           1

=== prim_subreg_arb$croc_chip.i_croc_soc.i_croc.i_soc_ctrl.u_corestatus.wr_en_data_arb ===

   Number of wires:                  7
   Number of wire bits:            131
   Number of public wires:           7
   Number of public wire bits:     131
   Number of ports:                  7
   Number of port bits:            131
   Number of memories:               0
   Number of memory bits:            0
   Number of processes:              0
   Number of cells:                  2
     $mux_32                         1
     $or_1                           1

=== prim_subreg_arb$croc_chip.i_croc_soc.i_croc.i_soc_ctrl.u_fetchen.wr_en_data_arb ===

   Number of wires:                  7
   Number of wire bits:              7
   Number of public wires:           7
   Number of public wire bits:       7
   Number of ports:                  7
   Number of port bits:              7
   Number of memories:               0
   Number of memory bits:            0
   Number of processes:              0
   Number of cells:                  2
     $mux_1                          1
     $or_1                           1

=== prim_subreg_arb$croc_chip.i_croc_soc.i_croc.i_soc_ctrl.u_sram_dly.wr_en_data_arb ===

   Number of wires:                  7
   Number of wire bits:              7
   Number of public wires:           7
   Number of public wire bits:       7
   Number of ports:                  7
   Number of port bits:              7
   Number of memories:               0
   Number of memory bits:            0
   Number of processes:              0
   Number of cells:                  2
     $mux_1                          1
     $or_1                           1

=== rr_arb_tree$croc_chip.i_croc_soc.i_croc.i_main_xbar.gen_mux[0].i_mux.i_rr_arb ===

   Number of wires:                 60
   Number of wire bits:           1048
   Number of public wires:          31
   Number of public wire bits:    1012
   Number of ports:                 11
   Number of port bits:            520
   Number of memories:               0
   Number of memory bits:            0
   Number of processes:              0
   Number of cells:                 77
     $adff_1                         1
     $adff_6                         1
     $adffe_3                        1
     $and_1                         26
     $gt_3                           2
     $le_3                           2
     $logic_and_1                    1
     $logic_not_2                    1
     $logic_not_3                    1
     $mux_1                          2
     $mux_2                          2
     $mux_3                          3
     $mux_6                          2
     $mux_71                         6
     $not_1                         11
     $or_1                          10
     $reduce_bool_2                  1
     $reduce_or_2                    1
     $reduce_or_3                    1
     lzc$croc_chip.i_croc_soc.i_croc.i_main_xbar.gen_mux[0].i_mux.i_rr_arb.gen_arbiter.gen_int_rr.gen_fair_arb.i_lzc_lower      1
     lzc$croc_chip.i_croc_soc.i_croc.i_main_xbar.gen_mux[0].i_mux.i_rr_arb.gen_arbiter.gen_int_rr.gen_fair_arb.i_lzc_upper      1

=== rr_arb_tree$croc_chip.i_croc_soc.i_croc.i_main_xbar.gen_mux[1].i_mux.i_rr_arb ===

   Number of wires:                 60
   Number of wire bits:           1048
   Number of public wires:          31
   Number of public wire bits:    1012
   Number of ports:                 11
   Number of port bits:            520
   Number of memories:               0
   Number of memory bits:            0
   Number of processes:              0
   Number of cells:                 77
     $adff_1                         1
     $adff_6                         1
     $adffe_3                        1
     $and_1                         26
     $gt_3                           2
     $le_3                           2
     $logic_and_1                    1
     $logic_not_2                    1
     $logic_not_3                    1
     $mux_1                          2
     $mux_2                          2
     $mux_3                          3
     $mux_6                          2
     $mux_71                         6
     $not_1                         11
     $or_1                          10
     $reduce_bool_2                  1
     $reduce_or_2                    1
     $reduce_or_3                    1
     lzc$croc_chip.i_croc_soc.i_croc.i_main_xbar.gen_mux[1].i_mux.i_rr_arb.gen_arbiter.gen_int_rr.gen_fair_arb.i_lzc_lower      1
     lzc$croc_chip.i_croc_soc.i_croc.i_main_xbar.gen_mux[1].i_mux.i_rr_arb.gen_arbiter.gen_int_rr.gen_fair_arb.i_lzc_upper      1

=== rr_arb_tree$croc_chip.i_croc_soc.i_croc.i_main_xbar.gen_mux[2].i_mux.i_rr_arb ===

   Number of wires:                 60
   Number of wire bits:           1048
   Number of public wires:          31
   Number of public wire bits:    1012
   Number of ports:                 11
   Number of port bits:            520
   Number of memories:               0
   Number of memory bits:            0
   Number of processes:              0
   Number of cells:                 77
     $adff_1                         1
     $adff_6                         1
     $adffe_3                        1
     $and_1                         26
     $gt_3                           2
     $le_3                           2
     $logic_and_1                    1
     $logic_not_2                    1
     $logic_not_3                    1
     $mux_1                          2
     $mux_2                          2
     $mux_3                          3
     $mux_6                          2
     $mux_71                         6
     $not_1                         11
     $or_1                          10
     $reduce_bool_2                  1
     $reduce_or_2                    1
     $reduce_or_3                    1
     lzc$croc_chip.i_croc_soc.i_croc.i_main_xbar.gen_mux[2].i_mux.i_rr_arb.gen_arbiter.gen_int_rr.gen_fair_arb.i_lzc_lower      1
     lzc$croc_chip.i_croc_soc.i_croc.i_main_xbar.gen_mux[2].i_mux.i_rr_arb.gen_arbiter.gen_int_rr.gen_fair_arb.i_lzc_upper      1

=== rr_arb_tree$croc_chip.i_croc_soc.i_croc.i_main_xbar.gen_mux[3].i_mux.i_rr_arb ===

   Number of wires:                 60
   Number of wire bits:           1048
   Number of public wires:          31
   Number of public wire bits:    1012
   Number of ports:                 11
   Number of port bits:            520
   Number of memories:               0
   Number of memory bits:            0
   Number of processes:              0
   Number of cells:                 77
     $adff_1                         1
     $adff_6                         1
     $adffe_3                        1
     $and_1                         26
     $gt_3                           2
     $le_3                           2
     $logic_and_1                    1
     $logic_not_2                    1
     $logic_not_3                    1
     $mux_1                          2
     $mux_2                          2
     $mux_3                          3
     $mux_6                          2
     $mux_71                         6
     $not_1                         11
     $or_1                          10
     $reduce_bool_2                  1
     $reduce_or_2                    1
     $reduce_or_3                    1
     lzc$croc_chip.i_croc_soc.i_croc.i_main_xbar.gen_mux[3].i_mux.i_rr_arb.gen_arbiter.gen_int_rr.gen_fair_arb.i_lzc_lower      1
     lzc$croc_chip.i_croc_soc.i_croc.i_main_xbar.gen_mux[3].i_mux.i_rr_arb.gen_arbiter.gen_int_rr.gen_fair_arb.i_lzc_upper      1

=== rr_arb_tree$croc_chip.i_croc_soc.i_croc.i_main_xbar.gen_mux[4].i_mux.i_rr_arb ===

   Number of wires:                 60
   Number of wire bits:           1048
   Number of public wires:          31
   Number of public wire bits:    1012
   Number of ports:                 11
   Number of port bits:            520
   Number of memories:               0
   Number of memory bits:            0
   Number of processes:              0
   Number of cells:                 77
     $adff_1                         1
     $adff_6                         1
     $adffe_3                        1
     $and_1                         26
     $gt_3                           2
     $le_3                           2
     $logic_and_1                    1
     $logic_not_2                    1
     $logic_not_3                    1
     $mux_1                          2
     $mux_2                          2
     $mux_3                          3
     $mux_6                          2
     $mux_71                         6
     $not_1                         11
     $or_1                          10
     $reduce_bool_2                  1
     $reduce_or_2                    1
     $reduce_or_3                    1
     lzc$croc_chip.i_croc_soc.i_croc.i_main_xbar.gen_mux[4].i_mux.i_rr_arb.gen_arbiter.gen_int_rr.gen_fair_arb.i_lzc_lower      1
     lzc$croc_chip.i_croc_soc.i_croc.i_main_xbar.gen_mux[4].i_mux.i_rr_arb.gen_arbiter.gen_int_rr.gen_fair_arb.i_lzc_upper      1

=== rr_arb_tree$croc_chip.i_croc_soc.i_croc.i_main_xbar.gen_mux[5].i_mux.i_rr_arb ===

   Number of wires:                 60
   Number of wire bits:           1048
   Number of public wires:          31
   Number of public wire bits:    1012
   Number of ports:                 11
   Number of port bits:            520
   Number of memories:               0
   Number of memory bits:            0
   Number of processes:              0
   Number of cells:                 77
     $adff_1                         1
     $adff_6                         1
     $adffe_3                        1
     $and_1                         26
     $gt_3                           2
     $le_3                           2
     $logic_and_1                    1
     $logic_not_2                    1
     $logic_not_3                    1
     $mux_1                          2
     $mux_2                          2
     $mux_3                          3
     $mux_6                          2
     $mux_71                         6
     $not_1                         11
     $or_1                          10
     $reduce_bool_2                  1
     $reduce_or_2                    1
     $reduce_or_3                    1
     lzc$croc_chip.i_croc_soc.i_croc.i_main_xbar.gen_mux[5].i_mux.i_rr_arb.gen_arbiter.gen_int_rr.gen_fair_arb.i_lzc_lower      1
     lzc$croc_chip.i_croc_soc.i_croc.i_main_xbar.gen_mux[5].i_mux.i_rr_arb.gen_arbiter.gen_int_rr.gen_fair_arb.i_lzc_upper      1

=== rstgen$croc_chip.i_croc_soc.i_rstgen ===

   Number of wires:                  5
   Number of wire bits:              5
   Number of public wires:           5
   Number of public wire bits:       5
   Number of ports:                  5
   Number of port bits:              5
   Number of memories:               0
   Number of memory bits:            0
   Number of processes:              0
   Number of cells:                  1
     rstgen_bypass$croc_chip.i_croc_soc.i_rstgen.i_rstgen_bypass      1

=== rstgen_bypass$croc_chip.i_croc_soc.i_rstgen.i_rstgen_bypass ===

   Number of wires:                  8
   Number of wire bits:             11
   Number of public wires:           8
   Number of public wire bits:      11
   Number of ports:                  6
   Number of port bits:              6
   Number of memories:               0
   Number of memory bits:            0
   Number of processes:              0
   Number of cells:                  4
     $adff_4                         1
     tc_clk_mux2$croc_chip.i_croc_soc.i_rstgen.i_rstgen_bypass.i_tc_clk_mux2_init_no      1
     tc_clk_mux2$croc_chip.i_croc_soc.i_rstgen.i_rstgen_bypass.i_tc_clk_mux2_rst_n      1
     tc_clk_mux2$croc_chip.i_croc_soc.i_rstgen.i_rstgen_bypass.i_tc_clk_mux2_rst_no      1

=== soc_ctrl_reg_top$croc_chip.i_croc_soc.i_croc.i_soc_ctrl ===

   Number of wires:                 46
   Number of wire bits:            286
   Number of public wires:          23
   Number of public wire bits:     260
   Number of ports:                  7
   Number of port bits:            178
   Number of memories:               0
   Number of memory bits:            0
   Number of processes:              0
   Number of cells:                 45
     $and_1                         20
     $eq_5                           4
     $logic_not_1                    2
     $logic_not_5                    1
     $logic_or_1                     1
     $not_1                          1
     $not_4                          1
     $or_1                           5
     $pmux_1                         1
     $pmux_31                        1
     $reduce_or_3                    1
     $reduce_or_4                    1
     $reduce_or_5                    1
     prim_subreg$croc_chip.i_croc_soc.i_croc.i_soc_ctrl.u_bootaddr      1
     prim_subreg$croc_chip.i_croc_soc.i_croc.i_soc_ctrl.u_bootmode      1
     prim_subreg$croc_chip.i_croc_soc.i_croc.i_soc_ctrl.u_corestatus      1
     prim_subreg$croc_chip.i_croc_soc.i_croc.i_soc_ctrl.u_fetchen      1
     prim_subreg$croc_chip.i_croc_soc.i_croc.i_soc_ctrl.u_sram_dly      1

=== spi$croc_chip.i_croc_soc.i_croc.i_spi ===

   Number of wires:                 82
   Number of wire bits:            419
   Number of public wires:          37
   Number of public wire bits:     326
   Number of ports:                  8
   Number of port bits:            121
   Number of memories:               0
   Number of memory bits:            0
   Number of processes:              0
   Number of cells:                 72
     $add_4                          1
     $add_8                          1
     $add_9                          1
     $adff_1                         1
     $adffe_2                        1
     $adffe_4                        1
     $adffe_5                        1
     $adffe_8                        6
     $aldff_1                        1
     $and_1                          1
     $eq_1                           1
     $eq_2                           3
     $eq_4                           1
     $eq_8                           1
     $eq_9                           1
     $ge_8                           1
     $logic_and_1                    4
     $logic_not_1                    1
     $logic_not_2                    1
     $logic_or_1                     2
     $mux_1                          2
     $mux_4                          1
     $mux_8                          8
     $ne_2                           4
     $ne_3                           4
     $ne_4                           1
     $not_1                          4
     $pmux_1                         1
     $pmux_2                         1
     $reduce_and_2                   2
     $reduce_and_3                   2
     $reduce_and_4                   1
     $reduce_bool_2                  3
     $reduce_bool_3                  1
     $reduce_bool_4                  1
     $reduce_or_2                    1
     $xor_1                          1
     spi_fifo_buffer$croc_chip.i_croc_soc.i_croc.i_spi.i_spi_rx_fifo      1
     spi_fifo_buffer$croc_chip.i_croc_soc.i_croc.i_spi.i_spi_tx_fifo      1
     spi_reg_top$croc_chip.i_croc_soc.i_croc.i_spi.i_reg_file      1

=== spi_fifo_buffer$croc_chip.i_croc_soc.i_croc.i_spi.i_spi_rx_fifo ===

   Number of wires:                 98
   Number of wire bits:            374
   Number of public wires:          30
   Number of public wire bits:     170
   Number of ports:                 10
   Number of port bits:             24
   Number of memories:               0
   Number of memory bits:            0
   Number of processes:              0
   Number of cells:                 93
     $add_4                          2
     $adffe_4                        2
     $adffe_5                        1
     $and_1                         40
     $dffe_8                        16
     $eq_2                           2
     $eq_5                           3
     $logic_and_1                    2
     $logic_not_1                    2
     $logic_not_5                    1
     $mux_8                         15
     $not_1                          5
     $reduce_bool_2                  1
     $sub_5                          1

=== spi_fifo_buffer$croc_chip.i_croc_soc.i_croc.i_spi.i_spi_tx_fifo ===

   Number of wires:                 98
   Number of wire bits:            374
   Number of public wires:          30
   Number of public wire bits:     170
   Number of ports:                 10
   Number of port bits:             24
   Number of memories:               0
   Number of memory bits:            0
   Number of processes:              0
   Number of cells:                 93
     $add_4                          2
     $adffe_4                        2
     $adffe_5                        1
     $and_1                         40
     $dffe_8                        16
     $eq_2                           2
     $eq_5                           3
     $logic_and_1                    2
     $logic_not_1                    2
     $logic_not_5                    1
     $mux_8                         15
     $not_1                          5
     $reduce_bool_2                  1
     $sub_5                          1

=== spi_reg_top$croc_chip.i_croc_soc.i_croc.i_spi.i_reg_file ===

   Number of wires:                 79
   Number of wire bits:            859
   Number of public wires:          25
   Number of public wire bits:     377
   Number of ports:                  8
   Number of port bits:            199
   Number of memories:               0
   Number of memory bits:            0
   Number of processes:              0
   Number of cells:                 83
     $adff_1                         8
     $adff_10                        1
     $adff_8                         4
     $adffe_8                        6
     $and_1                          5
     $and_8                          7
     $eq_10                         16
     $logic_and_1                    4
     $logic_not_1                    1
     $logic_not_10                   2
     $mux_1                          2
     $mux_40                         1
     $mux_8                          5
     $mux_9                          1
     $not_1                          5
     $or_8                           6
     $pmux_9                         1
     $reduce_and_2                   6
     $reduce_or_10                   1
     $reduce_or_7                    1

=== sync$croc_chip.i_croc_soc.i_croc.i_dmi_jtag.i_dmi_cdc.i_cdc_req.i_cdc_reset_ctrlr.i_cdc_reset_ctrlr_half_a.i_state_transition_cdc_dst.i_sync ===

   Number of wires:                  5
   Number of wire bits:              6
   Number of public wires:           5
   Number of public wire bits:       6
   Number of ports:                  4
   Number of port bits:              4
   Number of memories:               0
   Number of memory bits:            0
   Number of processes:              0
   Number of cells:                  1
     $adff_2                         1

=== sync$croc_chip.i_croc_soc.i_croc.i_dmi_jtag.i_dmi_cdc.i_cdc_req.i_cdc_reset_ctrlr.i_cdc_reset_ctrlr_half_a.i_state_transition_cdc_src.i_sync ===

   Number of wires:                  5
   Number of wire bits:              6
   Number of public wires:           5
   Number of public wire bits:       6
   Number of ports:                  4
   Number of port bits:              4
   Number of memories:               0
   Number of memory bits:            0
   Number of processes:              0
   Number of cells:                  1
     $adff_2                         1

=== sync$croc_chip.i_croc_soc.i_croc.i_dmi_jtag.i_dmi_cdc.i_cdc_req.i_cdc_reset_ctrlr.i_cdc_reset_ctrlr_half_b.i_state_transition_cdc_dst.i_sync ===

   Number of wires:                  5
   Number of wire bits:              6
   Number of public wires:           5
   Number of public wire bits:       6
   Number of ports:                  4
   Number of port bits:              4
   Number of memories:               0
   Number of memory bits:            0
   Number of processes:              0
   Number of cells:                  1
     $adff_2                         1

=== sync$croc_chip.i_croc_soc.i_croc.i_dmi_jtag.i_dmi_cdc.i_cdc_req.i_cdc_reset_ctrlr.i_cdc_reset_ctrlr_half_b.i_state_transition_cdc_src.i_sync ===

   Number of wires:                  5
   Number of wire bits:              6
   Number of public wires:           5
   Number of public wire bits:       6
   Number of ports:                  4
   Number of port bits:              4
   Number of memories:               0
   Number of memory bits:            0
   Number of processes:              0
   Number of cells:                  1
     $adff_2                         1

=== sync$croc_chip.i_croc_soc.i_croc.i_dmi_jtag.i_dmi_cdc.i_cdc_req.i_dst.i_sync ===

   Number of wires:                  5
   Number of wire bits:              7
   Number of public wires:           5
   Number of public wire bits:       7
   Number of ports:                  4
   Number of port bits:              4
   Number of memories:               0
   Number of memory bits:            0
   Number of processes:              0
   Number of cells:                  1
     $adff_3                         1

=== sync$croc_chip.i_croc_soc.i_croc.i_dmi_jtag.i_dmi_cdc.i_cdc_req.i_src.i_sync ===

   Number of wires:                  5
   Number of wire bits:              7
   Number of public wires:           5
   Number of public wire bits:       7
   Number of ports:                  4
   Number of port bits:              4
   Number of memories:               0
   Number of memory bits:            0
   Number of processes:              0
   Number of cells:                  1
     $adff_3                         1

=== sync$croc_chip.i_croc_soc.i_croc.i_dmi_jtag.i_dmi_cdc.i_cdc_resp.i_cdc_reset_ctrlr.i_cdc_reset_ctrlr_half_a.i_state_transition_cdc_dst.i_sync ===

   Number of wires:                  5
   Number of wire bits:              6
   Number of public wires:           5
   Number of public wire bits:       6
   Number of ports:                  4
   Number of port bits:              4
   Number of memories:               0
   Number of memory bits:            0
   Number of processes:              0
   Number of cells:                  1
     $adff_2                         1

=== sync$croc_chip.i_croc_soc.i_croc.i_dmi_jtag.i_dmi_cdc.i_cdc_resp.i_cdc_reset_ctrlr.i_cdc_reset_ctrlr_half_a.i_state_transition_cdc_src.i_sync ===

   Number of wires:                  5
   Number of wire bits:              6
   Number of public wires:           5
   Number of public wire bits:       6
   Number of ports:                  4
   Number of port bits:              4
   Number of memories:               0
   Number of memory bits:            0
   Number of processes:              0
   Number of cells:                  1
     $adff_2                         1

=== sync$croc_chip.i_croc_soc.i_croc.i_dmi_jtag.i_dmi_cdc.i_cdc_resp.i_cdc_reset_ctrlr.i_cdc_reset_ctrlr_half_b.i_state_transition_cdc_dst.i_sync ===

   Number of wires:                  5
   Number of wire bits:              6
   Number of public wires:           5
   Number of public wire bits:       6
   Number of ports:                  4
   Number of port bits:              4
   Number of memories:               0
   Number of memory bits:            0
   Number of processes:              0
   Number of cells:                  1
     $adff_2                         1

=== sync$croc_chip.i_croc_soc.i_croc.i_dmi_jtag.i_dmi_cdc.i_cdc_resp.i_cdc_reset_ctrlr.i_cdc_reset_ctrlr_half_b.i_state_transition_cdc_src.i_sync ===

   Number of wires:                  5
   Number of wire bits:              6
   Number of public wires:           5
   Number of public wire bits:       6
   Number of ports:                  4
   Number of port bits:              4
   Number of memories:               0
   Number of memory bits:            0
   Number of processes:              0
   Number of cells:                  1
     $adff_2                         1

=== sync$croc_chip.i_croc_soc.i_croc.i_dmi_jtag.i_dmi_cdc.i_cdc_resp.i_dst.i_sync ===

   Number of wires:                  5
   Number of wire bits:              7
   Number of public wires:           5
   Number of public wire bits:       7
   Number of ports:                  4
   Number of port bits:              4
   Number of memories:               0
   Number of memory bits:            0
   Number of processes:              0
   Number of cells:                  1
     $adff_3                         1

=== sync$croc_chip.i_croc_soc.i_croc.i_dmi_jtag.i_dmi_cdc.i_cdc_resp.i_src.i_sync ===

   Number of wires:                  5
   Number of wire bits:              7
   Number of public wires:           5
   Number of public wire bits:       7
   Number of ports:                  4
   Number of port bits:              4
   Number of memories:               0
   Number of memory bits:            0
   Number of processes:              0
   Number of cells:                  1
     $adff_3                         1

=== sync$croc_chip.i_croc_soc.i_croc.i_gpio.gen_gpios[0].i_sync ===

   Number of wires:                  5
   Number of wire bits:              6
   Number of public wires:           5
   Number of public wire bits:       6
   Number of ports:                  4
   Number of port bits:              4
   Number of memories:               0
   Number of memory bits:            0
   Number of processes:              0
   Number of cells:                  1
     $adff_2                         1

=== sync$croc_chip.i_croc_soc.i_croc.i_gpio.gen_gpios[10].i_sync ===

   Number of wires:                  5
   Number of wire bits:              6
   Number of public wires:           5
   Number of public wire bits:       6
   Number of ports:                  4
   Number of port bits:              4
   Number of memories:               0
   Number of memory bits:            0
   Number of processes:              0
   Number of cells:                  1
     $adff_2                         1

=== sync$croc_chip.i_croc_soc.i_croc.i_gpio.gen_gpios[11].i_sync ===

   Number of wires:                  5
   Number of wire bits:              6
   Number of public wires:           5
   Number of public wire bits:       6
   Number of ports:                  4
   Number of port bits:              4
   Number of memories:               0
   Number of memory bits:            0
   Number of processes:              0
   Number of cells:                  1
     $adff_2                         1

=== sync$croc_chip.i_croc_soc.i_croc.i_gpio.gen_gpios[12].i_sync ===

   Number of wires:                  5
   Number of wire bits:              6
   Number of public wires:           5
   Number of public wire bits:       6
   Number of ports:                  4
   Number of port bits:              4
   Number of memories:               0
   Number of memory bits:            0
   Number of processes:              0
   Number of cells:                  1
     $adff_2                         1

=== sync$croc_chip.i_croc_soc.i_croc.i_gpio.gen_gpios[13].i_sync ===

   Number of wires:                  5
   Number of wire bits:              6
   Number of public wires:           5
   Number of public wire bits:       6
   Number of ports:                  4
   Number of port bits:              4
   Number of memories:               0
   Number of memory bits:            0
   Number of processes:              0
   Number of cells:                  1
     $adff_2                         1

=== sync$croc_chip.i_croc_soc.i_croc.i_gpio.gen_gpios[14].i_sync ===

   Number of wires:                  5
   Number of wire bits:              6
   Number of public wires:           5
   Number of public wire bits:       6
   Number of ports:                  4
   Number of port bits:              4
   Number of memories:               0
   Number of memory bits:            0
   Number of processes:              0
   Number of cells:                  1
     $adff_2                         1

=== sync$croc_chip.i_croc_soc.i_croc.i_gpio.gen_gpios[15].i_sync ===

   Number of wires:                  5
   Number of wire bits:              6
   Number of public wires:           5
   Number of public wire bits:       6
   Number of ports:                  4
   Number of port bits:              4
   Number of memories:               0
   Number of memory bits:            0
   Number of processes:              0
   Number of cells:                  1
     $adff_2                         1

=== sync$croc_chip.i_croc_soc.i_croc.i_gpio.gen_gpios[16].i_sync ===

   Number of wires:                  5
   Number of wire bits:              6
   Number of public wires:           5
   Number of public wire bits:       6
   Number of ports:                  4
   Number of port bits:              4
   Number of memories:               0
   Number of memory bits:            0
   Number of processes:              0
   Number of cells:                  1
     $adff_2                         1

=== sync$croc_chip.i_croc_soc.i_croc.i_gpio.gen_gpios[17].i_sync ===

   Number of wires:                  5
   Number of wire bits:              6
   Number of public wires:           5
   Number of public wire bits:       6
   Number of ports:                  4
   Number of port bits:              4
   Number of memories:               0
   Number of memory bits:            0
   Number of processes:              0
   Number of cells:                  1
     $adff_2                         1

=== sync$croc_chip.i_croc_soc.i_croc.i_gpio.gen_gpios[18].i_sync ===

   Number of wires:                  5
   Number of wire bits:              6
   Number of public wires:           5
   Number of public wire bits:       6
   Number of ports:                  4
   Number of port bits:              4
   Number of memories:               0
   Number of memory bits:            0
   Number of processes:              0
   Number of cells:                  1
     $adff_2                         1

=== sync$croc_chip.i_croc_soc.i_croc.i_gpio.gen_gpios[19].i_sync ===

   Number of wires:                  5
   Number of wire bits:              6
   Number of public wires:           5
   Number of public wire bits:       6
   Number of ports:                  4
   Number of port bits:              4
   Number of memories:               0
   Number of memory bits:            0
   Number of processes:              0
   Number of cells:                  1
     $adff_2                         1

=== sync$croc_chip.i_croc_soc.i_croc.i_gpio.gen_gpios[1].i_sync ===

   Number of wires:                  5
   Number of wire bits:              6
   Number of public wires:           5
   Number of public wire bits:       6
   Number of ports:                  4
   Number of port bits:              4
   Number of memories:               0
   Number of memory bits:            0
   Number of processes:              0
   Number of cells:                  1
     $adff_2                         1

=== sync$croc_chip.i_croc_soc.i_croc.i_gpio.gen_gpios[20].i_sync ===

   Number of wires:                  5
   Number of wire bits:              6
   Number of public wires:           5
   Number of public wire bits:       6
   Number of ports:                  4
   Number of port bits:              4
   Number of memories:               0
   Number of memory bits:            0
   Number of processes:              0
   Number of cells:                  1
     $adff_2                         1

=== sync$croc_chip.i_croc_soc.i_croc.i_gpio.gen_gpios[21].i_sync ===

   Number of wires:                  5
   Number of wire bits:              6
   Number of public wires:           5
   Number of public wire bits:       6
   Number of ports:                  4
   Number of port bits:              4
   Number of memories:               0
   Number of memory bits:            0
   Number of processes:              0
   Number of cells:                  1
     $adff_2                         1

=== sync$croc_chip.i_croc_soc.i_croc.i_gpio.gen_gpios[22].i_sync ===

   Number of wires:                  5
   Number of wire bits:              6
   Number of public wires:           5
   Number of public wire bits:       6
   Number of ports:                  4
   Number of port bits:              4
   Number of memories:               0
   Number of memory bits:            0
   Number of processes:              0
   Number of cells:                  1
     $adff_2                         1

=== sync$croc_chip.i_croc_soc.i_croc.i_gpio.gen_gpios[23].i_sync ===

   Number of wires:                  5
   Number of wire bits:              6
   Number of public wires:           5
   Number of public wire bits:       6
   Number of ports:                  4
   Number of port bits:              4
   Number of memories:               0
   Number of memory bits:            0
   Number of processes:              0
   Number of cells:                  1
     $adff_2                         1

=== sync$croc_chip.i_croc_soc.i_croc.i_gpio.gen_gpios[24].i_sync ===

   Number of wires:                  5
   Number of wire bits:              6
   Number of public wires:           5
   Number of public wire bits:       6
   Number of ports:                  4
   Number of port bits:              4
   Number of memories:               0
   Number of memory bits:            0
   Number of processes:              0
   Number of cells:                  1
     $adff_2                         1

=== sync$croc_chip.i_croc_soc.i_croc.i_gpio.gen_gpios[25].i_sync ===

   Number of wires:                  5
   Number of wire bits:              6
   Number of public wires:           5
   Number of public wire bits:       6
   Number of ports:                  4
   Number of port bits:              4
   Number of memories:               0
   Number of memory bits:            0
   Number of processes:              0
   Number of cells:                  1
     $adff_2                         1

=== sync$croc_chip.i_croc_soc.i_croc.i_gpio.gen_gpios[26].i_sync ===

   Number of wires:                  5
   Number of wire bits:              6
   Number of public wires:           5
   Number of public wire bits:       6
   Number of ports:                  4
   Number of port bits:              4
   Number of memories:               0
   Number of memory bits:            0
   Number of processes:              0
   Number of cells:                  1
     $adff_2                         1

=== sync$croc_chip.i_croc_soc.i_croc.i_gpio.gen_gpios[27].i_sync ===

   Number of wires:                  5
   Number of wire bits:              6
   Number of public wires:           5
   Number of public wire bits:       6
   Number of ports:                  4
   Number of port bits:              4
   Number of memories:               0
   Number of memory bits:            0
   Number of processes:              0
   Number of cells:                  1
     $adff_2                         1

=== sync$croc_chip.i_croc_soc.i_croc.i_gpio.gen_gpios[28].i_sync ===

   Number of wires:                  5
   Number of wire bits:              6
   Number of public wires:           5
   Number of public wire bits:       6
   Number of ports:                  4
   Number of port bits:              4
   Number of memories:               0
   Number of memory bits:            0
   Number of processes:              0
   Number of cells:                  1
     $adff_2                         1

=== sync$croc_chip.i_croc_soc.i_croc.i_gpio.gen_gpios[29].i_sync ===

   Number of wires:                  5
   Number of wire bits:              6
   Number of public wires:           5
   Number of public wire bits:       6
   Number of ports:                  4
   Number of port bits:              4
   Number of memories:               0
   Number of memory bits:            0
   Number of processes:              0
   Number of cells:                  1
     $adff_2                         1

=== sync$croc_chip.i_croc_soc.i_croc.i_gpio.gen_gpios[2].i_sync ===

   Number of wires:                  5
   Number of wire bits:              6
   Number of public wires:           5
   Number of public wire bits:       6
   Number of ports:                  4
   Number of port bits:              4
   Number of memories:               0
   Number of memory bits:            0
   Number of processes:              0
   Number of cells:                  1
     $adff_2                         1

=== sync$croc_chip.i_croc_soc.i_croc.i_gpio.gen_gpios[30].i_sync ===

   Number of wires:                  5
   Number of wire bits:              6
   Number of public wires:           5
   Number of public wire bits:       6
   Number of ports:                  4
   Number of port bits:              4
   Number of memories:               0
   Number of memory bits:            0
   Number of processes:              0
   Number of cells:                  1
     $adff_2                         1

=== sync$croc_chip.i_croc_soc.i_croc.i_gpio.gen_gpios[31].i_sync ===

   Number of wires:                  5
   Number of wire bits:              6
   Number of public wires:           5
   Number of public wire bits:       6
   Number of ports:                  4
   Number of port bits:              4
   Number of memories:               0
   Number of memory bits:            0
   Number of processes:              0
   Number of cells:                  1
     $adff_2                         1

=== sync$croc_chip.i_croc_soc.i_croc.i_gpio.gen_gpios[3].i_sync ===

   Number of wires:                  5
   Number of wire bits:              6
   Number of public wires:           5
   Number of public wire bits:       6
   Number of ports:                  4
   Number of port bits:              4
   Number of memories:               0
   Number of memory bits:            0
   Number of processes:              0
   Number of cells:                  1
     $adff_2                         1

=== sync$croc_chip.i_croc_soc.i_croc.i_gpio.gen_gpios[4].i_sync ===

   Number of wires:                  5
   Number of wire bits:              6
   Number of public wires:           5
   Number of public wire bits:       6
   Number of ports:                  4
   Number of port bits:              4
   Number of memories:               0
   Number of memory bits:            0
   Number of processes:              0
   Number of cells:                  1
     $adff_2                         1

=== sync$croc_chip.i_croc_soc.i_croc.i_gpio.gen_gpios[5].i_sync ===

   Number of wires:                  5
   Number of wire bits:              6
   Number of public wires:           5
   Number of public wire bits:       6
   Number of ports:                  4
   Number of port bits:              4
   Number of memories:               0
   Number of memory bits:            0
   Number of processes:              0
   Number of cells:                  1
     $adff_2                         1

=== sync$croc_chip.i_croc_soc.i_croc.i_gpio.gen_gpios[6].i_sync ===

   Number of wires:                  5
   Number of wire bits:              6
   Number of public wires:           5
   Number of public wire bits:       6
   Number of ports:                  4
   Number of port bits:              4
   Number of memories:               0
   Number of memory bits:            0
   Number of processes:              0
   Number of cells:                  1
     $adff_2                         1

=== sync$croc_chip.i_croc_soc.i_croc.i_gpio.gen_gpios[7].i_sync ===

   Number of wires:                  5
   Number of wire bits:              6
   Number of public wires:           5
   Number of public wire bits:       6
   Number of ports:                  4
   Number of port bits:              4
   Number of memories:               0
   Number of memory bits:            0
   Number of processes:              0
   Number of cells:                  1
     $adff_2                         1

=== sync$croc_chip.i_croc_soc.i_croc.i_gpio.gen_gpios[8].i_sync ===

   Number of wires:                  5
   Number of wire bits:              6
   Number of public wires:           5
   Number of public wire bits:       6
   Number of ports:                  4
   Number of port bits:              4
   Number of memories:               0
   Number of memory bits:            0
   Number of processes:              0
   Number of cells:                  1
     $adff_2                         1

=== sync$croc_chip.i_croc_soc.i_croc.i_gpio.gen_gpios[9].i_sync ===

   Number of wires:                  5
   Number of wire bits:              6
   Number of public wires:           5
   Number of public wire bits:       6
   Number of ports:                  4
   Number of port bits:              4
   Number of memories:               0
   Number of memory bits:            0
   Number of processes:              0
   Number of cells:                  1
     $adff_2                         1

=== sync$croc_chip.i_croc_soc.i_croc.i_uart.i_uart_modem.i_sync_cd ===

   Number of wires:                  5
   Number of wire bits:              6
   Number of public wires:           5
   Number of public wire bits:       6
   Number of ports:                  4
   Number of port bits:              4
   Number of memories:               0
   Number of memory bits:            0
   Number of processes:              0
   Number of cells:                  1
     $adff_2                         1

=== sync$croc_chip.i_croc_soc.i_croc.i_uart.i_uart_modem.i_sync_cts ===

   Number of wires:                  5
   Number of wire bits:              6
   Number of public wires:           5
   Number of public wire bits:       6
   Number of ports:                  4
   Number of port bits:              4
   Number of memories:               0
   Number of memory bits:            0
   Number of processes:              0
   Number of cells:                  1
     $adff_2                         1

=== sync$croc_chip.i_croc_soc.i_croc.i_uart.i_uart_modem.i_sync_dsr ===

   Number of wires:                  5
   Number of wire bits:              6
   Number of public wires:           5
   Number of public wire bits:       6
   Number of ports:                  4
   Number of port bits:              4
   Number of memories:               0
   Number of memory bits:            0
   Number of processes:              0
   Number of cells:                  1
     $adff_2                         1

=== sync$croc_chip.i_croc_soc.i_croc.i_uart.i_uart_modem.i_sync_ri ===

   Number of wires:                  5
   Number of wire bits:              6
   Number of public wires:           5
   Number of public wire bits:       6
   Number of ports:                  4
   Number of port bits:              4
   Number of memories:               0
   Number of memory bits:            0
   Number of processes:              0
   Number of cells:                  1
     $adff_2                         1

=== sync$croc_chip.i_croc_soc.i_croc.i_uart.i_uart_rx.i_sync ===

   Number of wires:                  5
   Number of wire bits:              6
   Number of public wires:           5
   Number of public wire bits:       6
   Number of ports:                  4
   Number of port bits:              4
   Number of memories:               0
   Number of memory bits:            0
   Number of processes:              0
   Number of cells:                  1
     $adff_2                         1

=== sync$croc_chip.i_croc_soc.i_ext_intr_sync ===

   Number of wires:                  5
   Number of wire bits:              6
   Number of public wires:           5
   Number of public wire bits:       6
   Number of ports:                  4
   Number of port bits:              4
   Number of memories:               0
   Number of memory bits:            0
   Number of processes:              0
   Number of cells:                  1
     $adff_2                         1

=== tc_clk_inverter$croc_chip.i_croc_soc.i_croc.i_dmi_jtag.i_dmi_jtag_tap.i_tck_inv ===

   Number of wires:                  2
   Number of wire bits:              2
   Number of public wires:           2
   Number of public wire bits:       2
   Number of ports:                  2
   Number of port bits:              2
   Number of memories:               0
   Number of memory bits:            0
   Number of processes:              0
   Number of cells:                  1
     sg13g2_inv_1                    1

=== tc_clk_mux2$croc_chip.i_croc_soc.i_croc.i_dmi_jtag.i_dmi_jtag_tap.i_dft_tck_mux ===

   Number of wires:                  4
   Number of wire bits:              4
   Number of public wires:           4
   Number of public wire bits:       4
   Number of ports:                  4
   Number of port bits:              4
   Number of memories:               0
   Number of memory bits:            0
   Number of processes:              0
   Number of cells:                  1
     sg13g2_mux2_1                   1

=== tc_clk_mux2$croc_chip.i_croc_soc.i_rstgen.i_rstgen_bypass.i_tc_clk_mux2_init_no ===

   Number of wires:                  4
   Number of wire bits:              4
   Number of public wires:           4
   Number of public wire bits:       4
   Number of ports:                  4
   Number of port bits:              4
   Number of memories:               0
   Number of memory bits:            0
   Number of processes:              0
   Number of cells:                  1
     sg13g2_mux2_1                   1

=== tc_clk_mux2$croc_chip.i_croc_soc.i_rstgen.i_rstgen_bypass.i_tc_clk_mux2_rst_n ===

   Number of wires:                  4
   Number of wire bits:              4
   Number of public wires:           4
   Number of public wire bits:       4
   Number of ports:                  4
   Number of port bits:              4
   Number of memories:               0
   Number of memory bits:            0
   Number of processes:              0
   Number of cells:                  1
     sg13g2_mux2_1                   1

=== tc_clk_mux2$croc_chip.i_croc_soc.i_rstgen.i_rstgen_bypass.i_tc_clk_mux2_rst_no ===

   Number of wires:                  4
   Number of wire bits:              4
   Number of public wires:           4
   Number of public wire bits:       4
   Number of ports:                  4
   Number of port bits:              4
   Number of memories:               0
   Number of memory bits:            0
   Number of processes:              0
   Number of cells:                  1
     sg13g2_mux2_1                   1

=== tc_sram_impl$croc_chip.i_croc_soc.i_croc.gen_sram_bank[0].i_sram ===

   Number of wires:                 16
   Number of wire bits:            215
   Number of public wires:          13
   Number of public wire bits:     212
   Number of ports:                 10
   Number of port bits:             83
   Number of memories:               0
   Number of memory bits:            0
   Number of processes:              0
   Number of cells:                 45
     $adffe_1                        1
     $and_1                          9
     $mux_1                         32
     $not_1                          2
     RM_IHPSG13_1P_256x64_c2_bm_bist      1

=== tc_sram_impl$croc_chip.i_croc_soc.i_croc.gen_sram_bank[1].i_sram ===

   Number of wires:                 16
   Number of wire bits:            215
   Number of public wires:          13
   Number of public wire bits:     212
   Number of ports:                 10
   Number of port bits:             83
   Number of memories:               0
   Number of memory bits:            0
   Number of processes:              0
   Number of cells:                 45
     $adffe_1                        1
     $and_1                          9
     $mux_1                         32
     $not_1                          2
     RM_IHPSG13_1P_256x64_c2_bm_bist      1

=== timer_unit$croc_chip.i_croc_soc.i_croc.i_timer ===

   Number of wires:                147
   Number of wire bits:            683
   Number of public wires:          53
   Number of public wire bits:     434
   Number of ports:                 19
   Number of port bits:            121
   Number of memories:               0
   Number of memory bits:            0
   Number of processes:              0
   Number of cells:                138
     $adff_1                         6
     $adff_3                         2
     $adff_32                        1
     $adff_4                         1
     $adffe_1                        2
     $adffe_28                       2
     $adffe_32                       2
     $and_1                         15
     $eq_32                          1
     $eq_6                          14
     $logic_and_1                   22
     $logic_not_6                    2
     $mux_1                         27
     $mux_32                         5
     $ne_3                           2
     $not_1                          8
     $or_1                          13
     $pmux_32                        1
     $reduce_and_2                   6
     $reduce_bool_2                  2
     timer_unit_counter$croc_chip.i_croc_soc.i_croc.i_timer.counter_hi_i      1
     timer_unit_counter$croc_chip.i_croc_soc.i_croc.i_timer.counter_lo_i      1
     timer_unit_counter_presc$croc_chip.i_croc_soc.i_croc.i_timer.prescaler_hi_i      1
     timer_unit_counter_presc$croc_chip.i_croc_soc.i_croc.i_timer.prescaler_lo_i      1

=== timer_unit_counter$croc_chip.i_croc_soc.i_croc.i_timer.counter_hi_i ===

   Number of wires:                 14
   Number of wire bits:            231
   Number of public wires:          10
   Number of public wire bits:     134
   Number of ports:                  9
   Number of port bits:            102
   Number of memories:               0
   Number of memory bits:            0
   Number of processes:              0
   Number of cells:                  7
     $add_32                         1
     $adff_1                         1
     $adff_32                        1
     $eq_32                          1
     $mux_32                         3

=== timer_unit_counter$croc_chip.i_croc_soc.i_croc.i_timer.counter_lo_i ===

   Number of wires:                 14
   Number of wire bits:            231
   Number of public wires:          10
   Number of public wire bits:     134
   Number of ports:                  9
   Number of port bits:            102
   Number of memories:               0
   Number of memory bits:            0
   Number of processes:              0
   Number of cells:                  7
     $add_32                         1
     $adff_1                         1
     $adff_32                        1
     $eq_32                          1
     $mux_32                         3

=== timer_unit_counter_presc$croc_chip.i_croc_soc.i_croc.i_timer.prescaler_hi_i ===

   Number of wires:                 15
   Number of wire bits:            232
   Number of public wires:          10
   Number of public wire bits:     134
   Number of ports:                  9
   Number of port bits:            102
   Number of memories:               0
   Number of memory bits:            0
   Number of processes:              0
   Number of cells:                  8
     $add_32                         1
     $adff_1                         1
     $adff_32                        1
     $eq_32                          1
     $logic_or_1                     1
     $mux_32                         3

=== timer_unit_counter_presc$croc_chip.i_croc_soc.i_croc.i_timer.prescaler_lo_i ===

   Number of wires:                 15
   Number of wire bits:            232
   Number of public wires:          10
   Number of public wire bits:     134
   Number of ports:                  9
   Number of port bits:            102
   Number of memories:               0
   Number of memory bits:            0
   Number of processes:              0
   Number of cells:                  8
     $add_32                         1
     $adff_1                         1
     $adff_32                        1
     $eq_32                          1
     $logic_or_1                     1
     $mux_32                         3

=== user_domain$croc_chip.i_croc_soc.i_user ===

   Number of wires:                 14
   Number of wire bits:            495
   Number of public wires:          14
   Number of public wire bits:     495
   Number of ports:                 10
   Number of port bits:            264
   Number of memories:               0
   Number of memory bits:            0
   Number of processes:              0
   Number of cells:                  4
     addr_decode$croc_chip.i_croc_soc.i_user.i_addr_decode_periphs      1
     obi_demux$croc_chip.i_croc_soc.i_user.i_obi_demux      1
     obi_err_sbr$croc_chip.i_croc_soc.i_user.i_user_err      1
     user_rom$croc_chip.i_croc_soc.i_user.i_user_rom      1

=== user_rom$croc_chip.i_croc_soc.i_user.i_user_rom ===

   Number of wires:                 14
   Number of wire bits:            295
   Number of public wires:           9
   Number of public wire bits:     156
   Number of ports:                  4
   Number of port bits:            117
   Number of memories:               0
   Number of memory bits:            0
   Number of processes:              0
   Number of cells:                 11
     $adff_1                         2
     $adff_32                        1
     $adff_4                         1
     $and_1                          1
     $mux_2                          1
     $mux_7                          4
     $not_1                          1

=== design hierarchy ===

   croc_chip                         1
     croc_soc$croc_chip.i_croc_soc      1
       croc_domain$croc_chip.i_croc_soc.i_croc      1
         addr_decode$croc_chip.i_croc_soc.i_croc.i_addr_decode_periphs      1
           addr_decode_dync$croc_chip.i_croc_soc.i_croc.i_addr_decode_periphs.i_addr_decode_dync      1
         core_wrap$croc_chip.i_croc_soc.i_croc.i_core_wrap      1
           cve2_core$croc_chip.i_croc_soc.i_croc.i_core_wrap.i_ibex      1
             cve2_cs_registers$croc_chip.i_croc_soc.i_croc.i_core_wrap.i_ibex.cs_registers_i      1
               cve2_counter$croc_chip.i_croc_soc.i_croc.i_core_wrap.i_ibex.cs_registers_i.mcycle_counter_i      1
               cve2_counter$croc_chip.i_croc_soc.i_croc.i_core_wrap.i_ibex.cs_registers_i.minstret_counter_i      1
               cve2_csr$croc_chip.i_croc_soc.i_croc.i_core_wrap.i_ibex.cs_registers_i.gen_trigger_regs.g_dbg_tmatch_reg[0].u_tmatch_control_csr      1
               cve2_csr$croc_chip.i_croc_soc.i_croc.i_core_wrap.i_ibex.cs_registers_i.gen_trigger_regs.g_dbg_tmatch_reg[0].u_tmatch_value_csr      1
               cve2_csr$croc_chip.i_croc_soc.i_croc.i_core_wrap.i_ibex.cs_registers_i.gen_trigger_regs.u_tselect_csr      1
               cve2_csr$croc_chip.i_croc_soc.i_croc.i_core_wrap.i_ibex.cs_registers_i.u_dcsr_csr      1
               cve2_csr$croc_chip.i_croc_soc.i_croc.i_core_wrap.i_ibex.cs_registers_i.u_depc_csr      1
               cve2_csr$croc_chip.i_croc_soc.i_croc.i_core_wrap.i_ibex.cs_registers_i.u_dscratch0_csr      1
               cve2_csr$croc_chip.i_croc_soc.i_croc.i_core_wrap.i_ibex.cs_registers_i.u_dscratch1_csr      1
               cve2_csr$croc_chip.i_croc_soc.i_croc.i_core_wrap.i_ibex.cs_registers_i.u_mcause_csr      1
               cve2_csr$croc_chip.i_croc_soc.i_croc.i_core_wrap.i_ibex.cs_registers_i.u_mepc_csr      1
               cve2_csr$croc_chip.i_croc_soc.i_croc.i_core_wrap.i_ibex.cs_registers_i.u_mie_csr      1
               cve2_csr$croc_chip.i_croc_soc.i_croc.i_core_wrap.i_ibex.cs_registers_i.u_mscratch_csr      1
               cve2_csr$croc_chip.i_croc_soc.i_croc.i_core_wrap.i_ibex.cs_registers_i.u_mstack_cause_csr      1
               cve2_csr$croc_chip.i_croc_soc.i_croc.i_core_wrap.i_ibex.cs_registers_i.u_mstack_csr      1
               cve2_csr$croc_chip.i_croc_soc.i_croc.i_core_wrap.i_ibex.cs_registers_i.u_mstack_epc_csr      1
               cve2_csr$croc_chip.i_croc_soc.i_croc.i_core_wrap.i_ibex.cs_registers_i.u_mstatus_csr      1
               cve2_csr$croc_chip.i_croc_soc.i_croc.i_core_wrap.i_ibex.cs_registers_i.u_mtval_csr      1
               cve2_csr$croc_chip.i_croc_soc.i_croc.i_core_wrap.i_ibex.cs_registers_i.u_mtvec_csr      1
             cve2_ex_block$croc_chip.i_croc_soc.i_croc.i_core_wrap.i_ibex.ex_block_i      1
               cve2_alu$croc_chip.i_croc_soc.i_croc.i_core_wrap.i_ibex.ex_block_i.alu_i      1
             cve2_id_stage$croc_chip.i_croc_soc.i_croc.i_core_wrap.i_ibex.id_stage_i      1
               cve2_controller$croc_chip.i_croc_soc.i_croc.i_core_wrap.i_ibex.id_stage_i.controller_i      1
               cve2_decoder$croc_chip.i_croc_soc.i_croc.i_core_wrap.i_ibex.id_stage_i.decoder_i      1
             cve2_if_stage$croc_chip.i_croc_soc.i_croc.i_core_wrap.i_ibex.if_stage_i      1
               cve2_compressed_decoder$croc_chip.i_croc_soc.i_croc.i_core_wrap.i_ibex.if_stage_i.compressed_decoder_i      1
               cve2_prefetch_buffer$croc_chip.i_croc_soc.i_croc.i_core_wrap.i_ibex.if_stage_i.prefetch_buffer_i      1
                 cve2_fetch_fifo$croc_chip.i_croc_soc.i_croc.i_core_wrap.i_ibex.if_stage_i.prefetch_buffer_i.fifo_i      1
             cve2_load_store_unit$croc_chip.i_croc_soc.i_croc.i_core_wrap.i_ibex.load_store_unit_i      1
             cve2_register_file_ff$croc_chip.i_croc_soc.i_croc.i_core_wrap.i_ibex.register_file_i      1
             cve2_wb$croc_chip.i_croc_soc.i_croc.i_core_wrap.i_ibex.wb_i      1
         dm_obi_top$croc_chip.i_croc_soc.i_croc.i_dm_top      1
           dm_top$croc_chip.i_croc_soc.i_croc.i_dm_top.i_dm_top      1
             dm_csrs$croc_chip.i_croc_soc.i_croc.i_dm_top.i_dm_top.i_dm_csrs      1
               fifo_v3$croc_chip.i_croc_soc.i_croc.i_dm_top.i_dm_top.i_dm_csrs.i_fifo      1
             dm_mem$croc_chip.i_croc_soc.i_croc.i_dm_top.i_dm_top.i_dm_mem      1
               debug_rom$croc_chip.i_croc_soc.i_croc.i_dm_top.i_dm_top.i_dm_mem.gen_rom_snd_scratch.i_debug_rom      1
             dm_sba$croc_chip.i_croc_soc.i_croc.i_dm_top.i_dm_top.i_dm_sba      1
         dma$croc_chip.i_croc_soc.i_croc.i_dma      1
           dma_fifo_buffer$croc_chip.i_croc_soc.i_croc.i_dma.i_dma_fifo_buffer      1
           dma_interrupt_handler$croc_chip.i_croc_soc.i_croc.i_dma.i_dma_interupt_handler      1
         dmi_jtag$croc_chip.i_croc_soc.i_croc.i_dmi_jtag      1
           dmi_cdc$croc_chip.i_croc_soc.i_croc.i_dmi_jtag.i_dmi_cdc      1
             cdc_2phase_clearable$croc_chip.i_croc_soc.i_croc.i_dmi_jtag.i_dmi_cdc.i_cdc_req      1
               cdc_2phase_dst_clearable$croc_chip.i_croc_soc.i_croc.i_dmi_jtag.i_dmi_cdc.i_cdc_req.i_dst      1
                 sync$croc_chip.i_croc_soc.i_croc.i_dmi_jtag.i_dmi_cdc.i_cdc_req.i_dst.i_sync      1
               cdc_2phase_src_clearable$croc_chip.i_croc_soc.i_croc.i_dmi_jtag.i_dmi_cdc.i_cdc_req.i_src      1
                 sync$croc_chip.i_croc_soc.i_croc.i_dmi_jtag.i_dmi_cdc.i_cdc_req.i_src.i_sync      1
               cdc_reset_ctrlr$croc_chip.i_croc_soc.i_croc.i_dmi_jtag.i_dmi_cdc.i_cdc_req.i_cdc_reset_ctrlr      1
                 cdc_reset_ctrlr_half$croc_chip.i_croc_soc.i_croc.i_dmi_jtag.i_dmi_cdc.i_cdc_req.i_cdc_reset_ctrlr.i_cdc_reset_ctrlr_half_a      1
                   cdc_4phase_dst$croc_chip.i_croc_soc.i_croc.i_dmi_jtag.i_dmi_cdc.i_cdc_req.i_cdc_reset_ctrlr.i_cdc_reset_ctrlr_half_a.i_state_transition_cdc_dst      1
                     sync$croc_chip.i_croc_soc.i_croc.i_dmi_jtag.i_dmi_cdc.i_cdc_req.i_cdc_reset_ctrlr.i_cdc_reset_ctrlr_half_a.i_state_transition_cdc_dst.i_sync      1
                   cdc_4phase_src$croc_chip.i_croc_soc.i_croc.i_dmi_jtag.i_dmi_cdc.i_cdc_req.i_cdc_reset_ctrlr.i_cdc_reset_ctrlr_half_a.i_state_transition_cdc_src      1
                     sync$croc_chip.i_croc_soc.i_croc.i_dmi_jtag.i_dmi_cdc.i_cdc_req.i_cdc_reset_ctrlr.i_cdc_reset_ctrlr_half_a.i_state_transition_cdc_src.i_sync      1
                 cdc_reset_ctrlr_half$croc_chip.i_croc_soc.i_croc.i_dmi_jtag.i_dmi_cdc.i_cdc_req.i_cdc_reset_ctrlr.i_cdc_reset_ctrlr_half_b      1
                   cdc_4phase_dst$croc_chip.i_croc_soc.i_croc.i_dmi_jtag.i_dmi_cdc.i_cdc_req.i_cdc_reset_ctrlr.i_cdc_reset_ctrlr_half_b.i_state_transition_cdc_dst      1
                     sync$croc_chip.i_croc_soc.i_croc.i_dmi_jtag.i_dmi_cdc.i_cdc_req.i_cdc_reset_ctrlr.i_cdc_reset_ctrlr_half_b.i_state_transition_cdc_dst.i_sync      1
                   cdc_4phase_src$croc_chip.i_croc_soc.i_croc.i_dmi_jtag.i_dmi_cdc.i_cdc_req.i_cdc_reset_ctrlr.i_cdc_reset_ctrlr_half_b.i_state_transition_cdc_src      1
                     sync$croc_chip.i_croc_soc.i_croc.i_dmi_jtag.i_dmi_cdc.i_cdc_req.i_cdc_reset_ctrlr.i_cdc_reset_ctrlr_half_b.i_state_transition_cdc_src.i_sync      1
             cdc_2phase_clearable$croc_chip.i_croc_soc.i_croc.i_dmi_jtag.i_dmi_cdc.i_cdc_resp      1
               cdc_2phase_dst_clearable$croc_chip.i_croc_soc.i_croc.i_dmi_jtag.i_dmi_cdc.i_cdc_resp.i_dst      1
                 sync$croc_chip.i_croc_soc.i_croc.i_dmi_jtag.i_dmi_cdc.i_cdc_resp.i_dst.i_sync      1
               cdc_2phase_src_clearable$croc_chip.i_croc_soc.i_croc.i_dmi_jtag.i_dmi_cdc.i_cdc_resp.i_src      1
                 sync$croc_chip.i_croc_soc.i_croc.i_dmi_jtag.i_dmi_cdc.i_cdc_resp.i_src.i_sync      1
               cdc_reset_ctrlr$croc_chip.i_croc_soc.i_croc.i_dmi_jtag.i_dmi_cdc.i_cdc_resp.i_cdc_reset_ctrlr      1
                 cdc_reset_ctrlr_half$croc_chip.i_croc_soc.i_croc.i_dmi_jtag.i_dmi_cdc.i_cdc_resp.i_cdc_reset_ctrlr.i_cdc_reset_ctrlr_half_a      1
                   cdc_4phase_dst$croc_chip.i_croc_soc.i_croc.i_dmi_jtag.i_dmi_cdc.i_cdc_resp.i_cdc_reset_ctrlr.i_cdc_reset_ctrlr_half_a.i_state_transition_cdc_dst      1
                     sync$croc_chip.i_croc_soc.i_croc.i_dmi_jtag.i_dmi_cdc.i_cdc_resp.i_cdc_reset_ctrlr.i_cdc_reset_ctrlr_half_a.i_state_transition_cdc_dst.i_sync      1
                   cdc_4phase_src$croc_chip.i_croc_soc.i_croc.i_dmi_jtag.i_dmi_cdc.i_cdc_resp.i_cdc_reset_ctrlr.i_cdc_reset_ctrlr_half_a.i_state_transition_cdc_src      1
                     sync$croc_chip.i_croc_soc.i_croc.i_dmi_jtag.i_dmi_cdc.i_cdc_resp.i_cdc_reset_ctrlr.i_cdc_reset_ctrlr_half_a.i_state_transition_cdc_src.i_sync      1
                 cdc_reset_ctrlr_half$croc_chip.i_croc_soc.i_croc.i_dmi_jtag.i_dmi_cdc.i_cdc_resp.i_cdc_reset_ctrlr.i_cdc_reset_ctrlr_half_b      1
                   cdc_4phase_dst$croc_chip.i_croc_soc.i_croc.i_dmi_jtag.i_dmi_cdc.i_cdc_resp.i_cdc_reset_ctrlr.i_cdc_reset_ctrlr_half_b.i_state_transition_cdc_dst      1
                     sync$croc_chip.i_croc_soc.i_croc.i_dmi_jtag.i_dmi_cdc.i_cdc_resp.i_cdc_reset_ctrlr.i_cdc_reset_ctrlr_half_b.i_state_transition_cdc_dst.i_sync      1
                   cdc_4phase_src$croc_chip.i_croc_soc.i_croc.i_dmi_jtag.i_dmi_cdc.i_cdc_resp.i_cdc_reset_ctrlr.i_cdc_reset_ctrlr_half_b.i_state_transition_cdc_src      1
                     sync$croc_chip.i_croc_soc.i_croc.i_dmi_jtag.i_dmi_cdc.i_cdc_resp.i_cdc_reset_ctrlr.i_cdc_reset_ctrlr_half_b.i_state_transition_cdc_src.i_sync      1
           dmi_jtag_tap$croc_chip.i_croc_soc.i_croc.i_dmi_jtag.i_dmi_jtag_tap      1
             tc_clk_inverter$croc_chip.i_croc_soc.i_croc.i_dmi_jtag.i_dmi_jtag_tap.i_tck_inv      1
             tc_clk_mux2$croc_chip.i_croc_soc.i_croc.i_dmi_jtag.i_dmi_jtag_tap.i_dft_tck_mux      1
         gpio$croc_chip.i_croc_soc.i_croc.i_gpio      1
           gpio_reg_top$croc_chip.i_croc_soc.i_croc.i_gpio.i_reg_file      1
           sync$croc_chip.i_croc_soc.i_croc.i_gpio.gen_gpios[0].i_sync      1
           sync$croc_chip.i_croc_soc.i_croc.i_gpio.gen_gpios[10].i_sync      1
           sync$croc_chip.i_croc_soc.i_croc.i_gpio.gen_gpios[11].i_sync      1
           sync$croc_chip.i_croc_soc.i_croc.i_gpio.gen_gpios[12].i_sync      1
           sync$croc_chip.i_croc_soc.i_croc.i_gpio.gen_gpios[13].i_sync      1
           sync$croc_chip.i_croc_soc.i_croc.i_gpio.gen_gpios[14].i_sync      1
           sync$croc_chip.i_croc_soc.i_croc.i_gpio.gen_gpios[15].i_sync      1
           sync$croc_chip.i_croc_soc.i_croc.i_gpio.gen_gpios[16].i_sync      1
           sync$croc_chip.i_croc_soc.i_croc.i_gpio.gen_gpios[17].i_sync      1
           sync$croc_chip.i_croc_soc.i_croc.i_gpio.gen_gpios[18].i_sync      1
           sync$croc_chip.i_croc_soc.i_croc.i_gpio.gen_gpios[19].i_sync      1
           sync$croc_chip.i_croc_soc.i_croc.i_gpio.gen_gpios[1].i_sync      1
           sync$croc_chip.i_croc_soc.i_croc.i_gpio.gen_gpios[20].i_sync      1
           sync$croc_chip.i_croc_soc.i_croc.i_gpio.gen_gpios[21].i_sync      1
           sync$croc_chip.i_croc_soc.i_croc.i_gpio.gen_gpios[22].i_sync      1
           sync$croc_chip.i_croc_soc.i_croc.i_gpio.gen_gpios[23].i_sync      1
           sync$croc_chip.i_croc_soc.i_croc.i_gpio.gen_gpios[24].i_sync      1
           sync$croc_chip.i_croc_soc.i_croc.i_gpio.gen_gpios[25].i_sync      1
           sync$croc_chip.i_croc_soc.i_croc.i_gpio.gen_gpios[26].i_sync      1
           sync$croc_chip.i_croc_soc.i_croc.i_gpio.gen_gpios[27].i_sync      1
           sync$croc_chip.i_croc_soc.i_croc.i_gpio.gen_gpios[28].i_sync      1
           sync$croc_chip.i_croc_soc.i_croc.i_gpio.gen_gpios[29].i_sync      1
           sync$croc_chip.i_croc_soc.i_croc.i_gpio.gen_gpios[2].i_sync      1
           sync$croc_chip.i_croc_soc.i_croc.i_gpio.gen_gpios[30].i_sync      1
           sync$croc_chip.i_croc_soc.i_croc.i_gpio.gen_gpios[31].i_sync      1
           sync$croc_chip.i_croc_soc.i_croc.i_gpio.gen_gpios[3].i_sync      1
           sync$croc_chip.i_croc_soc.i_croc.i_gpio.gen_gpios[4].i_sync      1
           sync$croc_chip.i_croc_soc.i_croc.i_gpio.gen_gpios[5].i_sync      1
           sync$croc_chip.i_croc_soc.i_croc.i_gpio.gen_gpios[6].i_sync      1
           sync$croc_chip.i_croc_soc.i_croc.i_gpio.gen_gpios[7].i_sync      1
           sync$croc_chip.i_croc_soc.i_croc.i_gpio.gen_gpios[8].i_sync      1
           sync$croc_chip.i_croc_soc.i_croc.i_gpio.gen_gpios[9].i_sync      1
         obi_demux$croc_chip.i_croc_soc.i_croc.i_obi_demux      1
           delta_counter$croc_chip.i_croc_soc.i_croc.i_obi_demux.i_counter      1
         obi_err_sbr$croc_chip.i_croc_soc.i_croc.i_periph_err      1
           fifo_v3$croc_chip.i_croc_soc.i_croc.i_periph_err.i_id_fifo      1
         obi_err_sbr$croc_chip.i_croc_soc.i_croc.i_xbar_err      1
           fifo_v3$croc_chip.i_croc_soc.i_croc.i_xbar_err.i_id_fifo      1
         obi_sram_shim$croc_chip.i_croc_soc.i_croc.gen_sram_bank[0].i_sram_shim      1
         obi_sram_shim$croc_chip.i_croc_soc.i_croc.gen_sram_bank[1].i_sram_shim      1
         obi_uart$croc_chip.i_croc_soc.i_croc.i_uart      1
           obi_uart_baudgen$croc_chip.i_croc_soc.i_croc.i_uart.i_uart_baudgen      1
             counter$croc_chip.i_croc_soc.i_croc.i_uart.i_uart_baudgen.i_baudrate_counter      1
               delta_counter$croc_chip.i_croc_soc.i_croc.i_uart.i_uart_baudgen.i_baudrate_counter.i_counter      1
             counter$croc_chip.i_croc_soc.i_croc.i_uart.i_uart_baudgen.i_oversample_counter      1
               delta_counter$croc_chip.i_croc_soc.i_croc.i_uart.i_uart_baudgen.i_oversample_counter.i_counter      1
           obi_uart_interrupts$croc_chip.i_croc_soc.i_croc.i_uart.i_uart_interrupts      1
           obi_uart_modem$croc_chip.i_croc_soc.i_croc.i_uart.i_uart_modem      1
             sync$croc_chip.i_croc_soc.i_croc.i_uart.i_uart_modem.i_sync_cd      1
             sync$croc_chip.i_croc_soc.i_croc.i_uart.i_uart_modem.i_sync_cts      1
             sync$croc_chip.i_croc_soc.i_croc.i_uart.i_uart_modem.i_sync_dsr      1
             sync$croc_chip.i_croc_soc.i_croc.i_uart.i_uart_modem.i_sync_ri      1
           obi_uart_register$croc_chip.i_croc_soc.i_croc.i_uart.i_uart_register      1
           obi_uart_rx$croc_chip.i_croc_soc.i_croc.i_uart.i_uart_rx      1
             counter$croc_chip.i_croc_soc.i_croc.i_uart.i_uart_rx.i_counter      1
               delta_counter$croc_chip.i_croc_soc.i_croc.i_uart.i_uart_rx.i_counter.i_counter      1
             fifo_v3$croc_chip.i_croc_soc.i_croc.i_uart.i_uart_rx.i_fifo_v3      1
             sync$croc_chip.i_croc_soc.i_croc.i_uart.i_uart_rx.i_sync      1
           obi_uart_tx$croc_chip.i_croc_soc.i_croc.i_uart.i_uart_tx      1
             fifo_v3$croc_chip.i_croc_soc.i_croc.i_uart.i_uart_tx.i_fifo_v3      1
         obi_xbar$croc_chip.i_croc_soc.i_croc.i_main_xbar      1
           addr_decode$croc_chip.i_croc_soc.i_croc.i_main_xbar.gen_demux[0].i_addr_decode      1
             addr_decode_dync$croc_chip.i_croc_soc.i_croc.i_main_xbar.gen_demux[0].i_addr_decode.i_addr_decode_dync      1
           addr_decode$croc_chip.i_croc_soc.i_croc.i_main_xbar.gen_demux[1].i_addr_decode      1
             addr_decode_dync$croc_chip.i_croc_soc.i_croc.i_main_xbar.gen_demux[1].i_addr_decode.i_addr_decode_dync      1
           addr_decode$croc_chip.i_croc_soc.i_croc.i_main_xbar.gen_demux[2].i_addr_decode      1
             addr_decode_dync$croc_chip.i_croc_soc.i_croc.i_main_xbar.gen_demux[2].i_addr_decode.i_addr_decode_dync      1
           addr_decode$croc_chip.i_croc_soc.i_croc.i_main_xbar.gen_demux[3].i_addr_decode      1
             addr_decode_dync$croc_chip.i_croc_soc.i_croc.i_main_xbar.gen_demux[3].i_addr_decode.i_addr_decode_dync      1
           addr_decode$croc_chip.i_croc_soc.i_croc.i_main_xbar.gen_demux[4].i_addr_decode      1
             addr_decode_dync$croc_chip.i_croc_soc.i_croc.i_main_xbar.gen_demux[4].i_addr_decode.i_addr_decode_dync      1
           addr_decode$croc_chip.i_croc_soc.i_croc.i_main_xbar.gen_demux[5].i_addr_decode      1
             addr_decode_dync$croc_chip.i_croc_soc.i_croc.i_main_xbar.gen_demux[5].i_addr_decode.i_addr_decode_dync      1
           obi_demux$croc_chip.i_croc_soc.i_croc.i_main_xbar.gen_demux[0].i_demux      1
             delta_counter$croc_chip.i_croc_soc.i_croc.i_main_xbar.gen_demux[0].i_demux.i_counter      1
           obi_demux$croc_chip.i_croc_soc.i_croc.i_main_xbar.gen_demux[1].i_demux      1
             delta_counter$croc_chip.i_croc_soc.i_croc.i_main_xbar.gen_demux[1].i_demux.i_counter      1
           obi_demux$croc_chip.i_croc_soc.i_croc.i_main_xbar.gen_demux[2].i_demux      1
             delta_counter$croc_chip.i_croc_soc.i_croc.i_main_xbar.gen_demux[2].i_demux.i_counter      1
           obi_demux$croc_chip.i_croc_soc.i_croc.i_main_xbar.gen_demux[3].i_demux      1
             delta_counter$croc_chip.i_croc_soc.i_croc.i_main_xbar.gen_demux[3].i_demux.i_counter      1
           obi_demux$croc_chip.i_croc_soc.i_croc.i_main_xbar.gen_demux[4].i_demux      1
             delta_counter$croc_chip.i_croc_soc.i_croc.i_main_xbar.gen_demux[4].i_demux.i_counter      1
           obi_demux$croc_chip.i_croc_soc.i_croc.i_main_xbar.gen_demux[5].i_demux      1
             delta_counter$croc_chip.i_croc_soc.i_croc.i_main_xbar.gen_demux[5].i_demux.i_counter      1
           obi_mux$croc_chip.i_croc_soc.i_croc.i_main_xbar.gen_mux[0].i_mux      1
             fifo_v3$croc_chip.i_croc_soc.i_croc.i_main_xbar.gen_mux[0].i_mux.gen_no_id_assign.i_fifo      1
             rr_arb_tree$croc_chip.i_croc_soc.i_croc.i_main_xbar.gen_mux[0].i_mux.i_rr_arb      1
               lzc$croc_chip.i_croc_soc.i_croc.i_main_xbar.gen_mux[0].i_mux.i_rr_arb.gen_arbiter.gen_int_rr.gen_fair_arb.i_lzc_lower      1
               lzc$croc_chip.i_croc_soc.i_croc.i_main_xbar.gen_mux[0].i_mux.i_rr_arb.gen_arbiter.gen_int_rr.gen_fair_arb.i_lzc_upper      1
           obi_mux$croc_chip.i_croc_soc.i_croc.i_main_xbar.gen_mux[1].i_mux      1
             fifo_v3$croc_chip.i_croc_soc.i_croc.i_main_xbar.gen_mux[1].i_mux.gen_no_id_assign.i_fifo      1
             rr_arb_tree$croc_chip.i_croc_soc.i_croc.i_main_xbar.gen_mux[1].i_mux.i_rr_arb      1
               lzc$croc_chip.i_croc_soc.i_croc.i_main_xbar.gen_mux[1].i_mux.i_rr_arb.gen_arbiter.gen_int_rr.gen_fair_arb.i_lzc_lower      1
               lzc$croc_chip.i_croc_soc.i_croc.i_main_xbar.gen_mux[1].i_mux.i_rr_arb.gen_arbiter.gen_int_rr.gen_fair_arb.i_lzc_upper      1
           obi_mux$croc_chip.i_croc_soc.i_croc.i_main_xbar.gen_mux[2].i_mux      1
             fifo_v3$croc_chip.i_croc_soc.i_croc.i_main_xbar.gen_mux[2].i_mux.gen_no_id_assign.i_fifo      1
             rr_arb_tree$croc_chip.i_croc_soc.i_croc.i_main_xbar.gen_mux[2].i_mux.i_rr_arb      1
               lzc$croc_chip.i_croc_soc.i_croc.i_main_xbar.gen_mux[2].i_mux.i_rr_arb.gen_arbiter.gen_int_rr.gen_fair_arb.i_lzc_lower      1
               lzc$croc_chip.i_croc_soc.i_croc.i_main_xbar.gen_mux[2].i_mux.i_rr_arb.gen_arbiter.gen_int_rr.gen_fair_arb.i_lzc_upper      1
           obi_mux$croc_chip.i_croc_soc.i_croc.i_main_xbar.gen_mux[3].i_mux      1
             fifo_v3$croc_chip.i_croc_soc.i_croc.i_main_xbar.gen_mux[3].i_mux.gen_no_id_assign.i_fifo      1
             rr_arb_tree$croc_chip.i_croc_soc.i_croc.i_main_xbar.gen_mux[3].i_mux.i_rr_arb      1
               lzc$croc_chip.i_croc_soc.i_croc.i_main_xbar.gen_mux[3].i_mux.i_rr_arb.gen_arbiter.gen_int_rr.gen_fair_arb.i_lzc_lower      1
               lzc$croc_chip.i_croc_soc.i_croc.i_main_xbar.gen_mux[3].i_mux.i_rr_arb.gen_arbiter.gen_int_rr.gen_fair_arb.i_lzc_upper      1
           obi_mux$croc_chip.i_croc_soc.i_croc.i_main_xbar.gen_mux[4].i_mux      1
             fifo_v3$croc_chip.i_croc_soc.i_croc.i_main_xbar.gen_mux[4].i_mux.gen_no_id_assign.i_fifo      1
             rr_arb_tree$croc_chip.i_croc_soc.i_croc.i_main_xbar.gen_mux[4].i_mux.i_rr_arb      1
               lzc$croc_chip.i_croc_soc.i_croc.i_main_xbar.gen_mux[4].i_mux.i_rr_arb.gen_arbiter.gen_int_rr.gen_fair_arb.i_lzc_lower      1
               lzc$croc_chip.i_croc_soc.i_croc.i_main_xbar.gen_mux[4].i_mux.i_rr_arb.gen_arbiter.gen_int_rr.gen_fair_arb.i_lzc_upper      1
           obi_mux$croc_chip.i_croc_soc.i_croc.i_main_xbar.gen_mux[5].i_mux      1
             fifo_v3$croc_chip.i_croc_soc.i_croc.i_main_xbar.gen_mux[5].i_mux.gen_no_id_assign.i_fifo      1
             rr_arb_tree$croc_chip.i_croc_soc.i_croc.i_main_xbar.gen_mux[5].i_mux.i_rr_arb      1
               lzc$croc_chip.i_croc_soc.i_croc.i_main_xbar.gen_mux[5].i_mux.i_rr_arb.gen_arbiter.gen_int_rr.gen_fair_arb.i_lzc_lower      1
               lzc$croc_chip.i_croc_soc.i_croc.i_main_xbar.gen_mux[5].i_mux.i_rr_arb.gen_arbiter.gen_int_rr.gen_fair_arb.i_lzc_upper      1
         periph_to_reg$croc_chip.i_croc_soc.i_croc.i_soc_ctrl_translate      1
         soc_ctrl_reg_top$croc_chip.i_croc_soc.i_croc.i_soc_ctrl      1
           prim_subreg$croc_chip.i_croc_soc.i_croc.i_soc_ctrl.u_bootaddr      1
             prim_subreg_arb$croc_chip.i_croc_soc.i_croc.i_soc_ctrl.u_bootaddr.wr_en_data_arb      1
           prim_subreg$croc_chip.i_croc_soc.i_croc.i_soc_ctrl.u_bootmode      1
             prim_subreg_arb$croc_chip.i_croc_soc.i_croc.i_soc_ctrl.u_bootmode.wr_en_data_arb      1
           prim_subreg$croc_chip.i_croc_soc.i_croc.i_soc_ctrl.u_corestatus      1
             prim_subreg_arb$croc_chip.i_croc_soc.i_croc.i_soc_ctrl.u_corestatus.wr_en_data_arb      1
           prim_subreg$croc_chip.i_croc_soc.i_croc.i_soc_ctrl.u_fetchen      1
             prim_subreg_arb$croc_chip.i_croc_soc.i_croc.i_soc_ctrl.u_fetchen.wr_en_data_arb      1
           prim_subreg$croc_chip.i_croc_soc.i_croc.i_soc_ctrl.u_sram_dly      1
             prim_subreg_arb$croc_chip.i_croc_soc.i_croc.i_soc_ctrl.u_sram_dly.wr_en_data_arb      1
         spi$croc_chip.i_croc_soc.i_croc.i_spi      1
           spi_fifo_buffer$croc_chip.i_croc_soc.i_croc.i_spi.i_spi_rx_fifo      1
           spi_fifo_buffer$croc_chip.i_croc_soc.i_croc.i_spi.i_spi_tx_fifo      1
           spi_reg_top$croc_chip.i_croc_soc.i_croc.i_spi.i_reg_file      1
         tc_sram_impl$croc_chip.i_croc_soc.i_croc.gen_sram_bank[0].i_sram      1
         tc_sram_impl$croc_chip.i_croc_soc.i_croc.gen_sram_bank[1].i_sram      1
         timer_unit$croc_chip.i_croc_soc.i_croc.i_timer      1
           timer_unit_counter$croc_chip.i_croc_soc.i_croc.i_timer.counter_hi_i      1
           timer_unit_counter$croc_chip.i_croc_soc.i_croc.i_timer.counter_lo_i      1
           timer_unit_counter_presc$croc_chip.i_croc_soc.i_croc.i_timer.prescaler_hi_i      1
           timer_unit_counter_presc$croc_chip.i_croc_soc.i_croc.i_timer.prescaler_lo_i      1
       rstgen$croc_chip.i_croc_soc.i_rstgen      1
         rstgen_bypass$croc_chip.i_croc_soc.i_rstgen.i_rstgen_bypass      1
           tc_clk_mux2$croc_chip.i_croc_soc.i_rstgen.i_rstgen_bypass.i_tc_clk_mux2_init_no      1
           tc_clk_mux2$croc_chip.i_croc_soc.i_rstgen.i_rstgen_bypass.i_tc_clk_mux2_rst_n      1
           tc_clk_mux2$croc_chip.i_croc_soc.i_rstgen.i_rstgen_bypass.i_tc_clk_mux2_rst_no      1
       sync$croc_chip.i_croc_soc.i_ext_intr_sync      1
       user_domain$croc_chip.i_croc_soc.i_user      1
         addr_decode$croc_chip.i_croc_soc.i_user.i_addr_decode_periphs      1
           addr_decode_dync$croc_chip.i_croc_soc.i_user.i_addr_decode_periphs.i_addr_decode_dync      1
         obi_demux$croc_chip.i_croc_soc.i_user.i_obi_demux      1
           delta_counter$croc_chip.i_croc_soc.i_user.i_obi_demux.i_counter      1
         obi_err_sbr$croc_chip.i_croc_soc.i_user.i_user_err      1
           fifo_v3$croc_chip.i_croc_soc.i_user.i_user_err.i_id_fifo      1
         user_rom$croc_chip.i_croc_soc.i_user.i_user_rom      1

   Number of wires:               7447
   Number of wire bits:         100439
   Number of public wires:        3986
   Number of public wire bits:   66628
   Number of ports:               2311
   Number of port bits:          38821
   Number of memories:               0
   Number of memory bits:            0
   Number of processes:              0
   Number of cells:               6067
     $add_1                         16
     $add_11                         2
     $add_2                          1
     $add_3                          3
     $add_30                         3
     $add_31                         2
     $add_32                        10
     $add_34                         1
     $add_4                         11
     $add_6                          1
     $add_64                         2
     $add_8                          1
     $add_9                          1
     $adff_1                       157
     $adff_10                        2
     $adff_14                        1
     $adff_2                        49
     $adff_3                        11
     $adff_32                       13
     $adff_4                        10
     $adff_41                        1
     $adff_6                         7
     $adff_64                        1
     $adff_8                         5
     $adffe_1                       96
     $adffe_11                      19
     $adffe_16                       1
     $adffe_17                       1
     $adffe_19                       1
     $adffe_2                       49
     $adffe_24                       2
     $adffe_28                       2
     $adffe_3                       35
     $adffe_30                       2
     $adffe_31                       1
     $adffe_32                      79
     $adffe_34                       4
     $adffe_4                       19
     $adffe_5                        9
     $adffe_6                        4
     $adffe_64                       1
     $adffe_7                        3
     $adffe_8                       39
     $aldff_1                        1
     $and_1                        966
     $and_19                         1
     $and_192                        6
     $and_2                          2
     $and_3                          1
     $and_32                        11
     $and_4                          2
     $and_5                          1
     $and_6                         12
     $and_7                          1
     $and_8                          8
     $bmux_11_4                      1
     $bmux_1_3                       1
     $bmux_1_4                       2
     $bmux_32_3                      1
     $bmux_32_5                      2
     $bmux_37_3                     12
     $bmux_40_3                      2
     $bmux_49_3                      1
     $bmux_64_2                      1
     $bmux_64_5                      1
     $bmux_72_3                      6
     $bmux_75_3                      1
     $bmux_8_4                       1
     $bwmux                         38
     $demux_1_1                     11
     $demux_1_2                      1
     $demux_1_3                     15
     $demux_1_4                      2
     $demux_1_5                      1
     $dffe_2                         4
     $dffe_32                        6
     $dffe_7                         2
     $dffe_8                        32
     $eq_1                           5
     $eq_10                         60
     $eq_11                          3
     $eq_12                        157
     $eq_16                          1
     $eq_2                         128
     $eq_3                          87
     $eq_32                          6
     $eq_4                          57
     $eq_5                          54
     $eq_6                          21
     $eq_7                          66
     $eq_8                           1
     $eq_9                           1
     $ge_12                          3
     $ge_3                           1
     $ge_32                         37
     $ge_8                           1
     $gt_2                           1
     $gt_3                          13
     $le_12                          4
     $le_3                          18
     $le_4                           1
     $le_7                           2
     $logic_and_1                  253
     $logic_not_1                   34
     $logic_not_10                   6
     $logic_not_12                   1
     $logic_not_16                   2
     $logic_not_2                   46
     $logic_not_3                   24
     $logic_not_32                  40
     $logic_not_4                    7
     $logic_not_5                    9
     $logic_not_6                    4
     $logic_not_7                    1
     $logic_not_8                    4
     $logic_not_9                    1
     $logic_or_1                    92
     $lt_3                           1
     $lt_32                         37
     $lt_5                           2
     $mux_1                        500
     $mux_10                         2
     $mux_11                         8
     $mux_12                         1
     $mux_150                        2
     $mux_16                         2
     $mux_17                         7
     $mux_18                         3
     $mux_2                        202
     $mux_20                         2
     $mux_24                         2
     $mux_256                        1
     $mux_26                         1
     $mux_27                         1
     $mux_28                         2
     $mux_29                         2
     $mux_3                        166
     $mux_30                         3
     $mux_31                         2
     $mux_32                        88
     $mux_33                         2
     $mux_34                         5
     $mux_4                         45
     $mux_40                         3
     $mux_41                        10
     $mux_43                         1
     $mux_432                       12
     $mux_48                         1
     $mux_49                         1
     $mux_5                         14
     $mux_525                        2
     $mux_54                         2
     $mux_6                         21
     $mux_64                        14
     $mux_7                         11
     $mux_71                        36
     $mux_8                         74
     $mux_9                          2
     $ne_1                           5
     $ne_2                         105
     $ne_3                          41
     $ne_4                          28
     $ne_5                           8
     $ne_6                           3
     $neg_17                         1
     $neg_2                          8
     $neg_33                         1
     $neg_5                          1
     $neg_6                          1
     $not_1                        500
     $not_3                          1
     $not_32                         3
     $not_4                          2
     $not_5                          1
     $or_1                         312
     $or_2                           1
     $or_32                          8
     $or_8                           6
     $pmux_1                        64
     $pmux_17                        1
     $pmux_2                        25
     $pmux_29                        2
     $pmux_3                        11
     $pmux_30                        1
     $pmux_31                        1
     $pmux_32                       22
     $pmux_33                        1
     $pmux_4                        13
     $pmux_5                         3
     $pmux_6                         1
     $pmux_64                        1
     $pmux_7                         2
     $pmux_8                         3
     $pmux_9                         2
     $reduce_and_11                  1
     $reduce_and_2                  49
     $reduce_and_3                  27
     $reduce_and_4                  15
     $reduce_and_5                   5
     $reduce_and_6                   3
     $reduce_and_7                   2
     $reduce_and_9                   4
     $reduce_bool_16                 1
     $reduce_bool_2                 57
     $reduce_bool_20                 1
     $reduce_bool_3                 21
     $reduce_bool_4                 18
     $reduce_bool_5                  5
     $reduce_bool_6                  1
     $reduce_bool_8                  1
     $reduce_or_10                   3
     $reduce_or_13                   1
     $reduce_or_137                  1
     $reduce_or_19                   1
     $reduce_or_2                   59
     $reduce_or_29                   1
     $reduce_or_3                   46
     $reduce_or_31                   2
     $reduce_or_32                   1
     $reduce_or_4                   12
     $reduce_or_5                    8
     $reduce_or_6                   13
     $reduce_or_7                    2
     $reduce_or_8                    6
     $reduce_or_9                    1
     $reduce_xor_8                   2
     $shift_33                       1
     $shiftx_33                      1
     $shl_32                         3
     $shl_4                          2
     $shr_32                         2
     $sshr_33                        1
     $sub_16                         1
     $sub_17                         1
     $sub_2                         21
     $sub_3                          1
     $sub_4                          1
     $sub_5                          6
     $sub_6                          2
     $xor_1                         14
     $xor_32                         1
     RM_IHPSG13_1P_256x64_c2_bm_bist      2
     sg13g2_IOPadIOVdd               4
     sg13g2_IOPadIOVss               4
     sg13g2_IOPadIn                 10
     sg13g2_IOPadInOut30mA          32
     sg13g2_IOPadOut16mA             6
     sg13g2_IOPadVdd                 4
     sg13g2_IOPadVss                 4
     sg13g2_inv_1                    1
     sg13g2_mux2_1                   4

